vns_iter,evento,l,iter_interna,fp,tmax,pen_cap,pen_jan,pen_tsk,tempo_s
0,entrada,0,0,1442.0172,1375.6165,0.0,0.0,0.0,0.0
0,melhoria,1,1,1441.9936,1375.6165,0.0,0.0,0.0,0.001
0,melhoria,1,2,1441.9701,1375.6165,0.0,0.0,0.0,0.008
0,melhoria,1,3,1441.8604,1375.6165,0.0,0.0,0.0,0.01
0,melhoria,1,4,1441.7511,1375.6165,0.0,0.0,0.0,0.025
0,melhoria,1,5,1441.7089,1375.6165,0.0,0.0,0.0,0.031
0,melhoria,1,6,1441.7069,1375.5908,0.0,0.0,0.0,0.033
0,melhoria,1,7,1441.6831,1375.5908,0.0,0.0,0.0,0.044
0,melhoria,1,8,1441.6599,1375.5908,0.0,0.0,0.0,0.066
0,melhoria,1,9,1441.5743,1375.5908,0.0,0.0,0.0,0.068
0,melhoria,1,10,1441.5306,1375.5908,0.0,0.0,0.0,0.076
0,melhoria,1,11,1440.3708,1375.5908,0.0,0.0,0.0,0.077
0,melhoria,1,12,1440.3045,1375.5908,0.0,0.0,0.0,0.094
0,melhoria,1,13,1440.238,1375.5908,0.0,0.0,0.0,0.098
0,melhoria,1,14,1440.1947,1375.5908,0.0,0.0,0.0,0.121
0,melhoria,1,15,1440.1091,1375.5908,0.0,0.0,0.0,0.134
0,melhoria,1,16,1440.092,1375.6165,0.0,0.0,0.0,0.139
0,melhoria,1,17,1440.0677,1375.6165,0.0,0.0,0.0,0.143
0,melhoria,1,18,1440.0676,1375.6165,0.0,0.0,0.0,0.174
0,melhoria,1,19,1440.0247,1375.6165,0.0,0.0,0.0,0.181
0,melhoria,1,20,1439.9818,1375.6165,0.0,0.0,0.0,0.22
0,melhoria,1,21,1437.8307,1375.6165,0.0,0.0,0.0,0.26
0,melhoria,1,22,1436.3176,1375.6165,0.0,0.0,0.0,0.321
0,melhoria,1,23,1436.2317,1375.6165,0.0,0.0,0.0,0.334
0,melhoria,1,24,1435.6634,1375.6165,0.0,0.0,0.0,0.365
0,melhoria,1,25,1435.6396,1375.6165,0.0,0.0,0.0,0.383
0,melhoria,1,26,1435.092,1375.6165,0.0,0.0,0.0,0.384
0,melhoria,1,27,1434.8677,1375.6165,0.0,0.0,0.0,0.402
0,melhoria,1,28,1434.595,1375.6165,0.0,0.0,0.0,0.438
0,melhoria,1,29,1433.5699,1375.6165,0.0,0.0,0.0,0.483
0,melhoria,1,30,1432.8827,1375.6165,0.0,0.0,0.0,0.498
0,melhoria,1,31,1431.7358,1375.6165,0.0,0.0,0.0,0.5
0,melhoria,1,32,1431.2372,1375.6165,0.0,0.0,0.0,0.546
0,melhoria,1,33,1430.9783,1375.6165,0.0,0.0,0.0,0.566
0,melhoria,1,34,1430.1737,1375.6165,0.0,0.0,0.0,0.568
0,melhoria,1,35,1430.1579,1375.6165,0.0,0.0,0.0,0.571
0,melhoria,1,36,1429.3628,1375.6165,0.0,0.0,0.0,0.6
0,melhoria,1,37,1428.9577,1375.6165,0.0,0.0,0.0,0.639
0,melhoria,1,38,1428.7291,1375.6165,0.0,0.0,0.0,0.642
0,melhoria,1,39,1428.4714,1375.6165,0.0,0.0,0.0,0.661
0,melhoria,1,40,1428.0596,1375.6165,0.0,0.0,0.0,0.666
0,melhoria,1,41,1427.2194,1375.6165,0.0,0.0,0.0,0.702
0,melhoria,1,42,1427.0969,1375.6165,0.0,0.0,0.0,0.715
0,melhoria,1,43,1425.4346,1375.6165,0.0,0.0,0.0,0.716
0,melhoria,1,44,1425.254,1375.6165,0.0,0.0,0.0,0.743
0,melhoria,1,45,1425.1972,1375.6165,0.0,0.0,0.0,0.76
0,melhoria,1,46,1425.1949,1375.6165,0.0,0.0,0.0,0.836
0,melhoria,1,47,1425.1433,1375.3273,0.0,0.0,0.0,0.844
0,melhoria,1,48,1424.8981,1374.9538,0.0,0.0,0.0,0.845
0,melhoria,1,49,1424.8558,1374.9538,0.0,0.0,0.0,0.853
0,melhoria,1,50,1424.0906,1374.9538,0.0,0.0,0.0,0.859
0,melhoria,1,51,1423.0359,1374.9538,0.0,0.0,0.0,0.882
0,melhoria,1,52,1422.8697,1374.9538,0.0,0.0,0.0,0.887
0,melhoria,1,53,1422.794,1374.9538,0.0,0.0,0.0,0.89
0,melhoria,1,54,1422.7112,1374.9538,0.0,0.0,0.0,0.902
0,melhoria,1,55,1422.6441,1374.9538,0.0,0.0,0.0,0.911
0,melhoria,1,56,1422.6189,1374.9538,0.0,0.0,0.0,0.95
0,melhoria,1,57,1422.2177,1374.9538,0.0,0.0,0.0,0.962
0,melhoria,1,58,1422.1975,1374.9538,0.0,0.0,0.0,0.963
0,melhoria,1,59,1421.7815,1374.9538,0.0,0.0,0.0,0.974
0,melhoria,1,60,1421.5045,1374.9538,0.0,0.0,0.0,0.999
0,melhoria,1,61,1309.2845,1262.7624,0.0,0.0,0.0,1.051
0,melhoria,1,62,1309.0881,1262.5232,0.0,0.0,0.0,1.08
0,melhoria,1,63,1308.8457,1262.5232,0.0,0.0,0.0,1.169
0,melhoria,1,64,1308.6476,1262.5232,0.0,0.0,0.0,1.181
0,melhoria,1,65,1308.577,1262.5232,0.0,0.0,0.0,1.239
0,melhoria,1,66,1308.4913,1262.5232,0.0,0.0,0.0,1.254
0,melhoria,1,67,1307.735,1262.5232,0.0,0.0,0.0,1.304
0,melhoria,1,68,1306.9333,1262.5232,0.0,0.0,0.0,1.347
0,melhoria,1,69,1306.3366,1262.5232,0.0,0.0,0.0,1.455
0,melhoria,1,70,1305.869,1262.5232,0.0,0.0,0.0,1.52
0,melhoria,1,71,1305.1266,1262.5232,0.0,0.0,0.0,1.624
0,melhoria,1,72,1304.5064,1262.5232,0.0,0.0,0.0,1.679
0,melhoria,1,73,1304.1899,1262.5232,0.0,0.0,0.0,1.751
0,melhoria,1,74,1303.6222,1262.5232,0.0,0.0,0.0,1.752
0,melhoria,1,75,1302.8739,1262.5232,0.0,0.0,0.0,1.798
0,melhoria,1,76,1302.6462,1262.5232,0.0,0.0,0.0,1.801
0,melhoria,1,77,1302.388,1262.5232,0.0,0.0,0.0,1.812
0,melhoria,1,78,1302.2473,1262.5232,0.0,0.0,0.0,1.816
0,melhoria,1,79,1302.1276,1262.5232,0.0,0.0,0.0,1.829
0,melhoria,1,80,1301.7904,1262.5232,0.0,0.0,0.0,1.832
0,melhoria,1,81,1301.7822,1262.5232,0.0,0.0,0.0,1.849
0,melhoria,1,82,1301.5248,1262.5232,0.0,0.0,0.0,1.891
0,melhoria,1,83,1301.431,1262.5232,0.0,0.0,0.0,1.892
0,melhoria,1,84,1301.3105,1262.5232,0.0,0.0,0.0,1.911
0,melhoria,1,85,1301.1988,1262.5232,0.0,0.0,0.0,1.914
0,melhoria,1,86,1300.958,1262.5232,0.0,0.0,0.0,1.915
0,melhoria,1,87,1300.7297,1262.5232,0.0,0.0,0.0,1.943
0,melhoria,1,88,1300.5195,1262.5232,0.0,0.0,0.0,1.957
0,melhoria,1,89,1300.4526,1262.5232,0.0,0.0,0.0,1.961
0,melhoria,1,90,1300.2423,1262.5232,0.0,0.0,0.0,1.979
0,melhoria,1,91,1300.0989,1262.5232,0.0,0.0,0.0,2.033
0,melhoria,1,92,1300.0041,1262.5232,0.0,0.0,0.0,2.041
0,melhoria,1,93,1299.8489,1262.5232,0.0,0.0,0.0,2.046
0,melhoria,1,94,1233.0101,1195.6992,0.0,0.0,0.0,2.061
0,melhoria,1,95,1221.1213,1183.8585,0.0,0.0,0.0,2.104
0,melhoria,1,96,1221.078,1183.7055,0.0,0.0,0.0,2.109
0,melhoria,1,97,1187.8449,1150.5232,0.0,0.0,0.0,2.168
0,melhoria,1,98,1187.8022,1150.5232,0.0,0.0,0.0,2.172
0,melhoria,1,99,1187.7598,1150.5232,0.0,0.0,0.0,2.191
0,melhoria,1,100,1148.9331,1111.704,0.0,0.0,0.0,2.236
0,melhoria,1,101,1148.5391,1111.1392,0.0,0.0,0.0,2.24
0,melhoria,1,102,1121.0253,1083.6992,0.0,0.0,0.0,2.25
0,melhoria,1,103,1120.9398,1083.6992,0.0,0.0,0.0,2.26
0,melhoria,1,104,1120.8542,1083.6992,0.0,0.0,0.0,2.281
0,melhoria,1,105,1120.8301,1083.6992,0.0,0.0,0.0,2.312
0,melhoria,1,106,1120.8295,1083.6992,0.0,0.0,0.0,2.36
0,melhoria,1,107,1108.8503,1071.7682,0.0,0.0,0.0,2.376
0,melhoria,1,108,1108.6339,1071.3565,0.0,0.0,0.0,2.466
0,melhoria,1,109,1108.5484,1071.3565,0.0,0.0,0.0,2.468
0,melhoria,1,110,1108.4735,1071.2154,0.0,0.0,0.0,2.546
0,melhoria,1,111,1108.4497,1071.2154,0.0,0.0,0.0,2.558
0,melhoria,1,112,1108.3342,1070.995,0.0,0.0,0.0,2.573
0,melhoria,1,113,1107.8591,1070.4113,0.0,0.0,0.0,2.631
0,melhoria,1,114,1107.8029,1070.2582,0.0,0.0,0.0,2.716
0,melhoria,1,115,1107.5998,1070.0669,0.0,0.0,0.0,2.788
0,melhoria,1,116,1107.4228,1069.8277,0.0,0.0,0.0,2.825
0,melhoria,2,118,1105.2773,1067.6749,0.0,0.0,0.0,2.955
0,melhoria,1,119,1105.1916,1067.6749,0.0,0.0,0.0,3.04
0,melhoria,1,120,1105.1487,1067.6749,0.0,0.0,0.0,3.078
0,melhoria,2,122,1105.147,1067.6749,0.0,0.0,0.0,3.217
0,melhoria,2,124,1103.7318,1066.2397,0.0,0.0,0.0,3.354
0,melhoria,2,126,1101.8435,1063.8477,0.0,0.0,0.0,3.489
0,melhoria,1,127,1101.7351,1063.8477,0.0,0.0,0.0,3.53
0,melhoria,1,128,1101.4054,1063.8477,0.0,0.0,0.0,3.539
0,melhoria,1,129,1101.1572,1063.8477,0.0,0.0,0.0,3.542
0,melhoria,1,130,1101.144,1063.8477,0.0,0.0,0.0,3.554
0,melhoria,1,131,1101.0917,1063.8477,0.0,0.0,0.0,3.569
0,melhoria,1,132,1100.7963,1063.8477,0.0,0.0,0.0,3.574
0,melhoria,1,133,1100.6479,1063.8477,0.0,0.0,0.0,3.609
0,melhoria,1,134,1100.4407,1063.8477,0.0,0.0,0.0,3.631
0,melhoria,1,135,1100.3978,1063.8477,0.0,0.0,0.0,3.683
0,melhoria,1,136,1100.3345,1063.8477,0.0,0.0,0.0,3.706
0,melhoria,1,137,1100.297,1063.8477,0.0,0.0,0.0,3.77
0,melhoria,1,138,1100.1114,1063.8477,0.0,0.0,0.0,3.851
0,melhoria,1,139,1100.009,1063.8477,0.0,0.0,0.0,3.875
0,melhoria,2,141,1099.941,1063.8477,0.0,0.0,0.0,4.011
0,melhoria,1,142,1099.9186,1063.8477,0.0,0.0,0.0,4.076
0,melhoria,2,144,1099.8748,1063.8477,0.0,0.0,0.0,4.203
0,melhoria,1,145,1099.832,1063.8477,0.0,0.0,0.0,4.273
0,melhoria,2,147,1099.3857,1063.4027,0.0,0.0,0.0,4.411
0,melhoria,1,148,1099.2329,1063.4027,0.0,0.0,0.0,4.504
0,melhoria,1,149,1099.1225,1063.2496,0.0,0.0,0.0,4.579
0,melhoria,1,150,1098.9738,1063.0583,0.0,0.0,0.0,4.586
0,melhoria,1,151,1098.9309,1063.0583,0.0,0.0,0.0,4.698
0,melhoria,1,152,1098.8881,1063.0583,0.0,0.0,0.0,4.707
0,melhoria,2,154,1098.7827,1062.9467,0.0,0.0,0.0,4.851
0,melhoria,2,156,1098.7351,1062.9467,0.0,0.0,0.0,4.99
0,melhoria,2,158,1098.7343,1062.9467,0.0,0.0,0.0,5.149
0,melhoria,2,160,1097.483,1061.655,0.0,0.0,0.0,5.286
0,melhoria,2,162,1097.4733,1061.655,0.0,0.0,0.0,5.429
0,melhoria,1,163,1097.3448,1061.655,0.0,0.0,0.0,5.51
0,melhoria,2,165,1096.9413,1061.6553,0.0,0.0,0.0,5.648
0,melhoria,1,166,1096.6304,1061.6553,0.0,0.0,0.0,5.731
0,melhoria,1,167,1096.5503,1061.6553,0.0,0.0,0.0,5.768
0,melhoria,2,169,1096.4422,1061.6915,0.0,0.0,0.0,5.91
0,melhoria,1,170,1096.1536,1061.6915,0.0,0.0,0.0,5.938
0,melhoria,1,171,1096.029,1061.6915,0.0,0.0,0.0,6.01
0,melhoria,1,172,1095.9861,1061.6915,0.0,0.0,0.0,6.083
0,melhoria,1,173,1095.9432,1061.6915,0.0,0.0,0.0,6.198
0,melhoria,2,175,1095.7275,1061.5055,0.0,0.0,0.0,6.328
0,melhoria,2,177,1095.6801,1061.5055,0.0,0.0,0.0,6.47
0,melhoria,2,179,1095.5884,1061.5055,0.0,0.0,0.0,6.622
0,melhoria,2,181,1095.5227,1061.4824,0.0,0.0,0.0,6.756
0,melhoria,2,183,1095.5162,1061.4817,0.0,0.0,0.0,6.898
0,melhoria,1,184,1095.4711,1061.4817,0.0,0.0,0.0,6.98
0,melhoria,1,185,1095.4569,1061.4817,0.0,0.0,0.0,6.997
0,melhoria,1,186,1095.456,1061.4817,0.0,0.0,0.0,7.08
0,melhoria,2,188,1094.5753,1060.6206,0.0,0.0,0.0,7.211
0,melhoria,1,189,1094.4958,1060.6206,0.0,0.0,0.0,7.338
0,melhoria,2,191,1094.4635,1060.6206,0.0,0.0,0.0,7.489
0,melhoria,2,193,1094.2059,1060.3698,0.0,0.0,0.0,7.64
0,melhoria,1,194,1094.131,1060.2287,0.0,0.0,0.0,7.702
0,melhoria,1,195,1094.1307,1060.2287,0.0,0.0,0.0,7.704
0,melhoria,1,196,1093.8846,1059.8552,0.0,0.0,0.0,7.829
0,melhoria,1,197,1093.5673,1059.4246,0.0,0.0,0.0,7.892
0,melhoria,2,199,1093.5607,1059.4246,0.0,0.0,0.0,8.037
0,melhoria,2,201,1093.5606,1059.4246,0.0,0.0,0.0,8.197
0,melhoria,2,203,1093.4353,1059.4242,0.0,0.0,0.0,8.347
0,melhoria,3,206,1092.3469,1058.1842,0.0,0.0,0.0,8.534
0,melhoria,2,208,1090.7521,1056.5921,0.0,0.0,0.0,8.715
0,melhoria,1,209,1090.6801,1056.4007,0.0,0.0,0.0,8.734
0,melhoria,2,211,1090.1781,1055.8841,0.0,0.0,0.0,8.877
0,melhoria,3,214,1089.4032,1055.1091,0.0,0.0,0.0,9.093
0,melhoria,3,217,1088.5731,1054.2479,0.0,0.0,0.0,9.291
0,melhoria,2,219,1087.9963,1053.6739,0.0,0.0,0.0,9.464
0,melhoria,3,222,1087.7713,1053.3949,0.0,0.0,0.0,9.688
0,melhoria,2,224,1087.7246,1053.3949,0.0,0.0,0.0,9.908
0,melhoria,3,227,1084.6323,1050.2853,0.0,0.0,0.0,10.163
0,melhoria,3,230,1084.6252,1050.2853,0.0,0.0,0.0,10.4
0,melhoria,3,233,1081.4645,1047.1757,0.0,0.0,0.0,10.723
0,melhoria,3,236,1081.3981,1047.1154,0.0,0.0,0.0,10.937
0,melhoria,3,239,1080.9425,1046.669,0.0,0.0,0.0,11.173
0,melhoria,3,242,1080.9298,1046.669,0.0,0.0,0.0,11.547
0,melhoria,1,243,1080.9065,1046.669,0.0,0.0,0.0,11.609
0,melhoria,3,246,1080.9042,1046.669,0.0,0.0,0.0,11.944
0,melhoria,3,249,1080.901,1046.669,0.0,0.0,0.0,12.35
0,melhoria,3,252,1079.6189,1045.429,0.0,0.0,0.0,12.657
0,melhoria,3,255,1079.5892,1045.429,0.0,0.0,0.0,12.976
0,melhoria,1,256,1079.1185,1045.429,0.0,0.0,0.0,13.047
0,melhoria,3,259,1079.1018,1045.429,0.0,0.0,0.0,13.282
0,melhoria,2,261,1079.1011,1045.429,0.0,0.0,0.0,13.482
0,melhoria,3,264,1079.0863,1045.429,0.0,0.0,0.0,13.855
0,melhoria,2,266,1079.0704,1045.416,0.0,0.0,0.0,14.041
0,melhoria,1,267,1079.0389,1045.416,0.0,0.0,0.0,14.112
0,melhoria,1,268,1078.7311,1045.416,0.0,0.0,0.0,14.113
0,melhoria,1,269,1078.4409,1045.416,0.0,0.0,0.0,14.203
0,melhoria,2,271,1078.3706,1045.416,0.0,0.0,0.0,14.399
0,melhoria,2,273,1078.3525,1045.4073,0.0,0.0,0.0,14.578
0,melhoria,3,276,1078.3438,1045.4073,0.0,0.0,0.0,14.89
0,melhoria,3,279,1078.2999,1045.2466,0.0,0.0,0.0,15.162
0,melhoria,3,282,1078.2929,1045.2466,0.0,0.0,0.0,15.502
0,melhoria,3,285,1078.2916,1045.2466,0.0,0.0,0.0,15.806
0,melhoria,3,288,1078.2741,1045.2466,0.0,0.0,0.0,16.18
0,melhoria,3,291,1078.2663,1045.2466,0.0,0.0,0.0,16.485
0,melhoria,5,296,1078.237,1045.3068,0.0,0.0,0.0,17.02
0,melhoria,3,299,1078.2079,1045.2466,0.0,0.0,0.0,17.362
0,saida,0,304,1078.2079,1045.2466,0.0,0.0,0.0,17.912
0,entrada,0,0,935.4516,904.96,0.0,0.0,0.0,0.0
0,melhoria,1,1,935.4283,904.96,0.0,0.0,0.0,0.001
0,melhoria,1,2,935.361,904.96,0.0,0.0,0.0,0.001
0,melhoria,1,3,935.2947,904.96,0.0,0.0,0.0,0.004
0,melhoria,1,4,935.2275,904.96,0.0,0.0,0.0,0.008
0,melhoria,1,5,935.1421,904.96,0.0,0.0,0.0,0.011
0,melhoria,1,6,935.0807,904.96,0.0,0.0,0.0,0.019
0,melhoria,1,7,935.0575,904.96,0.0,0.0,0.0,0.038
0,melhoria,1,8,934.9716,904.96,0.0,0.0,0.0,0.05
0,melhoria,1,9,934.9479,904.96,0.0,0.0,0.0,0.074
0,melhoria,1,10,934.9246,904.96,0.0,0.0,0.0,0.075
0,melhoria,1,11,934.9236,904.96,0.0,0.0,0.0,0.08
0,melhoria,1,12,934.8809,904.96,0.0,0.0,0.0,0.096
0,melhoria,1,13,934.8139,904.96,0.0,0.0,0.0,0.1
0,melhoria,1,14,934.7901,904.96,0.0,0.0,0.0,0.103
0,melhoria,1,15,934.724,904.96,0.0,0.0,0.0,0.109
0,melhoria,1,16,934.639,904.96,0.0,0.0,0.0,0.127
0,melhoria,1,17,934.5534,904.96,0.0,0.0,0.0,0.158
0,melhoria,1,18,934.5105,904.96,0.0,0.0,0.0,0.159
0,melhoria,1,19,934.4684,904.96,0.0,0.0,0.0,0.186
0,melhoria,1,20,934.4261,904.96,0.0,0.0,0.0,0.191
0,melhoria,1,21,934.4252,904.96,0.0,0.0,0.0,0.207
0,melhoria,1,22,934.3584,904.96,0.0,0.0,0.0,0.239
0,melhoria,1,23,934.3352,904.96,0.0,0.0,0.0,0.305
0,melhoria,1,24,934.2305,904.96,0.0,0.0,0.0,0.359
0,melhoria,1,25,934.1879,904.96,0.0,0.0,0.0,0.361
0,melhoria,1,26,934.079,904.96,0.0,0.0,0.0,0.368
0,melhoria,1,27,934.0544,904.96,0.0,0.0,0.0,0.379
0,melhoria,1,28,934.0114,904.96,0.0,0.0,0.0,0.402
0,saida,0,33,934.0114,904.96,0.0,0.0,0.0,0.815
0,entrada,0,0,934.0114,904.96,0.0,0.0,0.0,0.0
0,timeout,1,0,934.0114,904.96,0.0,0.0,0.0,0.0
0,saida,0,0,934.0114,904.96,0.0,0.0,0.0,0.0
9,entrada,0,0,31125.997,1778.8937,10229.889,19049.4808,0.0,0.0
9,melhoria,1,1,31125.3297,1778.8937,10229.889,19049.4808,0.0,0.0
9,melhoria,1,2,31125.1908,1778.8937,10229.889,19049.4808,0.0,0.001
9,melhoria,1,3,31125.1801,1778.8937,10229.889,19049.4808,0.0,0.002
9,melhoria,1,4,31124.8091,1778.8937,10229.889,19049.4808,0.0,0.007
9,melhoria,1,5,31124.7769,1778.8937,10229.889,19049.4808,0.0,0.013
9,melhoria,1,6,31124.1428,1778.8937,10229.889,19049.4808,0.0,0.015
9,melhoria,1,7,5476.0646,1692.4386,2324.8946,1393.1252,0.0,0.015
9,melhoria,1,8,5475.2335,1692.4386,2324.8946,1393.1252,0.0,0.019
9,melhoria,1,9,5475.2097,1692.4386,2324.8946,1393.1252,0.0,0.025
9,melhoria,1,10,5474.6272,1692.4386,2324.8946,1393.1252,0.0,0.028
9,melhoria,1,11,5474.5602,1692.4386,2324.8946,1393.1252,0.0,0.036
9,melhoria,1,12,5474.4509,1692.4386,2324.8946,1393.1252,0.0,0.037
9,melhoria,1,13,5474.3891,1692.4386,2324.8946,1393.1252,0.0,0.039
9,melhoria,1,14,5474.2266,1692.4386,2324.8946,1393.1252,0.0,0.042
9,melhoria,1,15,5474.1931,1692.4386,2324.8946,1393.1252,0.0,0.046
9,melhoria,1,16,5473.0658,1692.4386,2324.8946,1393.1252,0.0,0.054
9,melhoria,1,17,5472.8989,1692.4386,2324.8946,1393.1252,0.0,0.056
9,melhoria,1,18,5472.3612,1692.4386,2324.8946,1393.1252,0.0,0.056
9,melhoria,1,19,5472.3184,1692.4386,2324.8946,1393.1252,0.0,0.061
9,melhoria,1,20,5472.122,1692.4386,2324.8946,1393.1252,0.0,0.062
9,melhoria,1,21,5472.0792,1692.4386,2324.8946,1393.1252,0.0,0.064
9,melhoria,1,22,1689.5599,1628.0856,0.0,0.0,0.0,0.064
9,melhoria,1,23,1689.5169,1628.0856,0.0,0.0,0.0,0.077
9,melhoria,1,24,1689.4077,1628.0856,0.0,0.0,0.0,0.078
9,melhoria,1,25,1689.2979,1628.0856,0.0,0.0,0.0,0.081
9,melhoria,1,26,1689.1693,1628.0856,0.0,0.0,0.0,0.087
9,melhoria,1,27,1689.0593,1628.0856,0.0,0.0,0.0,0.116
9,melhoria,1,28,1688.1645,1628.0856,0.0,0.0,0.0,0.117
9,melhoria,1,29,1688.1413,1628.0856,0.0,0.0,0.0,0.135
9,melhoria,1,30,1687.8299,1628.0856,0.0,0.0,0.0,0.136
9,melhoria,1,31,1687.1886,1628.0856,0.0,0.0,0.0,0.142
9,melhoria,1,32,1687.1645,1628.0856,0.0,0.0,0.0,0.15
9,melhoria,1,33,1687.1394,1628.0856,0.0,0.0,0.0,0.169
9,melhoria,1,34,1687.0546,1628.0856,0.0,0.0,0.0,0.171
9,melhoria,1,35,1686.5599,1628.0856,0.0,0.0,0.0,0.175
9,melhoria,1,36,1686.4028,1628.0856,0.0,0.0,0.0,0.178
9,melhoria,1,37,1686.3167,1628.0856,0.0,0.0,0.0,0.178
9,melhoria,1,38,1686.0004,1628.0856,0.0,0.0,0.0,0.183
9,melhoria,1,39,1685.5661,1628.0856,0.0,0.0,0.0,0.189
9,melhoria,1,40,1685.277,1628.0856,0.0,0.0,0.0,0.193
9,melhoria,1,41,1685.191,1628.0856,0.0,0.0,0.0,0.199
9,melhoria,1,42,1685.1854,1628.0856,0.0,0.0,0.0,0.202
9,melhoria,1,43,1685.1235,1628.0856,0.0,0.0,0.0,0.206
9,melhoria,1,44,1685.0187,1628.0856,0.0,0.0,0.0,0.21
9,melhoria,1,45,1684.2677,1628.0856,0.0,0.0,0.0,0.222
9,melhoria,1,46,1683.84,1628.0856,0.0,0.0,0.0,0.223
9,melhoria,1,47,1683.4869,1628.0856,0.0,0.0,0.0,0.226
9,melhoria,1,48,1683.2305,1628.0856,0.0,0.0,0.0,0.229
9,melhoria,1,49,1682.5414,1628.0856,0.0,0.0,0.0,0.23
9,melhoria,1,50,1682.3835,1628.0856,0.0,0.0,0.0,0.235
9,melhoria,1,51,1682.0564,1628.0856,0.0,0.0,0.0,0.238
9,melhoria,1,52,1681.9899,1628.0856,0.0,0.0,0.0,0.24
9,melhoria,1,53,1681.9471,1628.0856,0.0,0.0,0.0,0.245
9,melhoria,1,54,1681.2939,1628.0856,0.0,0.0,0.0,0.252
9,melhoria,1,55,1681.1651,1628.0856,0.0,0.0,0.0,0.256
9,melhoria,1,56,1650.6535,1597.6338,0.0,0.0,0.0,0.257
9,melhoria,1,57,1650.3801,1597.6338,0.0,0.0,0.0,0.268
9,melhoria,1,58,1650.2587,1597.6338,0.0,0.0,0.0,0.276
9,melhoria,1,59,1650.2347,1597.6338,0.0,0.0,0.0,0.281
9,melhoria,1,60,1649.2421,1597.6338,0.0,0.0,0.0,0.283
9,melhoria,1,61,1648.8867,1597.6338,0.0,0.0,0.0,0.289
9,melhoria,1,62,1648.3764,1597.6338,0.0,0.0,0.0,0.293
9,melhoria,1,63,1648.3099,1597.6338,0.0,0.0,0.0,0.313
9,melhoria,1,64,1648.0149,1597.6338,0.0,0.0,0.0,0.32
9,melhoria,1,65,1647.4463,1597.6338,0.0,0.0,0.0,0.321
9,melhoria,1,66,1647.3415,1597.6338,0.0,0.0,0.0,0.328
9,melhoria,1,67,1647.103,1597.6338,0.0,0.0,0.0,0.357
9,melhoria,1,68,1647.1026,1597.6338,0.0,0.0,0.0,0.382
9,melhoria,1,69,1646.9739,1597.6338,0.0,0.0,0.0,0.391
9,melhoria,1,70,1646.888,1597.6338,0.0,0.0,0.0,0.41
9,melhoria,1,71,1646.6528,1597.6338,0.0,0.0,0.0,0.412
9,melhoria,1,72,1646.5378,1597.6338,0.0,0.0,0.0,0.448
9,melhoria,1,73,1646.1319,1597.6338,0.0,0.0,0.0,0.449
9,melhoria,1,74,1645.4042,1597.6338,0.0,0.0,0.0,0.459
9,melhoria,1,75,1644.929,1597.6338,0.0,0.0,0.0,0.484
9,melhoria,1,76,1644.9204,1597.6338,0.0,0.0,0.0,0.494
9,melhoria,1,77,1644.1988,1597.6338,0.0,0.0,0.0,0.496
9,melhoria,1,78,1643.7943,1597.6338,0.0,0.0,0.0,0.509
9,melhoria,1,79,1643.7705,1597.6338,0.0,0.0,0.0,0.533
9,melhoria,1,80,1643.1292,1597.6338,0.0,0.0,0.0,0.541
9,melhoria,1,81,1642.7911,1597.6338,0.0,0.0,0.0,0.555
9,melhoria,1,82,1642.212,1597.6338,0.0,0.0,0.0,0.578
9,melhoria,1,83,1642.1222,1597.6338,0.0,0.0,0.0,0.59
9,melhoria,1,84,1641.8666,1597.6338,0.0,0.0,0.0,0.621
9,melhoria,1,85,1641.494,1597.6338,0.0,0.0,0.0,0.632
9,melhoria,1,86,1641.4879,1597.6338,0.0,0.0,0.0,0.677
9,melhoria,1,87,1641.0538,1597.6338,0.0,0.0,0.0,0.705
9,melhoria,1,88,1640.3332,1597.6338,0.0,0.0,0.0,0.708
9,melhoria,1,89,1640.0685,1597.6338,0.0,0.0,0.0,0.723
9,melhoria,1,90,1639.9297,1597.6338,0.0,0.0,0.0,0.765
9,melhoria,1,91,1639.7006,1597.6338,0.0,0.0,0.0,0.765
9,melhoria,1,92,1638.953,1597.6338,0.0,0.0,0.0,0.821
9,melhoria,1,93,1638.9227,1597.6338,0.0,0.0,0.0,0.856
9,melhoria,1,94,1638.7851,1597.6338,0.0,0.0,0.0,0.894
9,melhoria,1,95,1638.363,1597.6338,0.0,0.0,0.0,0.971
9,melhoria,1,96,1638.3008,1597.6338,0.0,0.0,0.0,0.974
9,melhoria,1,97,1637.9901,1597.6338,0.0,0.0,0.0,1.019
9,melhoria,1,98,1637.6394,1597.6338,0.0,0.0,0.0,1.051
9,melhoria,1,99,1637.4714,1597.6338,0.0,0.0,0.0,1.074
9,melhoria,1,100,1637.1185,1597.6338,0.0,0.0,0.0,1.125
9,melhoria,1,101,1636.9319,1597.6338,0.0,0.0,0.0,1.188
9,melhoria,1,102,1636.9269,1597.6338,0.0,0.0,0.0,1.196
9,melhoria,2,104,1636.7932,1597.6338,0.0,0.0,0.0,1.351
9,melhoria,2,106,1636.7928,1597.6338,0.0,0.0,0.0,1.487
9,melhoria,2,108,1636.6577,1597.6341,0.0,0.0,0.0,1.634
9,melhoria,3,111,1636.6576,1597.6108,0.0,0.0,0.0,1.849
9,melhoria,2,113,1636.636,1597.6796,0.0,0.0,0.0,2.001
9,melhoria,2,115,1636.5223,1597.6808,0.0,0.0,0.0,2.17
9,melhoria,1,116,1635.7567,1597.6808,0.0,0.0,0.0,2.203
9,melhoria,1,117,1635.7315,1597.6808,0.0,0.0,0.0,2.21
9,melhoria,1,118,1635.287,1597.6808,0.0,0.0,0.0,2.213
9,melhoria,1,119,1634.9753,1597.6808,0.0,0.0,0.0,2.239
9,melhoria,2,121,1634.9597,1597.6827,0.0,0.0,0.0,2.382
9,melhoria,2,123,1634.9066,1597.688,0.0,0.0,0.0,2.519
9,melhoria,1,124,1634.7253,1597.688,0.0,0.0,0.0,2.628
9,melhoria,1,125,1634.5357,1597.688,0.0,0.0,0.0,2.697
9,melhoria,1,126,1634.4382,1597.688,0.0,0.0,0.0,2.738
9,melhoria,1,127,1634.3895,1597.688,0.0,0.0,0.0,2.746
9,melhoria,1,128,1634.3187,1597.688,0.0,0.0,0.0,2.782
9,melhoria,1,129,1634.0124,1597.688,0.0,0.0,0.0,2.855
9,melhoria,1,130,1633.9878,1597.688,0.0,0.0,0.0,2.872
9,melhoria,1,131,1633.4616,1597.688,0.0,0.0,0.0,2.99
9,melhoria,2,133,1633.3732,1597.6,0.0,0.0,0.0,3.127
9,melhoria,1,134,1632.596,1596.408,0.0,0.0,0.0,3.215
9,melhoria,1,135,1632.5228,1596.408,0.0,0.0,0.0,3.312
9,melhoria,2,137,1632.5223,1596.4136,0.0,0.0,0.0,3.463
9,melhoria,1,138,1632.5132,1596.4136,0.0,0.0,0.0,3.501
9,melhoria,1,139,1632.0784,1596.4136,0.0,0.0,0.0,3.533
9,melhoria,1,140,1631.7233,1596.4136,0.0,0.0,0.0,3.602
9,melhoria,1,141,1631.5404,1596.4136,0.0,0.0,0.0,3.627
9,melhoria,2,143,1631.4121,1596.4148,0.0,0.0,0.0,3.76
9,melhoria,2,145,1631.3935,1596.4148,0.0,0.0,0.0,3.906
9,melhoria,2,147,1631.3809,1596.4148,0.0,0.0,0.0,4.037
9,melhoria,2,149,1631.2916,1596.3268,0.0,0.0,0.0,4.204
9,melhoria,2,151,1631.1956,1596.2074,0.0,0.0,0.0,4.363
9,melhoria,1,152,1631.0681,1595.8759,0.0,0.0,0.0,4.364
9,melhoria,1,153,1630.7948,1595.4761,0.0,0.0,0.0,4.397
9,melhoria,1,154,1630.6318,1595.2713,0.0,0.0,0.0,4.453
9,melhoria,3,157,1630.4434,1595.0922,0.0,0.0,0.0,4.787
9,melhoria,3,160,1630.4433,1595.0922,0.0,0.0,0.0,5.02
9,melhoria,3,163,1630.4381,1595.0783,0.0,0.0,0.0,5.269
9,melhoria,3,166,1630.3888,1595.0138,0.0,0.0,0.0,5.592
9,melhoria,2,168,1630.3887,1595.0138,0.0,0.0,0.0,5.758
9,melhoria,3,171,1630.3876,1595.0138,0.0,0.0,0.0,6.173
9,melhoria,3,174,1630.3219,1595.0138,0.0,0.0,0.0,6.617
9,melhoria,2,176,1630.3134,1595.0138,0.0,0.0,0.0,6.798
9,melhoria,2,178,1630.312,1595.0138,0.0,0.0,0.0,6.963
9,melhoria,4,182,1630.3105,1595.0138,0.0,0.0,0.0,7.42
9,melhoria,5,187,1630.2435,1595.0138,0.0,0.0,0.0,7.921
9,melhoria,1,188,1629.8767,1595.0138,0.0,0.0,0.0,8.102
9,timeout,1,188,1629.8767,1595.0138,0.0,0.0,0.0,8.102
9,saida,0,188,1629.8767,1595.0138,0.0,0.0,0.0,8.102
9,entrada,0,0,1629.8767,1595.0138,0.0,0.0,0.0,0.0
9,melhoria,1,1,1629.5276,1595.0138,0.0,0.0,0.0,0.007
9,melhoria,2,3,1629.5204,1595.0138,0.0,0.0,0.0,0.191
9,melhoria,2,5,1629.4511,1594.9708,0.0,0.0,0.0,0.35
9,melhoria,3,8,1629.4305,1594.9708,0.0,0.0,0.0,0.745
9,melhoria,2,10,1629.4159,1595.0138,0.0,0.0,0.0,0.909
9,melhoria,3,13,1629.3506,1595.0087,0.0,0.0,0.0,1.187
9,melhoria,5,18,1629.2687,1595.0087,0.0,0.0,0.0,1.657
9,melhoria,1,19,1629.0959,1595.0087,0.0,0.0,0.0,1.725
9,melhoria,1,20,1628.9632,1595.0087,0.0,0.0,0.0,1.792
9,melhoria,3,23,1628.8411,1595.0087,0.0,0.0,0.0,2.025
9,melhoria,2,25,1628.8233,1595.0087,0.0,0.0,0.0,2.181
9,melhoria,1,26,1628.7801,1595.0087,0.0,0.0,0.0,2.226
9,melhoria,2,28,1628.7241,1595.0075,0.0,0.0,0.0,2.374
9,melhoria,2,30,1628.7238,1595.0075,0.0,0.0,0.0,2.562
9,saida,0,35,1628.7238,1595.0075,0.0,0.0,0.0,3.018
32,entrada,0,0,8085.627,1705.0577,3506.0369,2806.4578,0.0,0.0
32,melhoria,1,1,8085.21,1705.0577,3506.0369,2806.4578,0.0,0.002
32,melhoria,1,2,8085.1868,1705.0577,3506.0369,2806.4578,0.0,0.003
32,melhoria,1,3,8085.1205,1705.0577,3506.0369,2806.4578,0.0,0.005
32,melhoria,1,4,8084.8462,1705.0577,3506.0369,2806.4578,0.0,0.006
32,melhoria,1,5,8083.7514,1705.0577,3506.0369,2806.4578,0.0,0.012
32,melhoria,1,6,8083.5229,1705.0577,3506.0369,2806.4578,0.0,0.015
32,melhoria,1,7,8083.4564,1705.0577,3506.0369,2806.4578,0.0,0.021
32,melhoria,1,8,8083.0966,1705.0577,3506.0369,2806.4578,0.0,0.022
32,melhoria,1,9,8082.9814,1705.0577,3506.0369,2806.4578,0.0,0.023
32,melhoria,1,10,8082.896,1705.0577,3506.0369,2806.4578,0.0,0.027
32,melhoria,1,11,8082.8294,1705.0577,3506.0369,2806.4578,0.0,0.03
32,melhoria,1,12,8082.5705,1705.0577,3506.0369,2806.4578,0.0,0.031
32,melhoria,1,13,8082.5277,1705.0577,3506.0369,2806.4578,0.0,0.043
32,melhoria,1,14,8082.1193,1705.0577,3506.0369,2806.4578,0.0,0.043
32,melhoria,1,15,8082.095,1705.0577,3506.0369,2806.4578,0.0,0.047
32,melhoria,1,16,1699.9604,1635.576,0.0,0.0,0.0,0.048
32,melhoria,1,17,1699.9116,1635.576,0.0,0.0,0.0,0.058
32,melhoria,1,18,1699.719,1635.576,0.0,0.0,0.0,0.063
32,melhoria,1,19,1699.5906,1635.576,0.0,0.0,0.0,0.063
32,melhoria,1,20,1699.5484,1635.576,0.0,0.0,0.0,0.068
32,melhoria,1,21,1699.4626,1635.576,0.0,0.0,0.0,0.077
32,melhoria,1,22,1699.377,1635.576,0.0,0.0,0.0,0.078
32,melhoria,1,23,1699.2378,1635.576,0.0,0.0,0.0,0.079
32,melhoria,1,24,1699.2141,1635.576,0.0,0.0,0.0,0.081
32,melhoria,1,25,1699.1909,1635.576,0.0,0.0,0.0,0.103
32,melhoria,1,26,1699.0144,1635.576,0.0,0.0,0.0,0.106
32,melhoria,1,27,1698.9053,1635.576,0.0,0.0,0.0,0.11
32,melhoria,1,28,1698.7332,1635.576,0.0,0.0,0.0,0.113
32,melhoria,1,29,1698.7202,1635.576,0.0,0.0,0.0,0.131
32,melhoria,1,30,1664.7763,1601.727,0.0,0.0,0.0,0.138
32,melhoria,1,31,1664.7334,1601.727,0.0,0.0,0.0,0.138
32,melhoria,1,32,1664.711,1601.727,0.0,0.0,0.0,0.139
32,melhoria,1,33,1664.6674,1601.727,0.0,0.0,0.0,0.142
32,melhoria,1,34,1664.5815,1601.727,0.0,0.0,0.0,0.153
32,melhoria,1,35,1664.4957,1601.727,0.0,0.0,0.0,0.154
32,melhoria,1,36,1664.4897,1601.727,0.0,0.0,0.0,0.156
32,melhoria,1,37,1663.4251,1601.727,0.0,0.0,0.0,0.16
32,melhoria,1,38,1662.6467,1601.727,0.0,0.0,0.0,0.165
32,melhoria,1,39,1662.4395,1601.727,0.0,0.0,0.0,0.168
32,melhoria,1,40,1661.8017,1601.727,0.0,0.0,0.0,0.189
32,melhoria,1,41,1661.7781,1601.727,0.0,0.0,0.0,0.194
32,melhoria,1,42,1661.7165,1601.727,0.0,0.0,0.0,0.201
32,melhoria,1,43,1661.5898,1601.727,0.0,0.0,0.0,0.23
32,melhoria,1,44,1661.5656,1601.727,0.0,0.0,0.0,0.235
32,melhoria,1,45,1638.5122,1578.6976,0.0,0.0,0.0,0.252
32,melhoria,1,46,1637.8685,1578.6976,0.0,0.0,0.0,0.26
32,melhoria,1,47,1637.8257,1578.6976,0.0,0.0,0.0,0.279
32,melhoria,1,48,1637.4602,1578.6976,0.0,0.0,0.0,0.281
32,melhoria,1,49,1637.4358,1578.6976,0.0,0.0,0.0,0.289
32,melhoria,1,50,1637.3744,1578.6976,0.0,0.0,0.0,0.292
32,melhoria,1,51,1637.3498,1578.6976,0.0,0.0,0.0,0.294
32,melhoria,1,52,1637.3487,1578.6976,0.0,0.0,0.0,0.299
32,melhoria,1,53,1636.6912,1578.6976,0.0,0.0,0.0,0.302
32,melhoria,1,54,1636.3943,1578.6976,0.0,0.0,0.0,0.307
32,melhoria,1,55,1635.3598,1578.6976,0.0,0.0,0.0,0.31
32,melhoria,1,56,1635.231,1578.6976,0.0,0.0,0.0,0.316
32,melhoria,1,57,1635.1881,1578.6976,0.0,0.0,0.0,0.318
32,melhoria,1,58,1634.0525,1578.6976,0.0,0.0,0.0,0.321
32,melhoria,1,59,1633.3084,1578.6976,0.0,0.0,0.0,0.327
32,melhoria,1,60,1632.5191,1578.6976,0.0,0.0,0.0,0.335
32,melhoria,1,61,1632.4949,1578.6976,0.0,0.0,0.0,0.336
32,melhoria,1,62,1632.4391,1578.6976,0.0,0.0,0.0,0.377
32,melhoria,1,63,1631.8621,1578.6976,0.0,0.0,0.0,0.38
32,melhoria,1,64,1631.845,1578.8576,0.0,0.0,0.0,0.41
32,melhoria,1,65,1631.5256,1578.8576,0.0,0.0,0.0,0.454
32,melhoria,1,66,1631.139,1578.8576,0.0,0.0,0.0,0.464
32,melhoria,1,67,1631.0116,1578.8576,0.0,0.0,0.0,0.468
32,melhoria,1,68,1630.4606,1578.8576,0.0,0.0,0.0,0.469
32,melhoria,1,69,1630.0351,1578.8576,0.0,0.0,0.0,0.475
32,melhoria,1,70,1629.6261,1578.8576,0.0,0.0,0.0,0.502
32,melhoria,1,71,1629.4307,1578.8576,0.0,0.0,0.0,0.538
32,melhoria,1,72,1629.0466,1578.8576,0.0,0.0,0.0,0.548
32,melhoria,1,73,1629.0355,1578.8576,0.0,0.0,0.0,0.61
32,melhoria,1,74,1573.7473,1523.576,0.0,0.0,0.0,0.658
32,melhoria,1,75,1573.3221,1523.576,0.0,0.0,0.0,0.725
32,melhoria,1,76,1572.8631,1523.576,0.0,0.0,0.0,0.734
32,melhoria,1,77,1572.6909,1523.576,0.0,0.0,0.0,0.763
32,melhoria,1,78,1538.747,1489.727,0.0,0.0,0.0,0.778
32,melhoria,1,79,1538.7271,1489.727,0.0,0.0,0.0,0.78
32,melhoria,1,80,1538.0643,1489.727,0.0,0.0,0.0,0.79
32,melhoria,1,81,1538.0221,1489.727,0.0,0.0,0.0,0.839
32,melhoria,1,82,1537.3582,1489.727,0.0,0.0,0.0,0.842
32,melhoria,1,83,1514.3048,1466.6976,0.0,0.0,0.0,0.843
32,melhoria,1,84,1513.9205,1466.6976,0.0,0.0,0.0,0.87
32,melhoria,1,85,1513.5057,1466.6976,0.0,0.0,0.0,0.947
32,melhoria,1,86,1513.4521,1466.6976,0.0,0.0,0.0,0.98
32,melhoria,1,87,1512.8182,1466.6976,0.0,0.0,0.0,1.007
32,melhoria,1,88,1512.8011,1466.8576,0.0,0.0,0.0,1.023
32,melhoria,1,89,1512.4795,1466.8576,0.0,0.0,0.0,1.053
32,melhoria,1,90,1457.1914,1411.576,0.0,0.0,0.0,1.086
32,melhoria,1,91,1456.9431,1411.576,0.0,0.0,0.0,1.136
32,melhoria,1,92,1456.6398,1411.576,0.0,0.0,0.0,1.176
32,melhoria,1,93,1422.696,1377.727,0.0,0.0,0.0,1.194
32,melhoria,1,94,1422.4782,1377.727,0.0,0.0,0.0,1.223
32,melhoria,1,95,1422.1336,1377.727,0.0,0.0,0.0,1.246
32,melhoria,1,96,1421.9326,1377.727,0.0,0.0,0.0,1.246
32,melhoria,1,97,1421.6418,1377.727,0.0,0.0,0.0,1.283
32,melhoria,1,98,1421.5402,1377.727,0.0,0.0,0.0,1.327
32,melhoria,1,99,1421.4813,1377.727,0.0,0.0,0.0,1.354
32,melhoria,1,100,1398.4279,1354.6976,0.0,0.0,0.0,1.436
32,melhoria,1,101,1398.3964,1355.088,0.0,0.0,0.0,1.442
32,melhoria,1,102,1343.742,1300.44,0.0,0.0,0.0,1.552
32,melhoria,1,103,1343.4804,1300.056,0.0,0.0,0.0,1.56
32,melhoria,1,104,1309.3492,1266.047,0.0,0.0,0.0,1.586
32,melhoria,1,105,1286.1084,1242.8576,0.0,0.0,0.0,1.61
32,melhoria,1,106,1230.8202,1187.576,0.0,0.0,0.0,1.674
32,melhoria,1,107,1196.8763,1153.727,0.0,0.0,0.0,1.719
32,melhoria,1,108,1173.8229,1130.6976,0.0,0.0,0.0,1.746
32,melhoria,1,109,1173.8059,1130.8576,0.0,0.0,0.0,1.804
32,melhoria,1,110,1118.5177,1075.576,0.0,0.0,0.0,1.897
32,melhoria,1,111,1084.5739,1041.727,0.0,0.0,0.0,1.989
32,melhoria,1,112,1061.5205,1018.6976,0.0,0.0,0.0,2.086
32,melhoria,2,114,1061.4956,1018.6976,0.0,0.0,0.0,2.227
32,melhoria,2,116,1061.4689,1018.6981,0.0,0.0,0.0,2.378
32,melhoria,1,117,1060.4528,1018.6981,0.0,0.0,0.0,2.494
32,melhoria,1,118,1060.4233,1018.6981,0.0,0.0,0.0,2.497
32,melhoria,1,119,1059.8912,1018.6981,0.0,0.0,0.0,2.519
32,melhoria,1,120,1059.2697,1018.6981,0.0,0.0,0.0,2.576
32,melhoria,1,121,1058.7448,1018.6981,0.0,0.0,0.0,2.593
32,melhoria,1,122,1058.7021,1018.6981,0.0,0.0,0.0,2.621
32,melhoria,1,123,1058.5404,1018.6981,0.0,0.0,0.0,2.623
32,melhoria,1,124,1058.2179,1018.6981,0.0,0.0,0.0,2.684
32,melhoria,1,125,1058.2032,1018.6981,0.0,0.0,0.0,2.773
32,melhoria,1,126,1057.7934,1018.6981,0.0,0.0,0.0,2.879
32,melhoria,1,127,1057.7505,1018.6981,0.0,0.0,0.0,2.967
32,melhoria,1,128,1057.2267,1018.6981,0.0,0.0,0.0,3.075
32,melhoria,1,129,1056.8251,1018.6981,0.0,0.0,0.0,3.138
32,melhoria,1,130,1056.7553,1018.6981,0.0,0.0,0.0,3.147
32,melhoria,1,131,1056.383,1018.6981,0.0,0.0,0.0,3.162
32,melhoria,1,132,1056.2044,1018.6981,0.0,0.0,0.0,3.195
32,melhoria,1,133,1056.1749,1018.6981,0.0,0.0,0.0,3.318
32,melhoria,2,135,1056.1543,1018.5639,0.0,0.0,0.0,3.466
32,melhoria,1,136,1056.1541,1018.436,0.0,0.0,0.0,3.546
32,melhoria,1,137,1056.0844,1018.436,0.0,0.0,0.0,3.548
32,melhoria,2,139,1056.0731,1018.4629,0.0,0.0,0.0,3.69
32,melhoria,2,141,1055.9333,1018.4629,0.0,0.0,0.0,3.823
32,melhoria,1,142,1055.5869,1018.4629,0.0,0.0,0.0,3.861
32,melhoria,1,143,1055.5438,1018.4629,0.0,0.0,0.0,3.872
32,melhoria,1,144,1055.3588,1018.4629,0.0,0.0,0.0,3.972
32,melhoria,1,145,1055.2942,1018.4629,0.0,0.0,0.0,3.976
32,melhoria,1,146,1055.2774,1018.6229,0.0,0.0,0.0,4.049
32,melhoria,1,147,999.3897,962.7419,0.0,0.0,0.0,4.084
32,melhoria,1,148,998.2162,961.325,0.0,0.0,0.0,4.084
32,melhoria,2,150,998.1825,961.325,0.0,0.0,0.0,4.224
32,melhoria,2,152,998.1286,961.325,0.0,0.0,0.0,4.372
32,melhoria,1,153,998.1223,961.325,0.0,0.0,0.0,4.391
32,melhoria,2,155,998.1221,961.325,0.0,0.0,0.0,4.531
32,melhoria,1,156,998.0986,961.325,0.0,0.0,0.0,4.554
32,melhoria,2,158,998.0044,961.325,0.0,0.0,0.0,4.693
32,melhoria,2,160,994.233,957.5234,0.0,0.0,0.0,4.827
32,melhoria,2,162,994.1315,957.5242,0.0,0.0,0.0,4.983
32,melhoria,1,163,993.6715,957.5242,0.0,0.0,0.0,5.097
32,melhoria,1,164,993.4446,957.5242,0.0,0.0,0.0,5.104
32,melhoria,2,166,993.3326,957.2901,0.0,0.0,0.0,5.253
32,melhoria,2,168,993.2399,957.291,0.0,0.0,0.0,5.394
32,melhoria,2,170,992.143,956.162,0.0,0.0,0.0,5.539
32,melhoria,2,172,991.9928,956.1626,0.0,0.0,0.0,5.68
32,melhoria,2,174,991.992,956.1626,0.0,0.0,0.0,5.854
32,melhoria,1,175,991.9508,956.1626,0.0,0.0,0.0,5.902
32,melhoria,1,176,991.9087,956.1626,0.0,0.0,0.0,5.935
32,melhoria,1,177,991.9076,956.1626,0.0,0.0,0.0,6.001
32,melhoria,1,178,991.906,956.1626,0.0,0.0,0.0,6.063
32,melhoria,2,180,991.4011,955.6593,0.0,0.0,0.0,6.222
32,melhoria,1,181,991.019,955.1795,0.0,0.0,0.0,6.343
32,melhoria,2,183,990.9069,955.1797,0.0,0.0,0.0,6.502
32,melhoria,3,186,990.9019,955.1797,0.0,0.0,0.0,6.74
32,melhoria,4,190,990.8741,955.1797,0.0,0.0,0.0,7.158
32,melhoria,3,193,990.8599,955.1797,0.0,0.0,0.0,7.373
32,melhoria,5,198,990.851,955.1797,0.0,0.0,0.0,7.842
32,timeout,3,200,990.851,955.1797,0.0,0.0,0.0,8.047
32,saida,0,200,990.851,955.1797,0.0,0.0,0.0,8.047
32,entrada,0,0,990.851,955.1797,0.0,0.0,0.0,0.0
32,melhoria,3,3,989.8711,954.1637,0.0,0.0,0.0,0.283
32,melhoria,2,5,989.1344,953.4863,0.0,0.0,0.0,0.466
32,melhoria,5,10,989.1244,953.4863,0.0,0.0,0.0,0.906
32,saida,0,15,989.1244,953.4863,0.0,0.0,0.0,1.336
32,entrada,0,0,989.1244,953.4863,0.0,0.0,0.0,0.0
32,melhoria,3,3,989.1035,953.4863,0.0,0.0,0.0,0.361
32,melhoria,2,5,989.0961,953.4863,0.0,0.0,0.0,0.524
32,saida,0,10,989.0961,953.4863,0.0,0.0,0.0,0.981
32,entrada,0,0,989.0961,953.4863,0.0,0.0,0.0,0.0
32,saida,0,5,989.0961,953.4863,0.0,0.0,0.0,0.458
32,entrada,0,0,2324778.4508,3994.1802,215521.5063,2104088.7239,1029.6,0.0
32,melhoria,1,1,2324778.3844,3994.1802,215521.5063,2104088.7239,1029.6,0.001
32,melhoria,1,2,2324778.3612,3994.1802,215521.5063,2104088.7239,1029.6,0.004
32,melhoria,1,3,2324778.3374,3994.1802,215521.5063,2104088.7239,1029.6,0.015
32,melhoria,1,4,2324656.9226,3994.1147,215515.3757,2103971.351,1029.6,0.024
32,melhoria,1,5,2324417.7216,3993.9868,215503.4018,2103742.1071,1029.6,0.026
32,melhoria,1,6,2324417.6984,3993.9868,215503.4018,2103742.1071,1029.6,0.028
32,melhoria,1,7,2324417.6556,3993.9868,215503.4018,2103742.1071,1029.6,0.029
32,melhoria,1,8,2324417.6318,3993.9868,215503.4018,2103742.1071,1029.6,0.036
32,melhoria,1,9,2324417.589,3993.9868,215503.4018,2103742.1071,1029.6,0.037
32,melhoria,1,10,2324417.5652,3993.9868,215503.4018,2103742.1071,1029.6,0.038
32,melhoria,1,11,2324417.5224,3993.9868,215503.4018,2103742.1071,1029.6,0.038
32,melhoria,1,12,2324116.4269,3993.8268,215488.4258,2103455.3871,1029.6,0.043
32,melhoria,1,13,2324116.3223,3993.8268,215488.4258,2103455.3871,1029.6,0.044
32,melhoria,1,14,2323839.5534,3993.6793,215474.6239,2103191.146,1029.6,0.051
32,melhoria,1,15,2323839.5296,3993.6793,215474.6239,2103191.146,1029.6,0.053
32,melhoria,1,16,2323839.5056,3993.6793,215474.6239,2103191.146,1029.6,0.055
32,melhoria,1,17,2323839.4632,3993.6793,215474.6239,2103191.146,1029.6,0.06
32,melhoria,1,18,2323839.3351,3993.6793,215474.6239,2103191.146,1029.6,0.063
32,melhoria,1,19,2323782.493,3993.6484,215471.7294,2103135.7306,1029.6,0.064
32,melhoria,1,20,2323782.4507,3993.6484,215471.7294,2103135.7306,1029.6,0.067
32,melhoria,1,21,2323301.1901,3993.3924,215447.7678,2102676.9786,1029.6,0.077
32,melhoria,1,22,2323301.1474,3993.3924,215447.7678,2102676.9786,1029.6,0.086
32,melhoria,1,23,2323256.033,3993.3677,215445.4523,2102632.6463,1029.6,0.088
32,melhoria,1,24,2323145.1458,3993.3075,215439.8241,2102524.8941,1029.6,0.088
32,melhoria,1,25,2323145.103,3993.3075,215439.8241,2102524.8941,1029.6,0.088
32,melhoria,1,26,2323145.0174,3993.3075,215439.8241,2102524.8941,1029.6,0.092
32,melhoria,1,27,2323144.9124,3993.3075,215439.8241,2102524.8941,1029.6,0.095
32,melhoria,1,28,2323144.8506,3993.3075,215439.8241,2102524.8941,1029.6,0.099
32,melhoria,1,29,2323144.6363,3993.3075,215439.8241,2102524.8941,1029.6,0.103
32,melhoria,1,30,2323144.5935,3993.3075,215439.8241,2102524.8941,1029.6,0.108
32,melhoria,1,31,2323144.5698,3993.3075,215439.8241,2102524.8941,1029.6,0.113
32,melhoria,1,32,2323144.5461,3993.3075,215439.8241,2102524.8941,1029.6,0.118
32,melhoria,1,33,2322952.0648,3993.2051,215430.2395,2102341.3933,1029.6,0.119
32,melhoria,1,34,2322952.0221,3993.2051,215430.2395,2102341.3933,1029.6,0.122
32,melhoria,1,35,2322951.9363,3993.2051,215430.2395,2102341.3933,1029.6,0.125
32,melhoria,1,36,2322951.8078,3993.2051,215430.2395,2102341.3933,1029.6,0.129
32,melhoria,1,37,2322951.7222,3993.2051,215430.2395,2102341.3933,1029.6,0.129
32,melhoria,1,38,2322951.7217,3993.2051,215430.2395,2102341.3933,1029.6,0.134
32,melhoria,1,39,2322951.698,3993.2051,215430.2395,2102341.3933,1029.6,0.137
32,melhoria,1,40,2322951.655,3993.2051,215430.2395,2102341.3933,1029.6,0.15
32,melhoria,1,41,2322851.8937,3993.1514,215425.2144,2102245.1861,1029.6,0.151
32,melhoria,1,42,2322851.8082,3993.1514,215425.2144,2102245.1861,1029.6,0.157
32,melhoria,1,43,2322851.7645,3993.1514,215425.2144,2102245.1861,1029.6,0.158
32,melhoria,1,44,2322851.7413,3993.1514,215425.2144,2102245.1861,1029.6,0.172
32,melhoria,1,45,2322851.6743,3993.1514,215425.2144,2102245.1861,1029.6,0.173
32,melhoria,1,46,2322788.8685,3993.1179,215422.0737,2102185.0565,1029.6,0.19
32,melhoria,1,47,2322710.4844,3993.0759,215418.1478,2102109.8946,1029.6,0.198
32,melhoria,1,48,2322647.9566,3993.0424,215415.0071,2102049.765,1029.6,0.219
32,melhoria,1,49,2322647.9139,3993.0424,215415.0071,2102049.765,1029.6,0.222
32,melhoria,1,50,2322373.5009,3992.8956,215401.2666,2101786.6983,1029.6,0.231
32,melhoria,1,51,2322373.3724,3992.8956,215401.2666,2101786.6983,1029.6,0.234
32,melhoria,1,52,2322373.2867,3992.8956,215401.2666,2101786.6983,1029.6,0.243
32,melhoria,1,53,2321819.9288,3992.6007,215373.6628,2101258.216,1029.6,0.25
32,melhoria,1,54,2321819.8859,3992.6007,215373.6628,2101258.216,1029.6,0.265
32,melhoria,1,55,2321435.5446,3992.3959,215354.4936,2100891.2144,1029.6,0.272
32,melhoria,1,56,2321435.5017,3992.3959,215354.4936,2100891.2144,1029.6,0.281
32,melhoria,1,57,2321435.373,3992.3959,215354.4936,2100891.2144,1029.6,0.286
32,melhoria,1,58,2321435.3301,3992.3959,215354.4936,2100891.2144,1029.6,0.339
32,melhoria,1,59,2321435.2873,3992.3959,215354.4936,2100891.2144,1029.6,0.383
32,melhoria,1,60,2321435.1782,3992.3959,215354.4936,2100891.2144,1029.6,0.401
32,melhoria,1,61,2321435.1779,3992.3959,215354.4936,2100891.2144,1029.6,0.449
32,melhoria,1,62,2321435.177,3992.3959,215354.4936,2100891.2144,1029.6,0.451
32,melhoria,1,63,2321435.1342,3992.3959,215354.4936,2100891.2144,1029.6,0.553
32,melhoria,1,64,2321435.1104,3992.3959,215354.4936,2100891.2144,1029.6,0.601
32,melhoria,3,67,2290615.4276,3896.4305,206127.088,2079394.9783,1029.6,0.743
32,melhoria,1,68,2290610.293,3896.4074,206127.088,2079389.8004,1029.6,0.847
32,melhoria,1,69,2290610.2513,3896.4074,206127.088,2079389.8004,1029.6,0.861
32,melhoria,1,70,2290602.2104,3896.3713,206127.088,2079381.71,1029.6,0.879
32,melhoria,1,71,2290589.5982,3896.3149,206127.088,2079369.0687,1029.6,0.899
32,melhoria,1,72,2290569.8435,3896.2267,206127.088,2079349.3166,1029.6,0.934
32,melhoria,1,73,2290517.4434,3895.9932,206127.088,2079297.0218,1029.6,1.007
32,melhoria,1,74,2290490.5761,3895.8736,206127.088,2079270.2314,1029.6,1.087
32,melhoria,2,76,2290479.0391,3895.8223,206127.088,2079258.725,1029.6,1.223
32,melhoria,1,77,2290479.0323,3895.8223,206127.088,2079258.725,1029.6,1.271
32,melhoria,1,78,2290472.6167,3895.7934,206127.088,2079252.2526,1029.6,1.366
32,melhoria,1,79,2290455.5325,3895.7169,206127.088,2079235.1167,1029.6,1.432
32,melhoria,1,80,2290435.7777,3895.6287,206127.088,2079215.3646,1029.6,1.476
32,melhoria,1,81,2290422.0425,3895.5674,206127.088,2079201.648,1029.6,1.491
32,melhoria,1,82,2290383.3774,3895.3952,206127.088,2079163.0698,1029.6,1.545
32,melhoria,3,85,2237839.0024,3849.1989,203309.2776,2029483.3196,1029.6,1.752
32,melhoria,3,88,2237771.3572,3849.023,203305.8222,2029419.2841,1029.6,1.894
32,melhoria,1,89,2237757.4226,3849.023,203291.7822,2029419.2841,1029.6,1.897
32,melhoria,1,90,2237679.6974,3848.8553,203275.1068,2029358.2502,1029.6,1.983
32,melhoria,1,91,2237679.6116,3848.8553,203275.1068,2029358.2502,1029.6,1.986
32,melhoria,1,92,2237527.636,3848.5278,203242.5378,2029239.0433,1029.6,1.99
32,melhoria,1,93,2237527.5931,3848.5278,203242.5378,2029239.0433,1029.6,2.029
32,melhoria,1,94,2237527.5269,3848.5278,203242.5378,2029239.0433,1029.6,2.044
32,melhoria,1,95,2237527.484,3848.5278,203242.5378,2029239.0433,1029.6,2.064
32,melhoria,1,96,2237449.6046,3848.36,203225.8529,2029177.9743,1029.6,2.067
32,melhoria,1,97,2237449.6033,3848.36,203225.8529,2029177.9743,1029.6,2.08
32,melhoria,1,98,2237078.384,3847.5605,203146.3387,2028886.942,1029.6,2.168
32,melhoria,3,101,2237078.378,3847.5605,203146.3387,2028886.942,1029.6,2.316
32,melhoria,3,104,1917357.7688,3621.4451,182688.412,1729949.2779,936.0,2.467
32,melhoria,2,106,1821337.5774,3553.9656,176294.0785,1640392.2968,936.0,2.582
32,melhoria,2,108,1806352.1722,3554.4715,176405.3062,1625295.6881,936.0,2.708
32,melhoria,2,110,1759169.7772,3525.697,174376.6302,1580171.5801,936.0,2.83
32,melhoria,2,112,1754829.3686,3528.6721,174654.8764,1575550.6912,936.0,2.969
32,melhoria,1,113,1701638.8827,3494.7721,174654.8764,1522395.4912,936.0,2.989
32,melhoria,1,114,1701636.7724,3494.7721,174654.8764,1522395.4912,936.0,3.049
32,melhoria,1,115,1701636.1662,3494.7721,174654.8764,1522395.4912,936.0,3.078
32,melhoria,1,116,1701634.9714,3494.7721,174654.8764,1522395.4912,936.0,3.105
32,melhoria,1,117,1701634.5835,3494.7721,174654.8764,1522395.4912,936.0,3.132
32,melhoria,1,118,1701634.0561,3494.7721,174654.8764,1522395.4912,936.0,3.136
32,melhoria,1,119,1701633.1642,3494.7721,174654.8764,1522395.4912,936.0,3.147
32,melhoria,1,120,1701630.5929,3494.7721,174654.8764,1522395.4912,936.0,3.173
32,melhoria,1,121,1701629.1048,3494.7721,174654.8764,1522395.4912,936.0,3.192
32,melhoria,1,122,1701628.654,3494.7721,174654.8764,1522395.4912,936.0,3.245
32,melhoria,1,123,1701627.5379,3494.7721,174654.8764,1522395.4912,936.0,3.283
32,melhoria,1,124,1701625.5684,3494.7721,174654.8764,1522395.4912,936.0,3.288
32,melhoria,1,125,1472744.3172,3298.3455,151568.6029,1316894.0218,842.4,3.33
32,melhoria,1,126,1472743.7428,3298.3455,151568.6029,1316894.0218,842.4,3.344
32,melhoria,1,127,1472742.9677,3298.3455,151568.6029,1316894.0218,842.4,3.348
32,melhoria,1,128,1472742.5944,3298.3455,151568.6029,1316894.0218,842.4,3.355
32,melhoria,1,129,1472741.64,3298.3455,151568.6029,1316894.0218,842.4,3.399
32,melhoria,1,130,1472739.8767,3298.3455,151568.6029,1316894.0218,842.4,3.403
32,melhoria,1,131,1472739.3673,3298.3455,151568.6029,1316894.0218,842.4,3.405
32,melhoria,1,132,1472738.6612,3298.3455,151568.6029,1316894.0218,842.4,3.46
32,melhoria,1,133,1472738.4738,3298.3455,151568.6029,1316894.0218,842.4,3.461
32,melhoria,1,134,1472738.095,3298.3455,151568.6029,1316894.0218,842.4,3.469
32,melhoria,1,135,1472737.412,3298.3455,151568.6029,1316894.0218,842.4,3.523
32,melhoria,1,136,1472735.9577,3298.3455,151568.6029,1316894.0218,842.4,3.556
32,melhoria,1,137,1472734.5861,3298.3455,151568.6029,1316894.0218,842.4,3.582
32,melhoria,1,138,1472733.2383,3298.3455,151568.6029,1316894.0218,842.4,3.592
32,melhoria,1,139,1472732.1452,3298.3455,151568.6029,1316894.0218,842.4,3.598
32,melhoria,1,140,1472731.9169,3298.3455,151568.6029,1316894.0218,842.4,3.623
32,melhoria,1,141,1472541.7201,3297.9359,151527.8682,1316744.9274,842.4,3.63
32,melhoria,1,142,1472540.7355,3297.9359,151527.8682,1316744.9274,842.4,3.638
32,melhoria,1,143,1472540.3701,3297.9359,151527.8682,1316744.9274,842.4,3.64
32,melhoria,1,144,1472538.9116,3297.9359,151527.8682,1316744.9274,842.4,3.678
32,melhoria,1,145,1472537.8101,3297.9359,151527.8682,1316744.9274,842.4,3.685
32,melhoria,1,146,1472536.168,3297.9359,151527.8682,1316744.9274,842.4,3.703
32,melhoria,1,147,1472534.865,3297.9359,151527.8682,1316744.9274,842.4,3.72
32,melhoria,1,148,1472533.6511,3297.9359,151527.8682,1316744.9274,842.4,3.72
32,melhoria,1,149,1472532.928,3297.9359,151527.8682,1316744.9274,842.4,3.729
32,melhoria,1,150,1472532.4903,3297.9359,151527.8682,1316744.9274,842.4,3.735
32,melhoria,1,151,1472531.3697,3297.9359,151527.8682,1316744.9274,842.4,3.742
32,melhoria,1,152,1472530.4807,3297.9359,151527.8682,1316744.9274,842.4,3.76
32,melhoria,1,153,1472529.1361,3297.9359,151527.8682,1316744.9274,842.4,3.805
32,melhoria,1,154,1472528.1857,3297.9359,151527.8682,1316744.9274,842.4,3.806
32,melhoria,1,155,1472527.4126,3297.9359,151527.8682,1316744.9274,842.4,3.841
32,melhoria,1,156,1472525.9644,3297.9359,151527.8682,1316744.9274,842.4,3.848
32,melhoria,1,157,1472524.0508,3297.9359,151527.8682,1316744.9274,842.4,3.848
32,melhoria,1,158,1472522.9221,3297.9359,151527.8682,1316744.9274,842.4,3.856
32,melhoria,1,159,1472522.0233,3297.9359,151527.8682,1316744.9274,842.4,3.872
32,melhoria,1,160,1472284.2666,3297.4239,151476.9498,1316558.5594,842.4,3.884
32,melhoria,1,161,1472282.5028,3297.4239,151476.9498,1316558.5594,842.4,3.931
32,melhoria,1,162,1472281.6996,3297.4239,151476.9498,1316558.5594,842.4,3.947
32,melhoria,1,163,1472280.1586,3297.4239,151476.9498,1316558.5594,842.4,3.952
32,melhoria,1,164,1472279.6593,3297.4239,151476.9498,1316558.5594,842.4,3.965
32,melhoria,1,165,1472279.1975,3297.4239,151476.9498,1316558.5594,842.4,4.0
32,melhoria,1,166,1472278.2641,3297.4239,151476.9498,1316558.5594,842.4,4.051
32,melhoria,1,167,1472277.7648,3297.4239,151476.9498,1316558.5594,842.4,4.054
32,melhoria,1,168,1472276.8123,3297.4239,151476.9498,1316558.5594,842.4,4.07
32,melhoria,1,169,1472276.5506,3297.4239,151476.9498,1316558.5594,842.4,4.086
32,melhoria,1,170,1472275.5995,3297.4239,151476.9498,1316558.5594,842.4,4.103
32,melhoria,1,171,1472274.7691,3297.4239,151476.9498,1316558.5594,842.4,4.113
32,melhoria,1,172,1472273.4263,3297.4239,151476.9498,1316558.5594,842.4,4.12
32,melhoria,1,173,1472272.6811,3297.4239,151476.9498,1316558.5594,842.4,4.144
32,melhoria,1,174,1472271.9103,3297.4239,151476.9498,1316558.5594,842.4,4.155
32,melhoria,1,175,1472270.8848,3297.4239,151476.9498,1316558.5594,842.4,4.271
32,melhoria,1,176,1472270.2755,3297.4239,151476.9498,1316558.5594,842.4,4.301
32,melhoria,1,177,1472270.0148,3297.4239,151476.9498,1316558.5594,842.4,4.337
32,melhoria,1,178,1472268.7839,3297.4239,151476.9498,1316558.5594,842.4,4.357
32,melhoria,1,179,1472268.0991,3297.4239,151476.9498,1316558.5594,842.4,4.387
32,melhoria,1,180,1472267.8745,3297.4239,151476.9498,1316558.5594,842.4,4.395
32,melhoria,1,181,1472266.8929,3297.4239,151476.9498,1316558.5594,842.4,4.445
32,melhoria,1,182,1472265.8833,3297.4239,151476.9498,1316558.5594,842.4,4.469
32,melhoria,1,183,1472265.1147,3297.4239,151476.9498,1316558.5594,842.4,4.491
32,melhoria,1,184,1472264.4996,3297.4239,151476.9498,1316558.5594,842.4,4.496
32,melhoria,1,185,1472264.2376,3297.4239,151476.9498,1316558.5594,842.4,4.506
32,melhoria,1,186,1472263.8754,3297.4239,151476.9498,1316558.5594,842.4,4.526
32,melhoria,1,187,1472263.0263,3297.4239,151476.9498,1316558.5594,842.4,4.563
32,melhoria,1,188,1472262.2013,3297.4239,151476.9498,1316558.5594,842.4,4.597
32,melhoria,1,189,1472261.6183,3297.4239,151476.9498,1316558.5594,842.4,4.639
32,melhoria,1,190,1472261.0374,3297.4239,151476.9498,1316558.5594,842.4,4.681
32,melhoria,1,191,1472260.2449,3297.4239,151476.9498,1316558.5594,842.4,4.723
32,melhoria,1,192,1472259.7456,3297.4239,151476.9498,1316558.5594,842.4,4.83
32,melhoria,1,193,1472259.2897,3297.4239,151476.9498,1316558.5594,842.4,4.858
32,melhoria,1,194,1472259.2891,3297.4239,151476.9498,1316558.5594,842.4,4.89
32,melhoria,2,196,1472259.2889,3297.4239,151476.9498,1316558.5594,842.4,5.036
32,melhoria,1,197,1472259.1603,3297.4239,151476.9498,1316558.5594,842.4,5.066
32,melhoria,1,198,1472259.0744,3297.4239,151476.9498,1316558.5594,842.4,5.165
32,melhoria,1,199,1472258.9884,3297.4239,151476.9498,1316558.5594,842.4,5.208
32,melhoria,3,202,1377502.4698,3231.5577,145311.8745,1228034.4019,842.4,5.39
32,melhoria,2,204,1376312.0757,3231.6671,144096.8723,1228058.9006,842.4,5.535
32,melhoria,2,206,1373959.8052,3235.3486,144234.8456,1225565.0339,842.4,5.709
32,melhoria,3,209,1373927.8582,3235.2482,144225.4549,1225542.5605,842.4,5.911
32,melhoria,1,210,1373919.9098,3235.2232,144223.1073,1225536.9421,842.4,5.953
32,melhoria,1,211,1373838.1441,3234.9658,144199.023,1225479.3046,842.4,6.068
32,melhoria,3,214,1243931.9638,3061.3949,122107.9722,1117932.6893,748.8,6.268
32,melhoria,2,216,1172810.5606,3010.1856,120354.0389,1048617.2341,748.8,6.41
32,melhoria,2,218,1120151.6234,3004.3845,119990.1779,996329.3262,748.8,6.549
32,melhoria,2,220,1118317.6806,3003.2355,120016.7435,994470.3342,748.8,6.695
32,melhoria,1,221,1074152.034,2972.9235,120016.7435,950336.0622,748.8,6.777
32,melhoria,2,223,1069658.2406,2969.68,119713.0114,946149.3493,748.8,6.922
32,melhoria,3,226,970842.005,2842.1771,107794.7547,859473.5111,655.2,7.127
32,melhoria,2,228,970150.9042,2839.1707,108431.112,858149.065,655.2,7.253
32,melhoria,2,230,958964.5166,2841.18,108712.7811,846679.069,655.2,7.375
32,melhoria,2,232,920992.2614,2843.8628,108593.0502,808824.5433,655.2,7.495
32,melhoria,1,233,920992.112,2843.8628,108593.0502,808824.5433,655.2,7.496
32,melhoria,1,234,920992.026,2843.8628,108593.0502,808824.5433,655.2,7.521
32,melhoria,1,235,920991.9406,2843.8628,108593.0502,808824.5433,655.2,7.584
32,melhoria,1,236,920991.8979,2843.8628,108593.0502,808824.5433,655.2,7.657
32,melhoria,1,237,920991.8551,2843.8628,108593.0502,808824.5433,655.2,7.704
32,melhoria,1,238,920991.7265,2843.8628,108593.0502,808824.5433,655.2,7.748
32,melhoria,1,239,920991.6842,2843.8628,108593.0502,808824.5433,655.2,7.754
32,melhoria,1,240,920991.6414,2843.8628,108593.0502,808824.5433,655.2,7.811
32,melhoria,1,241,920991.5556,2843.8628,108593.0502,808824.5433,655.2,7.848
32,melhoria,1,242,920991.5127,2843.8628,108593.0502,808824.5433,655.2,7.925
32,timeout,2,243,920991.5127,2843.8628,108593.0502,808824.5433,655.2,8.058
32,saida,0,243,920991.5127,2843.8628,108593.0502,808824.5433,655.2,8.058
42,entrada,0,0,1663.425,1598.3677,0.0,0.0,0.0,0.0
42,melhoria,1,1,1663.3588,1598.3677,0.0,0.0,0.0,0.003
42,melhoria,1,2,1663.249,1598.3677,0.0,0.0,0.0,0.01
42,melhoria,1,3,1663.2258,1598.3677,0.0,0.0,0.0,0.011
42,melhoria,1,4,1663.1829,1598.3677,0.0,0.0,0.0,0.011
42,melhoria,1,5,1662.9447,1598.3677,0.0,0.0,0.0,0.012
42,melhoria,1,6,1662.4951,1598.3677,0.0,0.0,0.0,0.013
42,melhoria,1,7,1661.9058,1598.3677,0.0,0.0,0.0,0.014
42,melhoria,1,8,1661.8821,1598.3677,0.0,0.0,0.0,0.016
42,melhoria,1,9,1661.7183,1598.3677,0.0,0.0,0.0,0.027
42,melhoria,1,10,1661.5773,1598.3677,0.0,0.0,0.0,0.03
42,melhoria,1,11,1660.9427,1598.3677,0.0,0.0,0.0,0.035
42,melhoria,1,12,1660.9001,1598.3677,0.0,0.0,0.0,0.036
42,melhoria,1,13,1660.8835,1598.3677,0.0,0.0,0.0,0.037
42,melhoria,1,14,1660.5842,1598.3677,0.0,0.0,0.0,0.037
42,melhoria,1,15,1660.4223,1598.3677,0.0,0.0,0.0,0.038
42,melhoria,1,16,1660.3991,1598.3677,0.0,0.0,0.0,0.039
42,melhoria,1,17,1660.3983,1598.3677,0.0,0.0,0.0,0.045
42,melhoria,1,18,1660.313,1598.3677,0.0,0.0,0.0,0.05
42,melhoria,1,19,1660.1066,1598.3677,0.0,0.0,0.0,0.05
42,melhoria,1,20,1659.9591,1598.3677,0.0,0.0,0.0,0.051
42,melhoria,1,21,1659.389,1598.3677,0.0,0.0,0.0,0.064
42,melhoria,1,22,1659.3465,1598.3677,0.0,0.0,0.0,0.075
42,melhoria,1,23,1659.0597,1598.3677,0.0,0.0,0.0,0.096
42,melhoria,1,24,1658.9927,1598.3677,0.0,0.0,0.0,0.1
42,melhoria,1,25,1658.9498,1598.3677,0.0,0.0,0.0,0.104
42,melhoria,1,26,1658.8403,1598.3677,0.0,0.0,0.0,0.11
42,melhoria,1,27,1656.4885,1598.3677,0.0,0.0,0.0,0.116
42,melhoria,1,28,1656.0312,1598.3677,0.0,0.0,0.0,0.12
42,melhoria,1,29,1655.9463,1598.3677,0.0,0.0,0.0,0.123
42,melhoria,1,30,1655.9422,1598.3677,0.0,0.0,0.0,0.125
42,melhoria,1,31,1655.8083,1598.0477,0.0,0.0,0.0,0.144
42,melhoria,1,32,1655.6746,1598.0477,0.0,0.0,0.0,0.152
42,melhoria,1,33,1655.546,1598.0477,0.0,0.0,0.0,0.155
42,melhoria,1,34,1655.5331,1598.0477,0.0,0.0,0.0,0.165
42,melhoria,1,35,1655.5094,1598.0477,0.0,0.0,0.0,0.183
42,melhoria,1,36,1655.3806,1598.0477,0.0,0.0,0.0,0.184
42,melhoria,1,37,1655.1625,1598.0477,0.0,0.0,0.0,0.187
42,melhoria,1,38,1655.0196,1598.0477,0.0,0.0,0.0,0.191
42,melhoria,1,39,1654.9773,1598.0477,0.0,0.0,0.0,0.199
42,melhoria,1,40,1654.9112,1598.0477,0.0,0.0,0.0,0.2
42,melhoria,1,41,1654.8215,1598.0477,0.0,0.0,0.0,0.206
42,melhoria,1,42,1654.2466,1598.0477,0.0,0.0,0.0,0.227
42,melhoria,1,43,1654.2037,1598.0477,0.0,0.0,0.0,0.229
42,melhoria,1,44,1654.1369,1598.0477,0.0,0.0,0.0,0.276
42,melhoria,1,45,1654.094,1598.0477,0.0,0.0,0.0,0.287
42,melhoria,1,46,1654.0926,1598.0477,0.0,0.0,0.0,0.338
42,melhoria,1,47,1653.9485,1598.0477,0.0,0.0,0.0,0.358
42,melhoria,1,48,1653.8635,1598.0477,0.0,0.0,0.0,0.382
42,melhoria,1,49,1653.7525,1598.0477,0.0,0.0,0.0,0.408
42,melhoria,1,50,1653.3993,1598.0477,0.0,0.0,0.0,0.409
42,melhoria,1,51,1653.399,1598.0477,0.0,0.0,0.0,0.42
42,melhoria,1,52,1653.3423,1598.0477,0.0,0.0,0.0,0.431
42,melhoria,1,53,1652.4278,1598.0477,0.0,0.0,0.0,0.455
42,melhoria,1,54,1652.292,1598.0477,0.0,0.0,0.0,0.48
42,melhoria,1,55,1651.9789,1598.0477,0.0,0.0,0.0,0.496
42,melhoria,1,56,1651.5216,1598.0477,0.0,0.0,0.0,0.513
42,melhoria,1,57,1650.7909,1598.0477,0.0,0.0,0.0,0.577
42,melhoria,1,58,1650.7402,1598.0477,0.0,0.0,0.0,0.597
42,melhoria,1,59,1650.3858,1598.0477,0.0,0.0,0.0,0.611
42,melhoria,1,60,1649.8065,1598.0477,0.0,0.0,0.0,0.658
42,melhoria,1,61,1649.598,1598.0477,0.0,0.0,0.0,0.695
42,melhoria,1,62,1649.3759,1598.0477,0.0,0.0,0.0,0.698
42,melhoria,1,63,1648.7125,1598.0477,0.0,0.0,0.0,0.705
42,melhoria,1,64,1648.4942,1598.0477,0.0,0.0,0.0,0.713
42,melhoria,1,65,1648.447,1598.0477,0.0,0.0,0.0,0.726
42,melhoria,1,66,1648.0341,1598.0477,0.0,0.0,0.0,0.758
42,melhoria,1,67,1647.9008,1598.0477,0.0,0.0,0.0,0.802
42,melhoria,1,68,1647.566,1598.0477,0.0,0.0,0.0,0.84
42,melhoria,1,69,1647.3793,1598.0477,0.0,0.0,0.0,0.899
42,melhoria,2,71,1647.3056,1598.0626,0.0,0.0,0.0,1.025
42,melhoria,2,73,1647.2396,1597.9748,0.0,0.0,0.0,1.158
42,melhoria,1,74,1647.2195,1597.9748,0.0,0.0,0.0,1.174
42,melhoria,1,75,1646.4664,1596.7827,0.0,0.0,0.0,1.203
42,melhoria,2,77,1646.279,1596.7827,0.0,0.0,0.0,1.331
42,melhoria,1,78,1646.2778,1596.7827,0.0,0.0,0.0,1.366
42,melhoria,1,79,1646.2769,1596.7827,0.0,0.0,0.0,1.404
42,melhoria,2,81,1646.2679,1596.8085,0.0,0.0,0.0,1.529
42,melhoria,2,83,1646.2613,1596.8085,0.0,0.0,0.0,1.661
42,melhoria,1,84,1646.2599,1596.8085,0.0,0.0,0.0,1.693
42,melhoria,2,86,1646.2596,1596.8515,0.0,0.0,0.0,1.855
42,melhoria,3,89,1646.2498,1596.8515,0.0,0.0,0.0,2.038
42,melhoria,1,90,1645.3181,1596.8515,0.0,0.0,0.0,2.08
42,melhoria,1,91,1644.5311,1596.8515,0.0,0.0,0.0,2.176
42,melhoria,1,92,1643.8737,1596.8515,0.0,0.0,0.0,2.213
42,melhoria,1,93,1643.8346,1596.8515,0.0,0.0,0.0,2.27
42,melhoria,1,94,1643.5131,1596.8515,0.0,0.0,0.0,2.312
42,melhoria,1,95,1643.1632,1596.8515,0.0,0.0,0.0,2.387
42,melhoria,1,96,1643.0283,1596.8515,0.0,0.0,0.0,2.498
42,melhoria,1,97,1642.6359,1596.8515,0.0,0.0,0.0,2.611
42,melhoria,1,98,1642.5479,1596.8515,0.0,0.0,0.0,2.683
42,melhoria,2,100,1642.4906,1596.7321,0.0,0.0,0.0,2.816
42,melhoria,2,102,1642.437,1596.7314,0.0,0.0,0.0,2.955
42,melhoria,1,103,1642.4111,1596.7314,0.0,0.0,0.0,2.967
42,melhoria,1,104,1641.297,1596.7314,0.0,0.0,0.0,2.997
42,melhoria,1,105,1640.6758,1596.7314,0.0,0.0,0.0,3.075
42,melhoria,1,106,1639.6349,1596.7314,0.0,0.0,0.0,3.159
42,melhoria,1,107,1639.2574,1596.7314,0.0,0.0,0.0,3.198
42,melhoria,1,108,1638.8304,1596.7314,0.0,0.0,0.0,3.257
42,melhoria,1,109,1638.5409,1596.7314,0.0,0.0,0.0,3.368
42,melhoria,1,110,1638.3883,1596.7314,0.0,0.0,0.0,3.479
42,melhoria,2,112,1638.3202,1596.7469,0.0,0.0,0.0,3.622
42,melhoria,2,114,1638.1518,1596.5479,0.0,0.0,0.0,3.775
42,melhoria,2,116,1638.0896,1596.4122,0.0,0.0,0.0,3.921
42,melhoria,1,117,1638.0415,1596.3779,0.0,0.0,0.0,4.019
42,melhoria,1,118,1637.1706,1596.3779,0.0,0.0,0.0,4.089
42,melhoria,1,119,1637.1538,1596.3779,0.0,0.0,0.0,4.19
42,melhoria,1,120,1636.4534,1596.3779,0.0,0.0,0.0,4.272
42,melhoria,1,121,1636.0592,1596.3779,0.0,0.0,0.0,4.336
42,melhoria,1,122,1636.0436,1596.4617,0.0,0.0,0.0,4.385
42,melhoria,1,123,1635.6841,1596.4617,0.0,0.0,0.0,4.443
42,melhoria,1,124,1635.0547,1596.4617,0.0,0.0,0.0,4.448
42,melhoria,1,125,1634.8,1596.4617,0.0,0.0,0.0,4.489
42,melhoria,1,126,1634.5963,1596.4617,0.0,0.0,0.0,4.514
42,melhoria,1,127,1634.4818,1596.4617,0.0,0.0,0.0,4.551
42,melhoria,1,128,1633.9009,1596.4617,0.0,0.0,0.0,4.564
42,melhoria,1,129,1633.735,1596.0254,0.0,0.0,0.0,4.577
42,melhoria,1,130,1633.5493,1596.0254,0.0,0.0,0.0,4.601
42,melhoria,1,131,1633.3385,1595.7305,0.0,0.0,0.0,4.656
42,melhoria,1,132,1633.1367,1595.7305,0.0,0.0,0.0,4.673
42,melhoria,1,133,1632.9737,1595.5257,0.0,0.0,0.0,4.702
42,melhoria,1,134,1632.8347,1595.5257,0.0,0.0,0.0,4.769
42,melhoria,1,135,1632.6979,1595.5257,0.0,0.0,0.0,4.807
42,melhoria,2,137,1632.6845,1595.5259,0.0,0.0,0.0,4.934
42,melhoria,2,139,1632.6127,1595.5261,0.0,0.0,0.0,5.102
42,melhoria,1,140,1632.1715,1595.5261,0.0,0.0,0.0,5.113
42,melhoria,1,141,1631.8217,1595.5261,0.0,0.0,0.0,5.178
42,melhoria,2,143,1631.7612,1595.5263,0.0,0.0,0.0,5.306
42,melhoria,1,144,1631.753,1595.5263,0.0,0.0,0.0,5.358
42,melhoria,2,146,1631.7387,1595.527,0.0,0.0,0.0,5.499
42,melhoria,2,148,1631.6881,1595.5528,0.0,0.0,0.0,5.635
42,melhoria,2,150,1631.6878,1595.5528,0.0,0.0,0.0,5.778
42,melhoria,2,152,1631.6477,1595.551,0.0,0.0,0.0,5.915
42,melhoria,2,154,1631.5189,1595.5619,0.0,0.0,0.0,6.045
42,melhoria,1,155,1630.6449,1595.5619,0.0,0.0,0.0,6.084
42,melhoria,1,156,1630.2593,1595.5619,0.0,0.0,0.0,6.136
42,melhoria,1,157,1629.7815,1595.5619,0.0,0.0,0.0,6.162
42,melhoria,1,158,1629.6672,1595.5619,0.0,0.0,0.0,6.177
42,melhoria,2,160,1629.6028,1595.5712,0.0,0.0,0.0,6.305
42,melhoria,2,162,1629.5972,1595.5712,0.0,0.0,0.0,6.448
42,melhoria,2,164,1629.5621,1595.5705,0.0,0.0,0.0,6.596
42,melhoria,1,165,1629.0996,1595.5705,0.0,0.0,0.0,6.713
42,melhoria,1,166,1628.5707,1595.5705,0.0,0.0,0.0,6.766
42,melhoria,2,168,1628.4938,1595.5705,0.0,0.0,0.0,6.905
42,melhoria,1,169,1628.1987,1595.5705,0.0,0.0,0.0,6.923
42,melhoria,1,170,1628.0412,1595.5705,0.0,0.0,0.0,7.007
42,melhoria,1,171,1628.0251,1595.5705,0.0,0.0,0.0,7.104
42,melhoria,2,173,1627.9465,1595.586,0.0,0.0,0.0,7.245
42,melhoria,4,177,1627.9464,1595.586,0.0,0.0,0.0,7.638
42,melhoria,3,180,1627.829,1595.4068,0.0,0.0,0.0,7.824
42,melhoria,2,182,1627.8117,1595.4785,0.0,0.0,0.0,7.957
42,timeout,2,183,1627.8117,1595.4785,0.0,0.0,0.0,8.097
42,saida,0,183,1627.8117,1595.4785,0.0,0.0,0.0,8.097
59,entrada,0,0,72440.5037,1873.0325,18854.0813,51534.5082,93.6,0.0
59,melhoria,1,1,72440.4794,1873.0325,18854.0813,51534.5082,93.6,0.011
59,melhoria,1,2,72440.4131,1873.0325,18854.0813,51534.5082,93.6,0.015
59,melhoria,1,3,72440.0329,1873.0325,18854.0813,51534.5082,93.6,0.019
59,melhoria,1,4,72439.9046,1873.0325,18854.0813,51534.5082,93.6,0.02
59,melhoria,1,5,72352.1445,1872.8687,18838.7459,51461.1079,93.6,0.023
59,melhoria,1,6,72352.1208,1872.8687,18838.7459,51461.1079,93.6,0.024
59,melhoria,1,7,72350.3263,1872.8687,18838.7459,51461.1079,93.6,0.026
59,melhoria,1,8,72281.3034,1872.7407,18826.7651,51403.7639,93.6,0.031
59,melhoria,1,9,72281.2605,1872.7407,18826.7651,51403.7639,93.6,0.042
59,melhoria,1,10,72279.7085,1872.7407,18826.7651,51403.7639,93.6,0.045
59,melhoria,1,11,72279.6845,1872.7407,18826.7651,51403.7639,93.6,0.047
59,melhoria,1,12,72193.1187,1872.5807,18811.7891,51332.0839,93.6,0.053
59,melhoria,1,13,72193.0335,1872.5807,18811.7891,51332.0839,93.6,0.062
59,melhoria,1,14,72192.9671,1872.5807,18811.7891,51332.0839,93.6,0.063
59,melhoria,1,15,72192.2248,1872.5807,18811.7891,51332.0839,93.6,0.068
59,melhoria,1,16,72191.6291,1872.5807,18811.7891,51332.0839,93.6,0.072
59,melhoria,1,17,72191.5862,1872.5807,18811.7891,51332.0839,93.6,0.075
59,melhoria,1,18,72191.5622,1872.5807,18811.7891,51332.0839,93.6,0.081
59,melhoria,1,19,72191.5386,1872.5807,18811.7891,51332.0839,93.6,0.083
59,melhoria,1,20,72191.4958,1872.5807,18811.7891,51332.0839,93.6,0.086
59,melhoria,1,21,72190.9679,1872.5807,18811.7891,51332.0839,93.6,0.091
59,melhoria,1,22,72190.925,1872.5807,18811.7891,51332.0839,93.6,0.094
59,melhoria,1,23,72190.5587,1872.5807,18811.7891,51332.0839,93.6,0.096
59,melhoria,1,24,72190.535,1872.5807,18811.7891,51332.0839,93.6,0.098
59,melhoria,1,25,72080.2107,1872.3759,18792.6198,51240.3335,93.6,0.109
59,melhoria,1,26,72080.1016,1872.3759,18792.6198,51240.3335,93.6,0.113
59,melhoria,1,27,72080.035,1872.3759,18792.6198,51240.3335,93.6,0.113
59,melhoria,1,28,72079.992,1872.3759,18792.6198,51240.3335,93.6,0.114
59,melhoria,1,29,72079.9489,1872.3759,18792.6198,51240.3335,93.6,0.134
59,melhoria,1,30,30922.2041,1776.0008,10921.1527,18144.2638,0.0,0.138
59,melhoria,1,31,30922.1613,1776.0008,10921.1527,18144.2638,0.0,0.14
59,melhoria,1,32,30922.0566,1776.0008,10921.1527,18144.2638,0.0,0.142
59,melhoria,1,33,29959.5679,1776.0008,9959.1189,18144.2638,0.0,0.143
59,melhoria,1,34,29959.4833,1776.0008,9959.1189,18144.2638,0.0,0.144
59,melhoria,1,35,29959.4404,1776.0008,9959.1189,18144.2638,0.0,0.148
59,melhoria,1,36,29959.4399,1776.0008,9959.1189,18144.2638,0.0,0.152
59,melhoria,1,37,29959.3971,1776.0008,9959.1189,18144.2638,0.0,0.156
59,melhoria,1,38,29959.3542,1776.0008,9959.1189,18144.2638,0.0,0.159
59,melhoria,1,39,29959.3304,1776.0008,9959.1189,18144.2638,0.0,0.162
59,melhoria,1,40,29958.7754,1776.0008,9959.1189,18144.2638,0.0,0.166
59,melhoria,1,41,29956.7905,1776.0008,9959.1189,18144.2638,0.0,0.167
59,melhoria,1,42,29956.5462,1776.0008,9959.1189,18144.2638,0.0,0.188
59,melhoria,1,43,29955.457,1776.0008,9959.1189,18144.2638,0.0,0.193
59,melhoria,1,44,6798.631,1693.6291,3409.7657,1619.2695,0.0,0.222
59,melhoria,2,46,6746.4743,1693.4028,3388.5864,1588.2279,0.0,0.385
59,melhoria,2,48,6746.0243,1693.401,3388.4133,1587.8374,0.0,0.548
59,melhoria,3,51,5500.5817,1692.5049,2331.1022,1400.553,0.0,0.766
59,melhoria,1,52,5499.8596,1692.5049,2331.1022,1400.553,0.0,0.768
59,melhoria,1,53,5499.4289,1692.5049,2331.1022,1400.553,0.0,0.784
59,melhoria,1,54,5499.2344,1692.5049,2331.1022,1400.553,0.0,0.802
59,melhoria,1,55,5498.832,1692.5049,2331.1022,1400.553,0.0,0.81
59,melhoria,1,56,5498.2034,1692.5049,2331.1022,1400.553,0.0,0.813
59,melhoria,1,57,5498.1366,1692.5049,2331.1022,1400.553,0.0,0.817
59,melhoria,1,58,5497.289,1692.5049,2331.1022,1400.553,0.0,0.84
59,melhoria,1,59,5496.8456,1692.5049,2331.1022,1400.553,0.0,0.846
59,melhoria,1,60,5496.2879,1692.5049,2331.1022,1400.553,0.0,0.862
59,melhoria,1,61,5495.9216,1692.5049,2331.1022,1400.553,0.0,0.867
59,melhoria,1,62,5495.7413,1692.5049,2331.1022,1400.553,0.0,0.896
59,melhoria,1,63,5495.259,1692.5049,2331.1022,1400.553,0.0,0.914
59,melhoria,1,64,5495.1923,1692.5049,2331.1022,1400.553,0.0,0.919
59,melhoria,1,65,5495.1907,1692.5049,2331.1022,1400.553,0.0,0.919
59,melhoria,1,66,5494.743,1692.5049,2331.1022,1400.553,0.0,0.922
59,melhoria,1,67,5494.7153,1692.5049,2331.1022,1400.553,0.0,0.937
59,melhoria,1,68,5474.2194,1692.406,2321.8399,1389.4699,0.0,0.989
59,melhoria,1,69,5473.8814,1692.406,2321.8399,1389.4699,0.0,0.992
59,melhoria,1,70,5473.8808,1692.406,2321.8399,1389.4699,0.0,1.038
59,melhoria,1,71,5473.4416,1692.406,2321.8399,1389.4699,0.0,1.044
59,melhoria,1,72,5473.0334,1692.406,2321.8399,1389.4699,0.0,1.077
59,melhoria,1,73,5441.1745,1692.2514,2307.3676,1372.1526,0.0,1.08
59,melhoria,1,74,5438.5703,1692.2514,2307.3676,1372.1526,0.0,1.166
59,melhoria,1,75,5437.9157,1692.2514,2307.3676,1372.1526,0.0,1.177
59,melhoria,1,76,5437.0953,1692.2514,2307.3676,1372.1526,0.0,1.206
59,melhoria,1,77,5436.2888,1692.2514,2307.3676,1372.1526,0.0,1.206
59,melhoria,1,78,5435.7943,1692.2514,2307.3676,1372.1526,0.0,1.226
59,melhoria,1,79,5435.6722,1692.2514,2307.3676,1372.1526,0.0,1.238
59,melhoria,1,80,5435.1256,1692.2514,2307.3676,1372.1526,0.0,1.246
59,melhoria,1,81,5434.6417,1692.2514,2307.3676,1372.1526,0.0,1.283
59,melhoria,1,82,1690.5741,1627.8944,0.0,0.0,0.0,1.288
59,melhoria,1,83,1690.1534,1627.8944,0.0,0.0,0.0,1.295
59,melhoria,1,84,1689.7795,1627.8944,0.0,0.0,0.0,1.309
59,melhoria,1,85,1689.3183,1627.8944,0.0,0.0,0.0,1.32
59,melhoria,1,86,1688.989,1627.8944,0.0,0.0,0.0,1.329
59,melhoria,1,87,1687.7907,1627.8944,0.0,0.0,0.0,1.36
59,melhoria,1,88,1657.3197,1597.4831,0.0,0.0,0.0,1.363
59,melhoria,1,89,1657.2804,1597.4831,0.0,0.0,0.0,1.391
59,melhoria,1,90,1657.2572,1597.5879,0.0,0.0,0.0,1.407
59,melhoria,1,91,1656.3814,1597.5879,0.0,0.0,0.0,1.42
59,melhoria,1,92,1656.1241,1597.5879,0.0,0.0,0.0,1.45
59,melhoria,1,93,1653.9624,1597.5879,0.0,0.0,0.0,1.474
59,melhoria,1,94,1653.5977,1597.5879,0.0,0.0,0.0,1.508
59,melhoria,1,95,1652.2104,1597.5879,0.0,0.0,0.0,1.524
59,melhoria,1,96,1651.1616,1597.5879,0.0,0.0,0.0,1.589
59,melhoria,1,97,1650.3399,1597.5879,0.0,0.0,0.0,1.593
59,melhoria,1,98,1649.7297,1597.5879,0.0,0.0,0.0,1.61
59,melhoria,1,99,1649.4046,1597.5879,0.0,0.0,0.0,1.623
59,melhoria,1,100,1649.3929,1597.4831,0.0,0.0,0.0,1.685
59,melhoria,1,101,1648.7567,1597.4831,0.0,0.0,0.0,1.713
59,melhoria,1,102,1648.7455,1597.4294,0.0,0.0,0.0,1.757
59,melhoria,1,103,1648.0293,1596.4179,0.0,0.0,0.0,1.828
59,melhoria,1,104,1646.1687,1596.4179,0.0,0.0,0.0,1.84
59,melhoria,1,105,1645.5843,1596.4179,0.0,0.0,0.0,1.909
59,melhoria,1,106,1643.9841,1596.4179,0.0,0.0,0.0,1.915
59,melhoria,1,107,1643.6229,1596.4179,0.0,0.0,0.0,1.928
59,melhoria,1,108,1642.6169,1596.4179,0.0,0.0,0.0,1.939
59,melhoria,1,109,1642.2142,1596.4179,0.0,0.0,0.0,1.958
59,melhoria,1,110,1640.5705,1596.4179,0.0,0.0,0.0,1.978
59,melhoria,1,111,1640.0019,1596.4179,0.0,0.0,0.0,1.987
59,melhoria,1,112,1639.773,1596.4179,0.0,0.0,0.0,2.009
59,melhoria,1,113,1639.4362,1596.4179,0.0,0.0,0.0,2.051
59,melhoria,1,114,1639.2318,1596.4179,0.0,0.0,0.0,2.052
59,melhoria,1,115,1639.1622,1596.4179,0.0,0.0,0.0,2.062
59,melhoria,1,116,1638.8841,1596.4179,0.0,0.0,0.0,2.071
59,melhoria,1,117,1637.3552,1596.4179,0.0,0.0,0.0,2.162
59,melhoria,1,118,1636.858,1596.4179,0.0,0.0,0.0,2.162
59,melhoria,1,119,1636.662,1596.4179,0.0,0.0,0.0,2.2
59,melhoria,1,120,1636.1724,1596.4179,0.0,0.0,0.0,2.315
59,melhoria,1,121,1635.6758,1596.4179,0.0,0.0,0.0,2.324
59,melhoria,1,122,1634.8698,1596.4179,0.0,0.0,0.0,2.341
59,melhoria,1,123,1633.7584,1596.4179,0.0,0.0,0.0,2.35
59,melhoria,1,124,1633.4098,1596.4179,0.0,0.0,0.0,2.356
59,melhoria,1,125,1633.2872,1596.4179,0.0,0.0,0.0,2.363
59,melhoria,1,126,1632.5321,1596.4179,0.0,0.0,0.0,2.419
59,melhoria,1,127,1632.3855,1596.4179,0.0,0.0,0.0,2.508
59,melhoria,1,128,1632.0842,1596.4179,0.0,0.0,0.0,2.551
59,melhoria,1,129,1631.8201,1596.4179,0.0,0.0,0.0,2.589
59,melhoria,1,130,1631.6798,1596.4179,0.0,0.0,0.0,2.605
59,melhoria,1,131,1630.9489,1596.4179,0.0,0.0,0.0,2.62
59,melhoria,1,132,1630.4218,1596.4179,0.0,0.0,0.0,2.65
59,melhoria,1,133,1630.1736,1596.4179,0.0,0.0,0.0,2.689
59,melhoria,1,134,1629.7748,1596.4179,0.0,0.0,0.0,2.727
59,melhoria,1,135,1629.5184,1596.4179,0.0,0.0,0.0,2.82
59,melhoria,1,136,1629.1756,1596.4179,0.0,0.0,0.0,2.883
59,melhoria,1,137,1629.1362,1596.4179,0.0,0.0,0.0,2.958
59,melhoria,2,139,1629.0161,1596.2188,0.0,0.0,0.0,3.084
59,melhoria,2,141,1628.8954,1596.219,0.0,0.0,0.0,3.225
59,melhoria,3,144,1628.8938,1596.219,0.0,0.0,0.0,3.444
59,melhoria,5,149,1628.8252,1596.219,0.0,0.0,0.0,3.877
59,melhoria,2,151,1628.7662,1596.0995,0.0,0.0,0.0,4.024
59,melhoria,1,152,1628.3957,1596.0995,0.0,0.0,0.0,4.046
59,melhoria,2,154,1628.3735,1595.9849,0.0,0.0,0.0,4.176
59,melhoria,2,156,1628.361,1596.0279,0.0,0.0,0.0,4.37
59,saida,0,161,1628.361,1596.0279,0.0,0.0,0.0,4.819
59,entrada,0,0,1628.361,1596.0279,0.0,0.0,0.0,0.0
59,saida,0,5,1628.361,1596.0279,0.0,0.0,0.0,0.415
71,entrada,0,0,66787.1219,1863.3226,11823.6457,53009.3937,0.0,0.0
71,melhoria,1,1,66787.0982,1863.3226,11823.6457,53009.3937,0.0,0.001
71,melhoria,1,2,66786.9894,1863.3226,11823.6457,53009.3937,0.0,0.002
71,melhoria,1,3,66786.8801,1863.3226,11823.6457,53009.3937,0.0,0.002
71,melhoria,1,4,66779.5231,1863.3062,11823.6457,53002.0296,0.0,0.008
71,melhoria,1,5,66779.4372,1863.3062,11823.6457,53002.0296,0.0,0.009
71,melhoria,1,6,66779.3514,1863.3062,11823.6457,53002.0296,0.0,0.009
71,melhoria,1,7,66779.2657,1863.3062,11823.6457,53002.0296,0.0,0.01
71,melhoria,1,8,66779.034,1863.3062,11823.6457,53002.0296,0.0,0.014
71,melhoria,1,9,66710.4842,1863.1532,11823.6457,52933.4857,0.0,0.018
71,melhoria,1,10,66710.4414,1863.1532,11823.6457,52933.4857,0.0,0.022
71,melhoria,1,11,66606.0545,1862.9932,11808.6697,52843.8857,0.0,0.024
71,melhoria,1,12,66606.0307,1862.9932,11808.6697,52843.8857,0.0,0.026
71,melhoria,1,13,66523.2418,1862.8652,11796.6889,52772.2057,0.0,0.03
71,melhoria,1,14,66522.9363,1862.8652,11796.6889,52772.2057,0.0,0.031
71,melhoria,1,15,66522.8266,1862.8652,11796.6889,52772.2057,0.0,0.035
71,melhoria,1,16,66522.7408,1862.8652,11796.6889,52772.2057,0.0,0.035
71,melhoria,1,17,66522.4271,1862.8652,11796.6889,52772.2057,0.0,0.036
71,melhoria,1,18,66522.4039,1862.8652,11796.6889,52772.2057,0.0,0.04
71,melhoria,1,19,66522.3421,1862.8652,11796.6889,52772.2057,0.0,0.044
71,melhoria,1,20,66522.2315,1862.8652,11796.6889,52772.2057,0.0,0.045
71,melhoria,1,21,66520.8535,1862.8652,11796.6889,52772.2057,0.0,0.045
71,melhoria,1,22,66485.703,1862.7868,11796.6889,52737.091,0.0,0.049
71,melhoria,1,23,66485.6172,1862.7868,11796.6889,52737.091,0.0,0.05
71,melhoria,1,24,66485.5743,1862.7868,11796.6889,52737.091,0.0,0.053
71,melhoria,1,25,66485.4458,1862.7868,11796.6889,52737.091,0.0,0.057
71,melhoria,1,26,66381.1189,1862.6268,11781.7129,52647.491,0.0,0.062
71,melhoria,1,27,66381.0332,1862.6268,11781.7129,52647.491,0.0,0.065
71,melhoria,1,28,66381.0098,1862.6268,11781.7129,52647.491,0.0,0.075
71,melhoria,1,29,66378.7519,1862.6268,11781.7129,52647.491,0.0,0.076
71,melhoria,1,30,66072.3789,1861.9435,11781.7129,52341.3943,0.0,0.077
71,melhoria,1,31,66072.293,1861.9435,11781.7129,52341.3943,0.0,0.079
71,melhoria,1,32,65879.0561,1861.513,11781.7129,52148.5034,0.0,0.089
71,melhoria,1,33,65879.0319,1861.513,11781.7129,52148.5034,0.0,0.096
71,melhoria,1,34,65879.0082,1861.513,11781.7129,52148.5034,0.0,0.1
71,melhoria,1,35,65878.9852,1861.513,11781.7129,52148.5034,0.0,0.101
71,melhoria,1,36,65877.8407,1861.513,11781.7129,52148.5034,0.0,0.105
71,melhoria,1,37,65710.2508,1861.1394,11781.7129,51981.1599,0.0,0.106
71,melhoria,1,38,65709.461,1861.1394,11781.7129,51981.1599,0.0,0.106
71,melhoria,1,39,65708.8369,1861.1394,11781.7129,51981.1599,0.0,0.108
71,melhoria,1,40,65708.556,1861.1394,11781.7129,51981.1599,0.0,0.109
71,melhoria,1,41,65708.1377,1861.1394,11781.7129,51981.1599,0.0,0.12
71,melhoria,1,42,65707.4957,1861.1394,11781.7129,51981.1599,0.0,0.121
71,melhoria,1,43,65707.4336,1861.1394,11781.7129,51981.1599,0.0,0.132
71,melhoria,1,44,65707.3722,1861.1394,11781.7129,51981.1599,0.0,0.152
71,melhoria,1,45,65707.3484,1861.1394,11781.7129,51981.1599,0.0,0.156
71,melhoria,1,46,65707.263,1861.1394,11781.7129,51981.1599,0.0,0.177
71,melhoria,1,47,65707.2048,1861.1394,11781.7129,51981.1599,0.0,0.18
71,melhoria,1,48,65513.9873,1860.7089,11781.7129,51788.269,0.0,0.183
71,melhoria,1,49,65513.0106,1860.7089,11781.7129,51788.269,0.0,0.184
71,melhoria,1,50,65512.9677,1860.7089,11781.7129,51788.269,0.0,0.184
71,melhoria,1,51,65512.8697,1860.7089,11781.7129,51788.269,0.0,0.192
71,melhoria,1,52,65512.5201,1860.7089,11781.7129,51788.269,0.0,0.2
71,melhoria,1,53,65512.3977,1860.7089,11781.7129,51788.269,0.0,0.207
71,melhoria,1,54,65512.3958,1860.7089,11781.7129,51788.269,0.0,0.211
71,melhoria,1,55,65512.3941,1860.7089,11781.7129,51788.269,0.0,0.221
71,melhoria,1,56,65512.1427,1860.7089,11781.7129,51788.269,0.0,0.234
71,melhoria,1,57,65511.5185,1860.7089,11781.7129,51788.269,0.0,0.243
71,melhoria,1,58,65511.1284,1860.7089,11781.7129,51788.269,0.0,0.254
71,melhoria,1,59,65510.1505,1860.7089,11781.7129,51788.269,0.0,0.259
71,melhoria,1,60,65509.2953,1860.7089,11781.7129,51788.269,0.0,0.266
71,melhoria,1,61,65509.0151,1860.7089,11781.7129,51788.269,0.0,0.273
71,melhoria,1,62,65508.1713,1860.7089,11781.7129,51788.269,0.0,0.286
71,melhoria,1,63,65507.5789,1860.7089,11781.7129,51788.269,0.0,0.32
71,melhoria,1,64,65506.8069,1860.7089,11781.7129,51788.269,0.0,0.393
71,melhoria,1,65,65506.1866,1860.7089,11781.7129,51788.269,0.0,0.395
71,melhoria,1,66,65505.9783,1860.7089,11781.7129,51788.269,0.0,0.407
71,melhoria,1,67,65504.9219,1860.7089,11781.7129,51788.269,0.0,0.444
71,melhoria,1,68,65504.4856,1860.7089,11781.7129,51788.269,0.0,0.505
71,melhoria,1,69,65503.8586,1860.7089,11781.7129,51788.269,0.0,0.531
71,melhoria,1,70,65503.5426,1860.7089,11781.7129,51788.269,0.0,0.542
71,melhoria,1,71,65502.7719,1860.7089,11781.7129,51788.269,0.0,0.589
71,melhoria,1,72,65502.1506,1860.7089,11781.7129,51788.269,0.0,0.607
71,melhoria,1,73,65501.9412,1860.7089,11781.7129,51788.269,0.0,0.611
71,melhoria,1,74,65501.1744,1860.7089,11781.7129,51788.269,0.0,0.637
71,melhoria,1,75,65500.586,1860.7089,11781.7129,51788.269,0.0,0.644
71,melhoria,1,76,65500.27,1860.7089,11781.7129,51788.269,0.0,0.664
71,melhoria,1,77,65500.038,1860.7089,11781.7129,51788.269,0.0,0.699
71,melhoria,1,78,65499.122,1860.7089,11781.7129,51788.269,0.0,0.751
71,melhoria,1,79,65498.8449,1860.7089,11781.7129,51788.269,0.0,0.859
71,melhoria,1,80,65498.5288,1860.7089,11781.7129,51788.269,0.0,0.86
71,melhoria,2,82,62423.7884,1855.6473,11307.9515,49192.3217,0.0,0.972
71,melhoria,1,83,62423.3789,1855.6473,11307.9515,49192.3217,0.0,1.056
71,melhoria,2,85,59259.2576,1849.0013,10685.5545,46657.2439,0.0,1.175
71,melhoria,2,87,59249.3377,1848.9191,10703.3385,46629.6286,0.0,1.291
71,melhoria,1,88,59231.6394,1848.9191,10685.5545,46629.6286,0.0,1.315
71,melhoria,1,89,59231.5521,1848.9191,10685.5545,46629.6286,0.0,1.326
71,melhoria,1,90,59227.1035,1848.8986,10685.5545,46622.7248,0.0,1.397
71,melhoria,1,91,59156.2623,1848.6878,10685.5545,46551.8998,0.0,1.399
71,melhoria,1,92,59155.2844,1848.6878,10685.5545,46551.8998,0.0,1.454
71,melhoria,1,93,59054.7074,1848.389,10685.5545,46451.4937,0.0,1.505
71,melhoria,1,94,58858.1455,1847.8053,10685.5545,46255.3879,0.0,1.591
71,melhoria,1,95,58858.0805,1847.8053,10685.5545,46255.3879,0.0,1.627
71,melhoria,1,96,58857.2491,1847.8053,10685.5545,46255.3879,0.0,1.7
71,melhoria,1,97,58857.1187,1847.8053,10685.5545,46255.3879,0.0,1.729
71,melhoria,1,98,58856.6254,1847.8053,10685.5545,46255.3879,0.0,1.734
71,melhoria,2,100,58613.5472,1847.4401,10645.0982,46053.0926,0.0,1.862
71,melhoria,1,101,58612.5201,1847.4401,10645.0982,46053.0926,0.0,1.939
71,melhoria,1,102,58611.3045,1847.4401,10645.0982,46053.0926,0.0,2.02
71,melhoria,1,103,58610.8993,1847.4401,10645.0982,46053.0926,0.0,2.066
71,melhoria,1,104,58610.7285,1847.4401,10645.0982,46053.0926,0.0,2.116
71,melhoria,2,106,58589.6125,1847.4064,10641.9524,46035.0294,0.0,2.247
71,melhoria,2,108,57967.2026,1849.3621,10825.1609,45227.4723,0.0,2.381
71,melhoria,2,110,57937.5545,1849.296,10825.1609,45197.8924,0.0,2.522
71,melhoria,2,112,57937.5256,1849.2958,10825.1609,45197.7763,0.0,2.644
71,melhoria,2,114,57916.0861,1849.1638,10833.4031,45168.2214,0.0,2.765
71,melhoria,1,115,57895.6022,1849.1638,10812.8111,45168.2214,0.0,2.784
71,melhoria,1,116,57326.4771,1847.3758,10645.4489,44767.6963,0.0,2.789
71,melhoria,1,117,57326.4355,1847.3758,10645.4489,44767.6963,0.0,2.833
71,melhoria,1,118,57326.3925,1847.3758,10645.4489,44767.6963,0.0,2.848
71,melhoria,1,119,57326.3768,1847.3758,10645.4489,44767.6963,0.0,2.869
71,melhoria,2,121,56415.4041,1846.4139,10555.4178,43947.8335,0.0,3.0
71,melhoria,1,122,56415.3185,1846.4139,10555.4178,43947.8335,0.0,3.036
71,melhoria,1,123,31973.9817,1782.7062,5753.0117,24372.7305,0.0,3.063
71,melhoria,1,124,22582.6136,1766.8134,3292.008,17458.8472,0.0,3.178
71,melhoria,1,125,10660.5065,1719.0207,1934.8679,6941.674,0.0,3.181
71,melhoria,2,127,10660.4774,1719.021,1934.8679,6941.7321,0.0,3.304
71,melhoria,2,129,9681.08,1716.2293,1934.8679,5965.1621,0.0,3.44
71,melhoria,2,131,8902.14,1713.2453,1934.8679,5189.2238,0.0,3.575
71,melhoria,2,133,7645.6727,1706.899,1934.8679,3939.1187,0.0,3.705
71,melhoria,2,135,7645.6664,1706.899,1934.8679,3939.1187,0.0,3.845
71,melhoria,2,137,7644.2588,1706.894,1934.4422,3938.0466,0.0,3.975
71,melhoria,3,140,7642.1453,1706.8863,1933.8038,3936.4149,0.0,4.147
71,melhoria,3,143,7640.6717,1706.8816,1933.4208,3935.4393,0.0,4.399
71,melhoria,3,146,7621.7919,1706.7142,1933.4208,3916.6903,0.0,4.582
71,melhoria,3,149,7621.577,1706.7096,1933.4208,3916.1655,0.0,4.803
71,melhoria,3,152,7610.2768,1706.6091,1933.4208,3904.9161,0.0,4.988
71,melhoria,3,155,4391.3875,1703.4179,0.0,2622.8054,0.0,5.235
71,melhoria,1,156,4391.3019,1703.4179,0.0,2622.8054,0.0,5.265
71,melhoria,1,157,4390.3565,1703.4179,0.0,2622.8054,0.0,5.266
71,melhoria,1,158,4390.1045,1703.4179,0.0,2622.8054,0.0,5.275
71,melhoria,1,159,4389.2977,1703.4179,0.0,2622.8054,0.0,5.28
71,melhoria,1,160,4387.9994,1703.4179,0.0,2622.8054,0.0,5.298
71,melhoria,1,161,4387.3132,1703.4179,0.0,2622.8054,0.0,5.304
71,melhoria,1,162,4387.2704,1703.4179,0.0,2622.8054,0.0,5.306
71,melhoria,1,163,4386.7683,1703.4179,0.0,2622.8054,0.0,5.307
71,melhoria,1,164,4386.7255,1703.4179,0.0,2622.8054,0.0,5.356
71,melhoria,1,165,4385.7767,1703.4179,0.0,2622.8054,0.0,5.371
71,melhoria,1,166,4385.6483,1703.4179,0.0,2622.8054,0.0,5.375
71,melhoria,1,167,4384.9017,1703.4179,0.0,2622.8054,0.0,5.399
71,melhoria,1,168,1727.1758,1668.5904,0.0,0.0,0.0,5.407
71,melhoria,1,169,1726.6185,1668.1719,0.0,0.0,0.0,5.444
71,melhoria,1,170,1726.1674,1668.1719,0.0,0.0,0.0,5.453
71,melhoria,1,171,1725.4852,1668.1719,0.0,0.0,0.0,5.456
71,melhoria,1,172,1725.1453,1668.1719,0.0,0.0,0.0,5.488
71,melhoria,1,173,1724.3248,1668.1719,0.0,0.0,0.0,5.489
71,melhoria,1,174,1724.0658,1667.8274,0.0,0.0,0.0,5.519
71,melhoria,1,175,1723.8995,1667.5882,0.0,0.0,0.0,5.566
71,melhoria,1,176,1723.5411,1667.5882,0.0,0.0,0.0,5.602
71,melhoria,1,177,1723.3885,1667.5882,0.0,0.0,0.0,5.647
71,melhoria,1,178,1723.2301,1667.5882,0.0,0.0,0.0,5.657
71,melhoria,1,179,1698.561,1643.0504,0.0,0.0,0.0,5.698
71,melhoria,1,180,1698.4702,1643.0504,0.0,0.0,0.0,5.702
71,melhoria,1,181,1684.5087,1629.1277,0.0,0.0,0.0,5.714
71,melhoria,1,182,1683.4719,1629.1277,0.0,0.0,0.0,5.823
71,melhoria,1,183,1683.133,1629.1277,0.0,0.0,0.0,5.867
71,melhoria,1,184,1682.9467,1629.1277,0.0,0.0,0.0,5.881
71,melhoria,1,185,1682.7782,1629.1277,0.0,0.0,0.0,5.945
71,melhoria,1,186,1682.5899,1629.1277,0.0,0.0,0.0,5.996
71,melhoria,1,187,1682.0647,1629.1277,0.0,0.0,0.0,6.139
71,melhoria,1,188,1681.4434,1629.1277,0.0,0.0,0.0,6.148
71,melhoria,1,189,1681.3314,1629.1277,0.0,0.0,0.0,6.156
71,melhoria,1,190,1681.0824,1629.1277,0.0,0.0,0.0,6.209
71,melhoria,1,191,1680.6255,1629.1277,0.0,0.0,0.0,6.255
71,melhoria,1,192,1680.4356,1629.1277,0.0,0.0,0.0,6.263
71,melhoria,1,193,1680.4078,1629.1277,0.0,0.0,0.0,6.274
71,melhoria,1,194,1680.0995,1629.1277,0.0,0.0,0.0,6.318
71,melhoria,1,195,1679.7282,1629.1277,0.0,0.0,0.0,6.321
71,melhoria,1,196,1648.441,1597.9286,0.0,0.0,0.0,6.353
71,melhoria,1,197,1648.1935,1597.9286,0.0,0.0,0.0,6.406
71,melhoria,1,198,1579.826,1529.6,0.0,0.0,0.0,6.413
71,melhoria,1,199,1579.5581,1529.6,0.0,0.0,0.0,6.416
71,melhoria,1,200,1579.5195,1529.6,0.0,0.0,0.0,6.478
71,melhoria,1,201,1535.6544,1485.84,0.0,0.0,0.0,6.515
71,melhoria,1,202,1535.5648,1485.84,0.0,0.0,0.0,6.527
71,melhoria,1,203,1493.6626,1444.0666,0.0,0.0,0.0,6.532
71,melhoria,1,204,1493.4856,1443.8274,0.0,0.0,0.0,6.555
71,melhoria,1,205,1493.2891,1443.5882,0.0,0.0,0.0,6.606
71,melhoria,1,206,1468.62,1419.0504,0.0,0.0,0.0,6.696
71,melhoria,1,207,1468.5139,1419.4408,0.0,0.0,0.0,6.755
71,melhoria,1,208,1454.1228,1405.1277,0.0,0.0,0.0,6.76
71,melhoria,1,209,1453.9753,1405.1277,0.0,0.0,0.0,6.783
71,melhoria,1,210,1453.7651,1405.1277,0.0,0.0,0.0,6.794
71,melhoria,1,211,1453.5541,1405.1277,0.0,0.0,0.0,6.816
71,melhoria,1,212,1422.1475,1373.9286,0.0,0.0,0.0,6.882
71,melhoria,1,213,1422.0426,1373.9286,0.0,0.0,0.0,6.917
71,melhoria,1,214,1422.0058,1373.9286,0.0,0.0,0.0,6.933
71,melhoria,1,215,1421.9199,1373.9286,0.0,0.0,0.0,6.965
71,melhoria,1,216,1421.8341,1373.9286,0.0,0.0,0.0,7.011
71,melhoria,1,217,1310.8599,1263.04,0.0,0.0,0.0,7.018
71,melhoria,1,218,1310.8228,1262.8,0.0,0.0,0.0,7.024
71,melhoria,1,219,1198.0624,1150.1678,0.0,0.0,0.0,7.051
71,melhoria,1,220,1155.7112,1107.8274,0.0,0.0,0.0,7.052
71,melhoria,1,221,1155.5342,1107.5882,0.0,0.0,0.0,7.072
71,melhoria,1,222,1130.8651,1083.0504,0.0,0.0,0.0,7.14
71,melhoria,1,223,1116.9035,1069.1277,0.0,0.0,0.0,7.273
71,melhoria,2,225,1116.8322,1069.1274,0.0,0.0,0.0,7.47
71,melhoria,2,227,1116.4386,1068.7338,0.0,0.0,0.0,7.637
71,melhoria,1,228,1085.8869,1038.2038,0.0,0.0,0.0,7.703
71,melhoria,1,229,1084.8712,1037.3227,0.0,0.0,0.0,7.764
71,melhoria,1,230,1084.8284,1037.3227,0.0,0.0,0.0,7.771
71,melhoria,2,232,1084.3512,1036.8356,0.0,0.0,0.0,7.953
71,melhoria,1,233,1084.0119,1036.3687,0.0,0.0,0.0,8.03
71,timeout,1,233,1084.0119,1036.3687,0.0,0.0,0.0,8.03
71,saida,0,233,1084.0119,1036.3687,0.0,0.0,0.0,8.03
71,entrada,0,0,1084.0119,1036.3687,0.0,0.0,0.0,0.0
71,melhoria,2,2,1078.6973,1031.0625,0.0,0.0,0.0,0.177
71,melhoria,1,3,1078.4966,1030.9723,0.0,0.0,0.0,0.193
71,melhoria,1,4,1078.411,1030.9723,0.0,0.0,0.0,0.241
71,melhoria,1,5,1078.3682,1030.9723,0.0,0.0,0.0,0.318
71,melhoria,2,7,1078.3541,1030.9723,0.0,0.0,0.0,0.475
71,melhoria,1,8,1078.3112,1030.9723,0.0,0.0,0.0,0.55
71,melhoria,1,9,1078.2953,1030.9723,0.0,0.0,0.0,0.67
71,melhoria,2,11,1078.2548,1030.9723,0.0,0.0,0.0,0.837
71,melhoria,2,13,1077.94,1030.6588,0.0,0.0,0.0,0.999
71,melhoria,1,14,1077.9331,1030.6588,0.0,0.0,0.0,1.025
71,melhoria,1,15,1077.8257,1030.4824,0.0,0.0,0.0,1.118
71,melhoria,1,16,1077.4141,1029.9603,0.0,0.0,0.0,1.13
71,melhoria,1,17,1077.2965,1029.7763,0.0,0.0,0.0,1.273
71,melhoria,2,19,1077.1576,1029.7763,0.0,0.0,0.0,1.457
71,melhoria,2,21,1076.9589,1029.7763,0.0,0.0,0.0,1.627
71,melhoria,3,24,1076.944,1029.7763,0.0,0.0,0.0,1.975
71,melhoria,2,26,1076.9408,1029.7763,0.0,0.0,0.0,2.177
71,melhoria,3,29,1076.9392,1029.7763,0.0,0.0,0.0,2.461
71,melhoria,3,32,1076.9015,1029.7716,0.0,0.0,0.0,2.693
71,melhoria,2,34,1076.8983,1029.7716,0.0,0.0,0.0,2.898
71,melhoria,5,39,1076.8524,1029.7716,0.0,0.0,0.0,3.416
71,melhoria,2,41,1076.6963,1029.7716,0.0,0.0,0.0,3.609
71,melhoria,1,42,1076.3916,1029.7716,0.0,0.0,0.0,3.773
71,melhoria,1,43,1076.0649,1029.7716,0.0,0.0,0.0,3.898
71,melhoria,2,45,1075.9439,1029.7572,0.0,0.0,0.0,4.092
71,melhoria,2,47,1075.9344,1029.7572,0.0,0.0,0.0,4.311
71,melhoria,2,49,1075.9071,1029.7572,0.0,0.0,0.0,4.472
71,melhoria,3,52,1075.8144,1029.7572,0.0,0.0,0.0,4.774
71,melhoria,1,53,1075.7725,1029.7572,0.0,0.0,0.0,4.79
71,melhoria,1,54,1075.6628,1029.7572,0.0,0.0,0.0,4.792
71,melhoria,1,55,1074.9043,1029.7572,0.0,0.0,0.0,4.938
71,melhoria,1,56,1074.5304,1029.7572,0.0,0.0,0.0,5.083
71,melhoria,2,58,1074.4704,1029.7572,0.0,0.0,0.0,5.286
71,melhoria,2,60,1074.4608,1029.7572,0.0,0.0,0.0,5.479
71,melhoria,1,61,1074.3095,1029.7572,0.0,0.0,0.0,5.611
71,melhoria,3,64,1074.2937,1029.7572,0.0,0.0,0.0,5.838
71,melhoria,3,67,1074.0753,1029.7573,0.0,0.0,0.0,6.216
71,melhoria,1,68,1074.0324,1029.7573,0.0,0.0,0.0,6.271
71,melhoria,1,69,1072.8046,1029.7573,0.0,0.0,0.0,6.328
71,melhoria,1,70,1072.3134,1029.7573,0.0,0.0,0.0,6.352
71,melhoria,1,71,1071.5658,1029.7573,0.0,0.0,0.0,6.499
71,melhoria,1,72,1070.423,1029.7573,0.0,0.0,0.0,6.522
71,melhoria,1,73,1069.76,1029.7573,0.0,0.0,0.0,6.534
71,melhoria,1,74,1069.513,1029.7573,0.0,0.0,0.0,6.55
71,melhoria,1,75,1068.6526,1029.7573,0.0,0.0,0.0,6.641
71,melhoria,1,76,1068.133,1029.7573,0.0,0.0,0.0,6.672
71,melhoria,1,77,1067.5223,1029.7573,0.0,0.0,0.0,6.716
71,melhoria,1,78,1067.1322,1029.7573,0.0,0.0,0.0,6.83
71,melhoria,1,79,1066.4783,1029.7573,0.0,0.0,0.0,6.959
71,melhoria,2,81,1066.3191,1029.7573,0.0,0.0,0.0,7.163
71,melhoria,1,82,1065.8214,1029.7573,0.0,0.0,0.0,7.247
71,melhoria,2,84,1065.7762,1029.7573,0.0,0.0,0.0,7.449
71,melhoria,3,87,1065.7707,1029.7443,0.0,0.0,0.0,7.793
71,timeout,3,89,1065.7707,1029.7443,0.0,0.0,0.0,8.019
71,saida,0,89,1065.7707,1029.7443,0.0,0.0,0.0,8.019
71,entrada,0,0,1065.7707,1029.7443,0.0,0.0,0.0,0.0
71,melhoria,3,3,1065.7705,1029.7443,0.0,0.0,0.0,0.3
71,melhoria,3,6,1065.7565,1029.7443,0.0,0.0,0.0,0.59
71,melhoria,2,8,1065.7293,1029.7443,0.0,0.0,0.0,0.827
71,melhoria,3,11,1065.7104,1029.7443,0.0,0.0,0.0,1.125
71,melhoria,3,14,1065.7102,1029.7443,0.0,0.0,0.0,1.414
71,melhoria,5,19,1065.6851,1029.7804,0.0,0.0,0.0,1.937
71,melhoria,1,20,1065.4494,1029.7804,0.0,0.0,0.0,1.945
71,melhoria,1,21,1065.1733,1029.7804,0.0,0.0,0.0,1.954
71,melhoria,1,22,1065.0744,1029.6274,0.0,0.0,0.0,1.966
71,melhoria,3,25,1064.7918,1029.3138,0.0,0.0,0.0,2.226
71,melhoria,1,26,1064.6566,1029.1225,0.0,0.0,0.0,2.268
71,melhoria,1,27,1064.4288,1029.1225,0.0,0.0,0.0,2.321
71,melhoria,1,28,1064.2967,1029.1225,0.0,0.0,0.0,2.395
71,melhoria,1,29,1064.29,1029.1225,0.0,0.0,0.0,2.428
71,melhoria,1,30,1064.1703,1029.1225,0.0,0.0,0.0,2.442
71,melhoria,1,31,1064.1108,1029.1225,0.0,0.0,0.0,2.571
71,melhoria,2,33,1060.548,1025.5345,0.0,0.0,0.0,2.779
71,melhoria,2,35,1060.5171,1025.5345,0.0,0.0,0.0,2.97
71,melhoria,2,37,1060.5171,1025.5345,0.0,0.0,0.0,3.153
71,melhoria,1,38,1060.4742,1025.5345,0.0,0.0,0.0,3.221
71,melhoria,2,40,1060.4675,1025.5345,0.0,0.0,0.0,3.426
71,melhoria,3,43,1060.4559,1025.5345,0.0,0.0,0.0,3.68
71,melhoria,1,44,1059.9193,1025.5345,0.0,0.0,0.0,3.759
71,melhoria,1,45,1059.509,1025.5345,0.0,0.0,0.0,3.833
71,melhoria,1,46,1059.1026,1025.5345,0.0,0.0,0.0,3.909
71,melhoria,1,47,1058.9587,1025.5345,0.0,0.0,0.0,4.01
71,melhoria,1,48,1058.9123,1025.4561,0.0,0.0,0.0,4.135
71,melhoria,1,49,1058.8791,1025.4561,0.0,0.0,0.0,4.149
71,melhoria,1,50,1058.6183,1025.0826,0.0,0.0,0.0,4.188
71,melhoria,2,52,1058.6079,1025.0826,0.0,0.0,0.0,4.368
71,melhoria,2,54,1056.5995,1022.9298,0.0,0.0,0.0,4.538
71,melhoria,1,55,1056.5285,1022.9298,0.0,0.0,0.0,4.645
71,melhoria,2,57,1055.2702,1021.6381,0.0,0.0,0.0,4.844
71,melhoria,2,59,1055.1104,1021.6381,0.0,0.0,0.0,5.022
71,melhoria,1,60,1055.0118,1021.6381,0.0,0.0,0.0,5.052
71,melhoria,1,61,1054.5891,1021.6381,0.0,0.0,0.0,5.135
71,melhoria,1,62,1054.1378,1021.6381,0.0,0.0,0.0,5.22
71,melhoria,1,63,1053.8541,1021.6381,0.0,0.0,0.0,5.286
71,melhoria,2,65,1053.8496,1021.6294,0.0,0.0,0.0,5.479
71,melhoria,2,67,1053.8364,1021.6294,0.0,0.0,0.0,5.696
71,melhoria,3,70,1053.8224,1021.6294,0.0,0.0,0.0,5.917
71,melhoria,1,71,1053.3428,1021.6294,0.0,0.0,0.0,5.992
71,melhoria,1,72,1053.1029,1021.6294,0.0,0.0,0.0,5.999
71,melhoria,1,73,1053.0289,1021.6294,0.0,0.0,0.0,6.053
71,melhoria,1,74,1052.9658,1021.6294,0.0,0.0,0.0,6.112
71,melhoria,1,75,1052.4869,1021.6294,0.0,0.0,0.0,6.147
71,melhoria,1,76,1052.4266,1021.6294,0.0,0.0,0.0,6.271
71,melhoria,2,78,1052.4089,1021.6294,0.0,0.0,0.0,6.488
71,melhoria,3,81,1051.789,1021.017,0.0,0.0,0.0,6.924
71,melhoria,1,82,1051.5243,1021.017,0.0,0.0,0.0,6.935
71,melhoria,2,84,1051.4775,1021.017,0.0,0.0,0.0,7.112
71,melhoria,2,86,1051.4716,1021.017,0.0,0.0,0.0,7.326
71,melhoria,3,89,1051.462,1021.017,0.0,0.0,0.0,7.582
71,melhoria,2,91,1051.461,1021.017,0.0,0.0,0.0,7.795
71,melhoria,1,92,1051.2754,1021.017,0.0,0.0,0.0,7.935
71,timeout,2,93,1051.2754,1021.017,0.0,0.0,0.0,8.099
71,saida,0,93,1051.2754,1021.017,0.0,0.0,0.0,8.099
71,entrada,0,0,1051.2754,1021.017,0.0,0.0,0.0,0.0
71,melhoria,2,2,1051.0145,1020.7662,0.0,0.0,0.0,0.217
71,melhoria,1,3,1051.0144,1020.7662,0.0,0.0,0.0,0.23
71,melhoria,1,4,1050.9581,1020.6251,0.0,0.0,0.0,0.411
71,melhoria,1,5,1050.8474,1020.2516,0.0,0.0,0.0,0.506
71,melhoria,3,8,1050.7654,1020.2516,0.0,0.0,0.0,0.754
71,melhoria,1,9,1050.6421,1020.2516,0.0,0.0,0.0,0.764
71,melhoria,4,13,1050.6355,1020.2516,0.0,0.0,0.0,1.259
71,melhoria,5,18,1050.6293,1020.2516,0.0,0.0,0.0,1.814
71,melhoria,1,19,1050.3875,1020.2516,0.0,0.0,0.0,1.899
71,melhoria,2,21,1049.8234,1019.7397,0.0,0.0,0.0,2.095
71,melhoria,1,22,1049.7441,1019.7397,0.0,0.0,0.0,2.169
71,melhoria,2,24,1049.7431,1019.7397,0.0,0.0,0.0,2.398
71,melhoria,5,29,1049.7237,1019.7267,0.0,0.0,0.0,2.895
71,melhoria,1,30,1049.3379,1019.7267,0.0,0.0,0.0,3.009
71,melhoria,1,31,1049.0389,1019.7267,0.0,0.0,0.0,3.152
71,melhoria,1,32,1048.8663,1019.7267,0.0,0.0,0.0,3.199
71,melhoria,1,33,1048.7948,1019.7267,0.0,0.0,0.0,3.303
71,melhoria,2,35,1048.7859,1019.7267,0.0,0.0,0.0,3.469
71,melhoria,3,38,1048.609,1019.5593,0.0,0.0,0.0,3.808
71,melhoria,3,41,1048.5952,1019.581,0.0,0.0,0.0,4.084
71,melhoria,5,46,1048.5915,1019.581,0.0,0.0,0.0,4.586
71,melhoria,3,49,1048.5901,1019.581,0.0,0.0,0.0,4.812
71,melhoria,3,52,1048.5171,1019.581,0.0,0.0,0.0,5.084
71,melhoria,1,53,1048.3143,1019.581,0.0,0.0,0.0,5.136
71,melhoria,1,54,1048.1711,1019.581,0.0,0.0,0.0,5.169
71,melhoria,2,56,1048.0507,1019.4183,0.0,0.0,0.0,5.328
71,melhoria,2,58,1047.9647,1019.3952,0.0,0.0,0.0,5.479
71,melhoria,2,60,1047.9534,1019.3952,0.0,0.0,0.0,5.653
71,melhoria,2,62,1047.8068,1019.2836,0.0,0.0,0.0,5.832
71,melhoria,5,67,1047.8032,1019.2836,0.0,0.0,0.0,6.317
71,melhoria,3,70,1047.7827,1019.2836,0.0,0.0,0.0,6.641
71,melhoria,3,73,1047.7716,1019.2836,0.0,0.0,0.0,6.941
71,melhoria,1,74,1047.6855,1019.2836,0.0,0.0,0.0,7.05
71,melhoria,2,76,1047.4103,1018.9747,0.0,0.0,0.0,7.245
71,melhoria,3,79,1047.4064,1018.9747,0.0,0.0,0.0,7.644
71,melhoria,3,82,1047.4012,1018.9747,0.0,0.0,0.0,7.914
71,timeout,2,83,1047.4012,1018.9747,0.0,0.0,0.0,8.062
71,saida,0,83,1047.4012,1018.9747,0.0,0.0,0.0,8.062
71,entrada,0,0,1735.0824,1675.544,0.0,0.0,0.0,0.0
71,melhoria,1,1,1734.9733,1675.544,0.0,0.0,0.0,0.001
71,melhoria,1,2,1734.9451,1675.3877,0.0,0.0,0.0,0.007
71,melhoria,1,3,1734.922,1675.3877,0.0,0.0,0.0,0.015
71,melhoria,1,4,1734.8989,1675.3877,0.0,0.0,0.0,0.017
71,melhoria,1,5,1734.8325,1675.3877,0.0,0.0,0.0,0.018
71,melhoria,1,6,1734.816,1675.3877,0.0,0.0,0.0,0.024
71,melhoria,1,7,1734.7567,1675.3877,0.0,0.0,0.0,0.025
71,melhoria,1,8,1734.5104,1675.3877,0.0,0.0,0.0,0.025
71,melhoria,1,9,1734.4672,1675.3877,0.0,0.0,0.0,0.027
71,melhoria,1,10,1734.4402,1675.3877,0.0,0.0,0.0,0.034
71,melhoria,1,11,1734.3733,1675.3877,0.0,0.0,0.0,0.04
71,melhoria,1,12,1734.3038,1675.3877,0.0,0.0,0.0,0.041
71,melhoria,1,13,1734.1264,1675.0824,0.0,0.0,0.0,0.046
71,melhoria,1,14,1733.9977,1675.0824,0.0,0.0,0.0,0.048
71,melhoria,1,15,1733.912,1675.0824,0.0,0.0,0.0,0.051
71,melhoria,1,16,1733.8805,1675.0824,0.0,0.0,0.0,0.053
71,melhoria,1,17,1733.7519,1675.0824,0.0,0.0,0.0,0.059
71,melhoria,1,18,1733.6497,1675.0824,0.0,0.0,0.0,0.06
71,melhoria,1,19,1699.4747,1641.0095,0.0,0.0,0.0,0.061
71,melhoria,1,20,1699.4634,1641.0095,0.0,0.0,0.0,0.063
71,melhoria,1,21,1699.3415,1641.0095,0.0,0.0,0.0,0.064
71,melhoria,1,22,1699.2117,1641.0095,0.0,0.0,0.0,0.07
71,melhoria,1,23,1699.072,1641.0095,0.0,0.0,0.0,0.071
71,melhoria,1,24,1699.0717,1641.0095,0.0,0.0,0.0,0.075
71,melhoria,1,25,1698.962,1641.0095,0.0,0.0,0.0,0.076
71,melhoria,1,26,1698.5429,1641.0095,0.0,0.0,0.0,0.087
71,melhoria,1,27,1698.5,1641.0095,0.0,0.0,0.0,0.091
71,melhoria,1,28,1698.0669,1641.0095,0.0,0.0,0.0,0.092
71,melhoria,1,29,1697.8,1640.6576,0.0,0.0,0.0,0.093
71,melhoria,1,30,1697.5548,1640.6576,0.0,0.0,0.0,0.095
71,melhoria,1,31,1697.5507,1640.6576,0.0,0.0,0.0,0.102
71,melhoria,1,32,1697.3877,1640.6576,0.0,0.0,0.0,0.107
71,melhoria,1,33,1697.3448,1640.6576,0.0,0.0,0.0,0.113
71,melhoria,1,34,1663.6908,1607.0852,0.0,0.0,0.0,0.124
71,melhoria,1,35,1663.356,1607.0852,0.0,0.0,0.0,0.135
71,melhoria,1,36,1663.2449,1607.0852,0.0,0.0,0.0,0.141
71,melhoria,1,37,1663.2039,1607.0852,0.0,0.0,0.0,0.149
71,melhoria,1,38,1662.5852,1607.0852,0.0,0.0,0.0,0.151
71,melhoria,1,39,1662.5424,1607.0852,0.0,0.0,0.0,0.157
71,melhoria,1,40,1662.5183,1607.0852,0.0,0.0,0.0,0.181
71,melhoria,1,41,1637.3775,1581.9408,0.0,0.0,0.0,0.181
71,melhoria,1,42,1636.1489,1580.8669,0.0,0.0,0.0,0.194
71,melhoria,1,43,1636.0631,1580.8669,0.0,0.0,0.0,0.221
71,melhoria,1,44,1635.8977,1580.8669,0.0,0.0,0.0,0.233
71,melhoria,1,45,1617.5241,1562.486,0.0,0.0,0.0,0.248
71,melhoria,1,46,1617.0896,1562.486,0.0,0.0,0.0,0.27
71,melhoria,1,47,1616.9585,1562.486,0.0,0.0,0.0,0.292
71,melhoria,1,48,1616.9154,1562.486,0.0,0.0,0.0,0.3
71,melhoria,1,49,1616.206,1562.486,0.0,0.0,0.0,0.301
71,melhoria,1,50,1616.045,1562.486,0.0,0.0,0.0,0.304
71,melhoria,1,51,1615.6426,1562.486,0.0,0.0,0.0,0.306
71,melhoria,1,52,1615.5755,1562.486,0.0,0.0,0.0,0.308
71,melhoria,1,53,1615.4566,1562.486,0.0,0.0,0.0,0.352
71,melhoria,1,54,1614.9671,1562.486,0.0,0.0,0.0,0.354
71,melhoria,1,55,1614.5698,1562.486,0.0,0.0,0.0,0.357
71,melhoria,1,56,1614.5269,1562.486,0.0,0.0,0.0,0.374
71,melhoria,1,57,1613.6784,1562.486,0.0,0.0,0.0,0.376
71,melhoria,1,58,1613.5573,1562.486,0.0,0.0,0.0,0.389
71,melhoria,1,59,1612.9053,1562.486,0.0,0.0,0.0,0.397
71,melhoria,1,60,1612.2878,1562.486,0.0,0.0,0.0,0.4
71,melhoria,1,61,1612.142,1562.486,0.0,0.0,0.0,0.434
71,melhoria,1,62,1611.8392,1562.486,0.0,0.0,0.0,0.439
71,melhoria,1,63,1611.2391,1562.486,0.0,0.0,0.0,0.446
71,melhoria,1,64,1611.173,1562.486,0.0,0.0,0.0,0.447
71,melhoria,1,65,1610.6255,1562.486,0.0,0.0,0.0,0.452
71,melhoria,1,66,1576.4134,1528.4132,0.0,0.0,0.0,0.455
71,melhoria,1,67,1575.7506,1528.4132,0.0,0.0,0.0,0.484
71,melhoria,1,68,1575.3215,1528.4132,0.0,0.0,0.0,0.488
71,melhoria,1,69,1574.9565,1528.4132,0.0,0.0,0.0,0.51
71,melhoria,1,70,1574.2756,1528.4132,0.0,0.0,0.0,0.578
71,melhoria,1,71,1541.3375,1495.0852,0.0,0.0,0.0,0.62
71,melhoria,1,72,1541.049,1495.4052,0.0,0.0,0.0,0.621
71,melhoria,1,73,1540.8916,1495.4052,0.0,0.0,0.0,0.634
71,melhoria,1,74,1540.3112,1495.4052,0.0,0.0,0.0,0.635
71,melhoria,1,75,1540.2046,1495.0852,0.0,0.0,0.0,0.673
71,melhoria,1,76,1515.504,1470.3807,0.0,0.0,0.0,0.689
71,melhoria,1,77,1515.149,1469.9408,0.0,0.0,0.0,0.704
71,melhoria,1,78,1514.5733,1469.9408,0.0,0.0,0.0,0.739
71,melhoria,1,79,1514.5385,1469.9408,0.0,0.0,0.0,0.788
71,melhoria,1,80,1513.1923,1468.9949,0.0,0.0,0.0,0.795
71,melhoria,1,81,1512.758,1468.9949,0.0,0.0,0.0,0.81
71,melhoria,1,82,1494.7364,1450.966,0.0,0.0,0.0,0.814
71,melhoria,1,83,1494.4099,1450.486,0.0,0.0,0.0,0.849
71,melhoria,1,84,1494.2054,1450.486,0.0,0.0,0.0,0.855
71,melhoria,1,85,1459.9932,1416.4132,0.0,0.0,0.0,0.878
71,melhoria,1,86,1427.0551,1383.0852,0.0,0.0,0.0,0.928
71,melhoria,1,87,1426.4986,1383.0852,0.0,0.0,0.0,0.973
71,melhoria,1,88,1426.3911,1383.0852,0.0,0.0,0.0,0.984
71,melhoria,1,89,1401.4949,1358.1852,0.0,0.0,0.0,1.006
71,melhoria,1,90,1399.9041,1356.9949,0.0,0.0,0.0,1.019
71,melhoria,1,91,1399.819,1356.9949,0.0,0.0,0.0,1.093
71,melhoria,1,92,1399.5765,1356.9949,0.0,0.0,0.0,1.097
71,melhoria,1,93,1399.4912,1356.9949,0.0,0.0,0.0,1.129
71,melhoria,1,94,1399.4485,1356.9949,0.0,0.0,0.0,1.16
71,melhoria,1,95,1399.3972,1357.0973,0.0,0.0,0.0,1.217
71,melhoria,1,96,1382.5592,1340.2517,0.0,0.0,0.0,1.236
71,melhoria,1,97,1348.022,1305.8908,0.0,0.0,0.0,1.263
71,melhoria,1,98,1347.8446,1305.5855,0.0,0.0,0.0,1.333
71,melhoria,1,99,1347.6127,1305.0095,0.0,0.0,0.0,1.351
71,melhoria,1,100,1313.6066,1271.0852,0.0,0.0,0.0,1.378
71,melhoria,1,101,1288.906,1246.3807,0.0,0.0,0.0,1.425
71,melhoria,1,102,1288.551,1245.9408,0.0,0.0,0.0,1.481
71,melhoria,1,103,1287.2047,1244.9949,0.0,0.0,0.0,1.516
71,melhoria,1,104,1287.1623,1244.9949,0.0,0.0,0.0,1.541
71,melhoria,1,105,1287.1197,1244.9949,0.0,0.0,0.0,1.603
71,melhoria,1,106,1269.5382,1227.4059,0.0,0.0,0.0,1.689
71,melhoria,1,107,1235.1291,1193.1731,0.0,0.0,0.0,1.749
71,melhoria,1,108,1234.9995,1192.8531,0.0,0.0,0.0,1.761
71,melhoria,1,109,1201.1499,1159.0852,0.0,0.0,0.0,1.857
71,melhoria,1,110,1201.0219,1159.0852,0.0,0.0,0.0,1.862
71,melhoria,1,111,1200.9848,1159.0852,0.0,0.0,0.0,1.943
71,melhoria,1,112,1200.9841,1159.0852,0.0,0.0,0.0,1.955
71,melhoria,1,113,1200.9779,1159.0852,0.0,0.0,0.0,1.959
71,melhoria,2,115,1200.9358,1159.0852,0.0,0.0,0.0,2.093
71,melhoria,1,116,1200.9279,1159.0852,0.0,0.0,0.0,2.099
71,melhoria,1,117,1200.8847,1159.0852,0.0,0.0,0.0,2.162
71,melhoria,2,119,1200.7931,1159.0859,0.0,0.0,0.0,2.304
71,melhoria,2,121,1200.6314,1158.8868,0.0,0.0,0.0,2.436
71,melhoria,1,122,1175.5893,1133.8412,0.0,0.0,0.0,2.549
71,melhoria,1,123,1174.3576,1132.9206,0.0,0.0,0.0,2.638
71,melhoria,1,124,1174.2952,1132.7926,0.0,0.0,0.0,2.675
71,melhoria,1,125,1156.4704,1114.9603,0.0,0.0,0.0,2.796
71,melhoria,1,126,1122.6025,1081.2318,0.0,0.0,0.0,2.818
71,melhoria,1,127,1122.5352,1081.0364,0.0,0.0,0.0,2.895
71,melhoria,1,128,1088.303,1046.8868,0.0,0.0,0.0,2.905
71,melhoria,1,129,1088.2183,1046.8868,0.0,0.0,0.0,2.912
71,melhoria,1,130,1088.1816,1046.8868,0.0,0.0,0.0,2.949
71,melhoria,1,131,1063.0241,1021.7259,0.0,0.0,0.0,2.994
71,melhoria,1,132,1062.8276,1021.4205,0.0,0.0,0.0,3.084
71,melhoria,1,133,1062.0422,1020.7926,0.0,0.0,0.0,3.09
71,melhoria,1,134,1061.992,1020.7926,0.0,0.0,0.0,3.135
71,melhoria,1,135,1043.7464,1002.5397,0.0,0.0,0.0,3.136
71,melhoria,1,136,1043.6325,1002.3833,0.0,0.0,0.0,3.138
71,melhoria,1,137,1009.8518,968.6547,0.0,0.0,0.0,3.234
71,melhoria,1,138,1009.4968,968.2148,0.0,0.0,0.0,3.277
71,melhoria,1,139,1009.4797,968.2148,0.0,0.0,0.0,3.4
71,melhoria,1,140,1009.4751,968.2148,0.0,0.0,0.0,3.461
71,melhoria,2,142,1009.2001,967.8794,0.0,0.0,0.0,3.591
71,melhoria,1,143,1009.0268,967.6907,0.0,0.0,0.0,3.659
71,melhoria,1,144,1009.0065,967.5596,0.0,0.0,0.0,3.684
71,melhoria,2,146,1008.9692,967.5596,0.0,0.0,0.0,3.812
71,melhoria,2,148,1008.4509,967.0066,0.0,0.0,0.0,3.952
71,melhoria,2,150,1008.3736,966.8155,0.0,0.0,0.0,4.091
71,melhoria,1,151,1007.982,966.8155,0.0,0.0,0.0,4.22
71,melhoria,1,152,1007.7515,966.8155,0.0,0.0,0.0,4.269
71,melhoria,1,153,975.2379,933.4875,0.0,0.0,0.0,4.355
71,melhoria,1,154,974.2343,933.4875,0.0,0.0,0.0,4.369
71,melhoria,1,155,974.1973,933.4875,0.0,0.0,0.0,4.431
71,melhoria,1,156,974.1966,933.4875,0.0,0.0,0.0,4.508
71,melhoria,1,157,974.1905,933.4875,0.0,0.0,0.0,4.609
71,melhoria,2,159,971.6438,930.9275,0.0,0.0,0.0,4.748
71,melhoria,2,161,971.0821,930.2773,0.0,0.0,0.0,4.896
71,melhoria,2,163,969.5671,928.7413,0.0,0.0,0.0,5.028
71,melhoria,2,165,969.5037,928.7413,0.0,0.0,0.0,5.164
71,melhoria,1,166,969.4608,928.7413,0.0,0.0,0.0,5.2
71,melhoria,1,167,969.4179,928.7413,0.0,0.0,0.0,5.264
71,melhoria,1,168,969.4023,928.7413,0.0,0.0,0.0,5.267
71,melhoria,2,170,969.3091,928.7414,0.0,0.0,0.0,5.39
71,melhoria,2,172,969.3057,928.7414,0.0,0.0,0.0,5.521
71,melhoria,2,174,966.8322,926.2198,0.0,0.0,0.0,5.66
71,melhoria,2,176,966.8291,926.2202,0.0,0.0,0.0,5.793
71,melhoria,1,177,965.6594,926.2202,0.0,0.0,0.0,5.819
71,melhoria,1,178,965.2332,926.2202,0.0,0.0,0.0,5.842
71,melhoria,1,179,964.6783,926.2202,0.0,0.0,0.0,5.921
71,melhoria,2,181,964.6768,926.2202,0.0,0.0,0.0,6.063
71,melhoria,2,183,964.6753,926.2202,0.0,0.0,0.0,6.21
71,melhoria,2,185,964.5562,926.2205,0.0,0.0,0.0,6.355
71,melhoria,2,187,964.3217,925.8015,0.0,0.0,0.0,6.493
71,melhoria,1,188,964.2591,925.6966,0.0,0.0,0.0,6.555
71,melhoria,2,190,964.1862,925.3612,0.0,0.0,0.0,6.695
71,melhoria,1,191,964.1151,925.2773,0.0,0.0,0.0,6.7
71,melhoria,2,193,964.0532,925.2773,0.0,0.0,0.0,6.844
71,melhoria,2,195,963.8976,925.2774,0.0,0.0,0.0,7.01
71,melhoria,2,197,963.8329,925.2774,0.0,0.0,0.0,7.159
71,melhoria,1,198,963.8224,925.2774,0.0,0.0,0.0,7.203
71,melhoria,1,199,963.8219,925.2774,0.0,0.0,0.0,7.204
71,melhoria,1,200,963.815,925.2774,0.0,0.0,0.0,7.324
71,melhoria,3,203,963.8146,925.2774,0.0,0.0,0.0,7.502
71,melhoria,2,205,963.8085,925.1931,0.0,0.0,0.0,7.651
71,melhoria,3,208,963.7376,925.1901,0.0,0.0,0.0,7.903
71,timeout,2,209,963.7376,925.1901,0.0,0.0,0.0,8.05
71,saida,0,209,963.7376,925.1901,0.0,0.0,0.0,8.05
81,entrada,0,0,26528.8171,1775.6114,3929.4888,20738.2453,0.0,0.0
81,melhoria,1,1,26468.6217,1775.42,3929.4888,20673.9484,0.0,0.001
81,melhoria,1,2,26468.5984,1775.42,3929.4888,20673.9484,0.0,0.002
81,melhoria,1,3,26468.5746,1775.42,3929.4888,20673.9484,0.0,0.011
81,melhoria,1,4,26468.3299,1775.42,3929.4888,20673.9484,0.0,0.012
81,melhoria,1,5,26466.612,1775.42,3929.4888,20673.9484,0.0,0.018
81,melhoria,1,6,26466.5456,1775.42,3929.4888,20673.9484,0.0,0.023
81,melhoria,1,7,26466.4793,1775.42,3929.4888,20673.9484,0.0,0.031
81,melhoria,1,8,26466.1991,1775.42,3929.4888,20673.9484,0.0,0.032
81,melhoria,1,9,26466.1134,1775.42,3929.4888,20673.9484,0.0,0.036
81,melhoria,1,10,26466.0472,1775.42,3929.4888,20673.9484,0.0,0.037
81,melhoria,1,11,26465.9804,1775.42,3929.4888,20673.9484,0.0,0.043
81,melhoria,1,12,26465.2041,1775.42,3929.4888,20673.9484,0.0,0.046
81,melhoria,1,13,26465.0755,1775.42,3929.4888,20673.9484,0.0,0.047
81,melhoria,1,14,16170.1166,1743.2529,3929.4888,10411.408,0.0,0.056
81,melhoria,1,15,16170.0729,1743.2529,3929.4888,10411.408,0.0,0.059
81,melhoria,1,16,16170.0101,1743.2529,3929.4888,10411.408,0.0,0.059
81,melhoria,1,17,16169.5666,1743.2529,3929.4888,10411.408,0.0,0.06
81,melhoria,1,18,16167.8001,1743.2529,3929.4888,10411.408,0.0,0.06
81,melhoria,1,19,16167.7573,1743.2529,3929.4888,10411.408,0.0,0.061
81,melhoria,1,20,16167.6284,1743.2529,3929.4888,10411.408,0.0,0.065
81,melhoria,1,21,16167.6053,1743.2529,3929.4888,10411.408,0.0,0.065
81,melhoria,1,22,16167.5434,1743.2529,3929.4888,10411.408,0.0,0.068
81,melhoria,1,23,16167.3622,1743.2529,3929.4888,10411.408,0.0,0.068
81,melhoria,1,24,16166.2285,1743.2529,3929.4888,10411.408,0.0,0.076
81,melhoria,1,25,16166.1853,1743.2529,3929.4888,10411.408,0.0,0.088
81,melhoria,1,26,16166.1435,1743.2529,3929.4888,10411.408,0.0,0.108
81,melhoria,1,27,16166.0569,1743.2529,3929.4888,10411.408,0.0,0.112
81,melhoria,1,28,16164.7505,1743.2529,3929.4888,10411.408,0.0,0.121
81,melhoria,1,29,16164.6409,1743.2529,3929.4888,10411.408,0.0,0.122
81,melhoria,1,30,16164.6168,1743.2529,3929.4888,10411.408,0.0,0.128
81,melhoria,1,31,16163.6116,1743.2529,3929.4888,10411.408,0.0,0.129
81,melhoria,1,32,16163.5029,1743.2529,3929.4888,10411.408,0.0,0.146
81,melhoria,1,33,16163.4237,1743.2529,3929.4888,10411.408,0.0,0.146
81,melhoria,1,34,16163.4158,1743.2529,3929.4888,10411.408,0.0,0.15
81,melhoria,1,35,16163.4111,1743.2529,3929.4888,10411.408,0.0,0.164
81,melhoria,1,36,16163.3011,1743.2529,3929.4888,10411.408,0.0,0.166
81,melhoria,1,37,16163.301,1743.2529,3929.4888,10411.408,0.0,0.167
81,melhoria,1,38,16163.2763,1743.2529,3929.4888,10411.408,0.0,0.178
81,melhoria,1,39,16162.6904,1743.2529,3929.4888,10411.408,0.0,0.18
81,melhoria,1,40,16162.6476,1743.2529,3929.4888,10411.408,0.0,0.185
81,melhoria,1,41,16162.1085,1743.2529,3929.4888,10411.408,0.0,0.201
81,melhoria,1,42,16161.0706,1743.2529,3929.4888,10411.408,0.0,0.202
81,melhoria,1,43,16160.9466,1743.2529,3929.4888,10411.408,0.0,0.222
81,melhoria,1,44,16160.2275,1743.2529,3929.4888,10411.408,0.0,0.238
81,melhoria,1,45,16159.7769,1743.2529,3929.4888,10411.408,0.0,0.243
81,melhoria,1,46,16159.7098,1743.2529,3929.4888,10411.408,0.0,0.267
81,melhoria,1,47,16159.4319,1743.2529,3929.4888,10411.408,0.0,0.28
81,melhoria,1,48,9027.3236,1709.5817,3929.4888,3313.1524,0.0,0.298
81,melhoria,1,49,9025.6938,1709.5817,3929.4888,3313.1524,0.0,0.306
81,melhoria,1,50,9025.0332,1709.5817,3929.4888,3313.1524,0.0,0.336
81,melhoria,1,51,9024.4867,1709.5817,3929.4888,3313.1524,0.0,0.37
81,melhoria,1,52,9024.0788,1709.5817,3929.4888,3313.1524,0.0,0.371
81,melhoria,1,53,9023.0075,1709.5817,3929.4888,3313.1524,0.0,0.385
81,melhoria,1,54,9022.7907,1709.5817,3929.4888,3313.1524,0.0,0.403
81,melhoria,1,55,9022.4496,1709.5817,3929.4888,3313.1524,0.0,0.411
81,melhoria,1,56,9022.4363,1709.5817,3929.4888,3313.1524,0.0,0.415
81,melhoria,1,57,9022.2985,1709.5817,3929.4888,3313.1524,0.0,0.428
81,melhoria,1,58,1707.9347,1638.021,0.0,0.0,0.0,0.441
81,melhoria,1,59,1707.7921,1638.021,0.0,0.0,0.0,0.443
81,melhoria,1,60,1707.4444,1638.021,0.0,0.0,0.0,0.453
81,melhoria,1,61,1706.9718,1638.021,0.0,0.0,0.0,0.453
81,melhoria,1,62,1705.8399,1638.021,0.0,0.0,0.0,0.457
81,melhoria,1,63,1704.9152,1638.021,0.0,0.0,0.0,0.478
81,melhoria,1,64,1704.7502,1638.021,0.0,0.0,0.0,0.517
81,melhoria,1,65,1704.1299,1638.021,0.0,0.0,0.0,0.521
81,melhoria,1,66,1703.7204,1638.021,0.0,0.0,0.0,0.552
81,melhoria,1,67,1703.4409,1638.021,0.0,0.0,0.0,0.557
81,melhoria,1,68,1702.9293,1638.021,0.0,0.0,0.0,0.563
81,melhoria,1,69,1702.6624,1638.021,0.0,0.0,0.0,0.587
81,melhoria,1,70,1702.5362,1638.021,0.0,0.0,0.0,0.608
81,melhoria,1,71,1667.3456,1602.9246,0.0,0.0,0.0,0.612
81,melhoria,1,72,1667.0878,1602.9246,0.0,0.0,0.0,0.667
81,melhoria,1,73,1666.6519,1602.9246,0.0,0.0,0.0,0.687
81,melhoria,1,74,1665.1463,1602.9246,0.0,0.0,0.0,0.776
81,melhoria,1,75,1641.346,1579.1467,0.0,0.0,0.0,0.792
81,melhoria,1,76,1641.1289,1579.1467,0.0,0.0,0.0,0.838
81,melhoria,1,77,1640.1228,1579.1467,0.0,0.0,0.0,0.842
81,melhoria,1,78,1639.7348,1579.1467,0.0,0.0,0.0,0.856
81,melhoria,1,79,1639.3806,1579.1467,0.0,0.0,0.0,0.908
81,melhoria,1,80,1639.1776,1579.1467,0.0,0.0,0.0,0.923
81,melhoria,1,81,1638.9422,1579.1467,0.0,0.0,0.0,0.923
81,melhoria,1,82,1638.9102,1579.1467,0.0,0.0,0.0,0.938
81,melhoria,1,83,1638.6953,1579.1467,0.0,0.0,0.0,0.951
81,melhoria,1,84,1638.6028,1579.1467,0.0,0.0,0.0,0.978
81,melhoria,1,85,1638.0223,1579.1467,0.0,0.0,0.0,0.996
81,melhoria,1,86,1637.73,1579.1467,0.0,0.0,0.0,1.038
81,melhoria,1,87,1637.1024,1579.1467,0.0,0.0,0.0,1.042
81,melhoria,1,88,1636.9482,1579.1467,0.0,0.0,0.0,1.061
81,melhoria,1,89,1636.5735,1579.1467,0.0,0.0,0.0,1.072
81,melhoria,1,90,1636.1803,1579.1467,0.0,0.0,0.0,1.074
81,melhoria,1,91,1635.4007,1579.1467,0.0,0.0,0.0,1.106
81,melhoria,1,92,1635.2717,1579.1467,0.0,0.0,0.0,1.12
81,melhoria,1,93,1635.1823,1579.1467,0.0,0.0,0.0,1.126
81,melhoria,1,94,1634.6395,1579.1467,0.0,0.0,0.0,1.157
81,melhoria,1,95,1634.6196,1579.3067,0.0,0.0,0.0,1.175
81,melhoria,1,96,1581.3279,1526.021,0.0,0.0,0.0,1.175
81,melhoria,1,97,1581.0874,1526.021,0.0,0.0,0.0,1.19
81,melhoria,1,98,1580.9249,1526.021,0.0,0.0,0.0,1.243
81,melhoria,1,99,1545.7343,1490.9246,0.0,0.0,0.0,1.27
81,melhoria,1,100,1544.8678,1490.9246,0.0,0.0,0.0,1.299
81,melhoria,1,101,1544.4584,1490.9246,0.0,0.0,0.0,1.299
81,melhoria,1,102,1544.1001,1490.9246,0.0,0.0,0.0,1.377
81,melhoria,1,103,1543.8153,1490.9246,0.0,0.0,0.0,1.405
81,melhoria,1,104,1543.3153,1490.9246,0.0,0.0,0.0,1.409
81,melhoria,1,105,1543.291,1490.9246,0.0,0.0,0.0,1.413
81,melhoria,1,106,1543.0266,1490.9246,0.0,0.0,0.0,1.474
81,melhoria,1,107,1519.2263,1467.1467,0.0,0.0,0.0,1.521
81,melhoria,1,108,1519.0204,1467.1467,0.0,0.0,0.0,1.553
81,melhoria,1,109,1519.0005,1467.3067,0.0,0.0,0.0,1.554
81,melhoria,1,110,1465.7088,1414.021,0.0,0.0,0.0,1.575
81,melhoria,1,111,1465.5343,1414.021,0.0,0.0,0.0,1.576
81,melhoria,1,112,1430.3436,1378.9246,0.0,0.0,0.0,1.597
81,melhoria,1,113,1406.5434,1355.1467,0.0,0.0,0.0,1.601
81,melhoria,1,114,1406.2061,1355.1467,0.0,0.0,0.0,1.657
81,melhoria,1,115,1406.0964,1355.1467,0.0,0.0,0.0,1.717
81,melhoria,1,116,1406.0765,1355.3067,0.0,0.0,0.0,1.744
81,melhoria,1,117,1352.7848,1302.021,0.0,0.0,0.0,1.822
81,melhoria,1,118,1352.5545,1302.021,0.0,0.0,0.0,1.864
81,melhoria,1,119,1352.4445,1302.021,0.0,0.0,0.0,1.898
81,melhoria,1,120,1352.3352,1302.021,0.0,0.0,0.0,1.96
81,melhoria,1,121,1317.1446,1266.9246,0.0,0.0,0.0,2.056
81,melhoria,1,122,1293.3443,1243.1467,0.0,0.0,0.0,2.183
81,melhoria,1,123,1293.3244,1243.3067,0.0,0.0,0.0,2.199
81,melhoria,1,124,1240.0327,1190.021,0.0,0.0,0.0,2.311
81,melhoria,1,125,1204.8421,1154.9246,0.0,0.0,0.0,2.413
81,melhoria,1,126,1181.0418,1131.1467,0.0,0.0,0.0,2.501
81,melhoria,2,128,1180.9633,1131.1469,0.0,0.0,0.0,2.645
81,melhoria,1,129,1180.1223,1131.1469,0.0,0.0,0.0,2.766
81,melhoria,1,130,1179.5004,1131.1469,0.0,0.0,0.0,2.783
81,melhoria,1,131,1179.3689,1131.1469,0.0,0.0,0.0,2.868
81,melhoria,1,132,1178.7087,1131.1469,0.0,0.0,0.0,2.952
81,melhoria,1,133,1178.6992,1131.1469,0.0,0.0,0.0,2.993
81,melhoria,1,134,1178.3564,1131.1469,0.0,0.0,0.0,2.998
81,melhoria,1,135,1178.074,1131.1469,0.0,0.0,0.0,3.106
81,melhoria,1,136,1177.255,1131.1469,0.0,0.0,0.0,3.146
81,melhoria,1,137,1177.0998,1131.1469,0.0,0.0,0.0,3.209
81,melhoria,1,138,1177.044,1131.1469,0.0,0.0,0.0,3.312
81,melhoria,1,139,1177.0242,1131.3069,0.0,0.0,0.0,3.317
81,melhoria,1,140,1123.7331,1078.0219,0.0,0.0,0.0,3.386
81,melhoria,1,141,1122.8655,1078.0219,0.0,0.0,0.0,3.405
81,melhoria,1,142,1122.4574,1078.0219,0.0,0.0,0.0,3.456
81,melhoria,1,143,1087.2664,1042.925,0.0,0.0,0.0,3.467
81,melhoria,1,144,1063.4659,1019.1469,0.0,0.0,0.0,3.539
81,melhoria,1,145,1063.1086,1019.1469,0.0,0.0,0.0,3.598
81,melhoria,1,146,1062.9487,1019.1469,0.0,0.0,0.0,3.618
81,melhoria,1,147,1062.555,1019.1469,0.0,0.0,0.0,3.62
81,melhoria,1,148,1062.092,1019.1469,0.0,0.0,0.0,3.675
81,melhoria,1,149,1061.9897,1019.1469,0.0,0.0,0.0,3.752
81,melhoria,1,150,1061.852,1019.1469,0.0,0.0,0.0,3.822
81,melhoria,1,151,1061.7426,1019.1469,0.0,0.0,0.0,3.882
81,melhoria,2,153,1061.5842,1019.1473,0.0,0.0,0.0,4.024
81,melhoria,1,154,1061.0882,1019.1473,0.0,0.0,0.0,4.144
81,melhoria,1,155,1060.8,1019.1473,0.0,0.0,0.0,4.189
81,melhoria,2,157,1060.6177,1018.9399,0.0,0.0,0.0,4.328
81,melhoria,2,159,1060.6113,1018.9399,0.0,0.0,0.0,4.465
81,melhoria,1,160,1060.2653,1018.9399,0.0,0.0,0.0,4.523
81,melhoria,1,161,1059.9831,1018.9399,0.0,0.0,0.0,4.55
81,melhoria,1,162,1059.9304,1018.9399,0.0,0.0,0.0,4.643
81,melhoria,1,163,1059.9118,1019.0999,0.0,0.0,0.0,4.669
81,melhoria,1,164,1005.7009,964.8953,0.0,0.0,0.0,4.67
81,melhoria,1,165,971.0843,930.3732,0.0,0.0,0.0,4.674
81,melhoria,1,166,947.6279,906.9399,0.0,0.0,0.0,4.778
81,melhoria,2,168,947.5952,906.9668,0.0,0.0,0.0,4.914
81,melhoria,2,170,946.3313,905.6494,0.0,0.0,0.0,5.053
81,melhoria,2,172,946.3045,905.6494,0.0,0.0,0.0,5.188
81,melhoria,1,173,946.2445,905.6494,0.0,0.0,0.0,5.241
81,melhoria,1,174,946.2399,905.6494,0.0,0.0,0.0,5.31
81,melhoria,1,175,946.2393,905.6494,0.0,0.0,0.0,5.422
81,melhoria,2,177,946.0734,905.6506,0.0,0.0,0.0,5.57
81,melhoria,2,179,945.9413,905.6508,0.0,0.0,0.0,5.707
81,melhoria,1,180,944.4934,905.6508,0.0,0.0,0.0,5.786
81,melhoria,1,181,943.6619,905.6508,0.0,0.0,0.0,5.815
81,melhoria,1,182,942.8705,905.6508,0.0,0.0,0.0,5.916
81,melhoria,1,183,942.2826,905.6508,0.0,0.0,0.0,5.921
81,melhoria,1,184,941.5813,905.6508,0.0,0.0,0.0,5.941
81,melhoria,1,185,941.3986,905.6508,0.0,0.0,0.0,5.982
81,melhoria,1,186,941.0343,905.6508,0.0,0.0,0.0,5.984
81,melhoria,1,187,940.7642,905.6508,0.0,0.0,0.0,6.022
81,melhoria,1,188,939.5775,905.6508,0.0,0.0,0.0,6.108
81,melhoria,1,189,939.1955,905.6508,0.0,0.0,0.0,6.111
81,melhoria,1,190,939.1075,905.6508,0.0,0.0,0.0,6.119
81,melhoria,1,191,938.8475,905.6508,0.0,0.0,0.0,6.197
81,melhoria,1,192,938.5475,905.6508,0.0,0.0,0.0,6.218
81,melhoria,2,194,938.4331,905.651,0.0,0.0,0.0,6.358
81,melhoria,1,195,937.4831,905.651,0.0,0.0,0.0,6.417
81,melhoria,2,197,937.478,905.651,0.0,0.0,0.0,6.548
81,melhoria,2,199,937.4174,905.6531,0.0,0.0,0.0,6.678
81,melhoria,2,201,937.3877,905.6531,0.0,0.0,0.0,6.813
81,melhoria,2,203,937.3214,905.6847,0.0,0.0,0.0,6.951
81,melhoria,1,204,936.8808,905.6847,0.0,0.0,0.0,6.976
81,melhoria,1,205,936.6216,905.6847,0.0,0.0,0.0,6.992
81,melhoria,1,206,936.4978,905.6847,0.0,0.0,0.0,7.072
81,melhoria,2,208,936.4743,905.6847,0.0,0.0,0.0,7.219
81,melhoria,2,210,936.4418,905.6882,0.0,0.0,0.0,7.375
81,melhoria,2,212,936.3861,905.6882,0.0,0.0,0.0,7.505
81,melhoria,2,214,936.305,905.6894,0.0,0.0,0.0,7.656
81,melhoria,1,215,936.0057,905.6894,0.0,0.0,0.0,7.728
81,melhoria,1,216,935.7005,905.6894,0.0,0.0,0.0,7.801
81,melhoria,2,218,935.5484,905.6915,0.0,0.0,0.0,7.95
81,timeout,2,219,935.5484,905.6915,0.0,0.0,0.0,8.08
81,saida,0,219,935.5484,905.6915,0.0,0.0,0.0,8.08
81,entrada,0,0,935.5484,905.6915,0.0,0.0,0.0,0.0
81,melhoria,2,2,935.4308,905.7008,0.0,0.0,0.0,0.15
81,melhoria,2,4,935.1826,905.7023,0.0,0.0,0.0,0.302
81,melhoria,1,5,934.4669,905.7023,0.0,0.0,0.0,0.366
81,melhoria,1,6,934.154,905.7023,0.0,0.0,0.0,0.445
81,melhoria,1,7,934.0161,905.7023,0.0,0.0,0.0,0.459
81,melhoria,1,8,933.849,905.7023,0.0,0.0,0.0,0.566
81,melhoria,1,9,933.7441,905.7023,0.0,0.0,0.0,0.681
81,melhoria,2,11,933.6181,905.7178,0.0,0.0,0.0,0.821
81,melhoria,2,13,933.5517,905.719,0.0,0.0,0.0,0.956
81,melhoria,3,16,933.5001,905.607,0.0,0.0,0.0,1.274
81,melhoria,2,18,933.4629,905.607,0.0,0.0,0.0,1.435
81,melhoria,3,21,933.3947,905.607,0.0,0.0,0.0,1.677
81,melhoria,2,23,933.3914,905.6518,0.0,0.0,0.0,1.842
81,melhoria,2,25,933.3779,905.6787,0.0,0.0,0.0,2.031
81,melhoria,2,27,933.3779,905.607,0.0,0.0,0.0,2.198
81,melhoria,2,29,933.3762,905.607,0.0,0.0,0.0,2.379
81,melhoria,3,32,933.1242,905.296,0.0,0.0,0.0,2.731
81,melhoria,2,34,933.0868,905.296,0.0,0.0,0.0,2.908
81,melhoria,5,39,933.0621,905.296,0.0,0.0,0.0,3.38
81,melhoria,1,40,932.8634,905.296,0.0,0.0,0.0,3.445
81,melhoria,2,42,932.8209,905.2214,0.0,0.0,0.0,3.631
81,melhoria,4,46,932.7755,905.2214,0.0,0.0,0.0,4.005
81,melhoria,5,51,932.7457,905.2214,0.0,0.0,0.0,4.464
81,melhoria,3,54,932.7021,905.2214,0.0,0.0,0.0,4.752
81,saida,0,59,932.7021,905.2214,0.0,0.0,0.0,5.176
