vns_iter,evento,l,iter_interna,fp,tmax,pen_cap,pen_jan,pen_tsk,tempo_s
0,entrada,0,0,34495.6078,700.8744,16375.1152,17394.895,0.0,0.0
0,melhoria,1,1,34495.0328,700.8744,16375.1152,17394.895,0.0,0.0
0,melhoria,1,2,34493.5162,700.8744,16375.1152,17394.895,0.0,0.001
0,melhoria,1,3,34492.9312,700.8744,16375.1152,17394.895,0.0,0.002
0,melhoria,1,4,34491.9978,700.8744,16375.1152,17394.895,0.0,0.004
0,melhoria,1,5,34491.0728,700.8744,16375.1152,17394.895,0.0,0.007
0,melhoria,3,8,33080.5075,696.4805,15706.8,16656.7164,0.0,0.017
0,melhoria,1,9,32288.2744,694.0089,15330.8727,16241.491,0.0,0.022
0,melhoria,1,10,32287.6911,694.0089,15330.8727,16241.491,0.0,0.027
0,melhoria,3,13,31180.3738,689.615,14965.7337,15503.3124,0.0,0.036
0,melhoria,1,14,30828.3195,688.5165,14798.6549,15318.7678,0.0,0.038
0,melhoria,1,15,30723.3674,688.5165,14693.7059,15318.7678,0.0,0.038
0,melhoria,3,18,30723.3104,688.5165,14693.7059,15318.7678,0.0,0.044
0,melhoria,3,21,30524.582,688.5165,14495.4787,15318.7678,0.0,0.054
0,melhoria,1,22,30084.9619,687.1434,14286.6301,15088.087,0.0,0.058
0,melhoria,3,25,28321.4049,681.651,13451.2361,14165.3638,0.0,0.066
0,melhoria,3,28,26558.1484,676.1586,12615.8421,13242.6406,0.0,0.078
0,melhoria,3,31,26558.0625,676.1586,12615.8421,13242.6406,0.0,0.087
0,melhoria,3,34,25396.7213,671.7647,12183.4117,12517.6414,0.0,0.094
0,melhoria,1,35,25385.5468,670.0483,12365.2239,12325.4074,0.0,0.099
0,melhoria,3,38,25385.4382,670.0483,12365.2239,12325.4074,0.0,0.115
0,melhoria,1,39,25385.4375,670.0483,12365.2239,12325.4074,0.0,0.117
0,melhoria,3,42,25385.3592,670.0483,12365.2239,12325.4074,0.0,0.128
0,saida,0,47,25385.3592,670.0483,12365.2239,12325.4074,0.0,0.194
0,entrada,0,0,105590.2066,897.3789,49447.2808,55208.5801,0.0,0.0
0,melhoria,1,1,105589.5238,897.3789,49447.2808,55208.5801,0.0,0.001
0,melhoria,1,2,56000.8758,753.8249,28106.3083,27107.7134,0.0,0.004
0,melhoria,1,3,51963.7132,753.8249,25174.6403,26001.9012,0.0,0.004
0,melhoria,1,4,13518.1281,614.2283,6798.007,6073.5674,0.0,0.009
0,melhoria,3,7,13518.105,614.2283,6798.007,6073.5674,0.0,0.028
0,melhoria,1,8,13517.9174,614.2283,6798.007,6073.5674,0.0,0.035
0,melhoria,1,9,13516.9491,614.2283,6798.007,6073.5674,0.0,0.037
0,melhoria,1,10,13515.9809,614.2283,6798.007,6073.5674,0.0,0.041
0,melhoria,3,13,13515.9742,614.2283,6798.007,6073.5674,0.0,0.081
0,melhoria,1,14,13514.4737,614.2283,6798.007,6073.5674,0.0,0.083
0,saida,0,19,13514.4737,614.2283,6798.007,6073.5674,0.0,0.156
0,entrada,0,0,13514.4737,614.2283,6798.007,6073.5674,0.0,0.0
0,saida,0,5,13514.4737,614.2283,6798.007,6073.5674,0.0,0.064
1,entrada,0,0,13177.8919,612.5938,6645.0237,5890.5104,0.0,0.0
1,melhoria,3,3,13177.5952,612.5938,6645.0237,5890.5104,0.0,0.012
1,melhoria,4,7,568.523,539.6634,0.0,0.0,0.0,0.07
1,melhoria,1,8,568.4607,539.6634,0.0,0.0,0.0,0.076
1,melhoria,1,9,568.0133,538.9769,0.0,0.0,0.0,0.085
1,melhoria,1,10,567.0974,538.9769,0.0,0.0,0.0,0.086
1,melhoria,3,13,567.0066,538.9769,0.0,0.0,0.0,0.099
1,melhoria,1,14,565.1659,538.9769,0.0,0.0,0.0,0.099
1,melhoria,2,16,565.005,538.9769,0.0,0.0,0.0,0.107
1,melhoria,2,18,564.7902,538.9769,0.0,0.0,0.0,0.116
1,melhoria,3,21,564.7136,538.9769,0.0,0.0,0.0,0.152
1,saida,0,26,564.7136,538.9769,0.0,0.0,0.0,0.217
2,entrada,0,0,18564.9481,538.3247,13487.0224,4512.8924,0.0,0.0
2,melhoria,1,1,14221.1023,597.9611,9119.3398,4472.9942,0.0,0.0
2,melhoria,1,2,11615.7944,537.0889,8945.684,2104.5307,0.0,0.001
2,melhoria,1,3,9267.5147,593.6702,4873.7713,3771.0631,0.0,0.003
2,melhoria,3,6,9267.5082,593.6702,4873.7713,3771.0631,0.0,0.033
2,melhoria,3,9,564.975,536.2307,0.0,0.0,0.0,0.09
2,melhoria,3,12,564.7433,536.2307,0.0,0.0,0.0,0.126
2,melhoria,1,13,563.7998,536.2307,0.0,0.0,0.0,0.13
2,saida,0,18,563.7998,536.2307,0.0,0.0,0.0,0.198
3,entrada,0,0,563.7998,536.2307,0.0,0.0,0.0,0.0
3,saida,0,5,563.7998,536.2307,0.0,0.0,0.0,0.068
3,entrada,0,0,563.7998,536.2307,0.0,0.0,0.0,0.0
3,saida,0,5,563.7998,536.2307,0.0,0.0,0.0,0.069
3,entrada,0,0,563.7998,536.2307,0.0,0.0,0.0,0.0
3,saida,0,5,563.7998,536.2307,0.0,0.0,0.0,0.073
3,entrada,0,0,563.7998,536.2307,0.0,0.0,0.0,0.0
3,saida,0,5,563.7998,536.2307,0.0,0.0,0.0,0.066
4,entrada,0,0,563.7998,536.2307,0.0,0.0,0.0,0.0
4,melhoria,3,3,563.6354,536.2307,0.0,0.0,0.0,0.04
4,melhoria,1,4,562.2542,536.2307,0.0,0.0,0.0,0.041
4,melhoria,2,6,562.0288,536.2307,0.0,0.0,0.0,0.051
4,melhoria,3,9,561.8027,536.2307,0.0,0.0,0.0,0.098
4,melhoria,1,10,559.936,536.2307,0.0,0.0,0.0,0.106
4,saida,0,15,559.936,536.2307,0.0,0.0,0.0,0.168
5,entrada,0,0,559.936,536.2307,0.0,0.0,0.0,0.0
5,saida,0,5,559.936,536.2307,0.0,0.0,0.0,0.071
5,entrada,0,0,559.936,536.2307,0.0,0.0,0.0,0.0
5,saida,0,5,559.936,536.2307,0.0,0.0,0.0,0.065
5,entrada,0,0,559.936,536.2307,0.0,0.0,0.0,0.0
5,saida,0,5,559.936,536.2307,0.0,0.0,0.0,0.068
5,entrada,0,0,559.936,536.2307,0.0,0.0,0.0,0.0
5,saida,0,5,559.936,536.2307,0.0,0.0,0.0,0.079
6,entrada,0,0,559.936,536.2307,0.0,0.0,0.0,0.0
6,saida,0,5,559.936,536.2307,0.0,0.0,0.0,0.065
6,entrada,0,0,559.936,536.2307,0.0,0.0,0.0,0.0
6,saida,0,5,559.936,536.2307,0.0,0.0,0.0,0.06
6,entrada,0,0,559.936,536.2307,0.0,0.0,0.0,0.0
6,saida,0,5,559.936,536.2307,0.0,0.0,0.0,0.063
6,entrada,0,0,559.936,536.2307,0.0,0.0,0.0,0.0
6,saida,0,5,559.936,536.2307,0.0,0.0,0.0,0.066
7,entrada,0,0,12824.5226,607.9681,6689.4689,5497.6583,0.0,0.0
7,melhoria,1,1,12606.5517,607.2816,6625.2078,5343.8711,0.0,0.0
7,melhoria,1,2,12394.9309,606.7323,6522.3901,5234.0207,0.0,0.001
7,melhoria,1,3,12332.5199,606.7323,6458.129,5234.0207,0.0,0.001
7,melhoria,1,4,12330.1759,606.7323,6458.129,5234.0207,0.0,0.001
7,melhoria,1,5,12251.1008,606.7323,6377.8027,5234.0207,0.0,0.003
7,melhoria,1,6,12250.42,606.7323,6377.8027,5234.0207,0.0,0.009
7,melhoria,1,7,12249.5847,606.7323,6377.8027,5234.0207,0.0,0.017
7,melhoria,3,10,11968.0736,606.7323,6096.3859,5234.0207,0.0,0.042
7,melhoria,3,13,11514.0686,604.5354,5890.7504,4987.9612,0.0,0.051
7,melhoria,1,14,11512.486,604.5354,5890.7504,4987.9612,0.0,0.054
7,melhoria,1,15,11511.5177,604.5354,5890.7504,4987.9612,0.0,0.054
7,melhoria,1,16,11357.2992,603.6772,5831.5835,4891.8442,0.0,0.055
7,melhoria,1,17,11356.369,603.6772,5831.5835,4891.8442,0.0,0.056
7,melhoria,3,20,11313.2771,603.4695,5812.1485,4868.5886,0.0,0.096
7,melhoria,3,23,588.0745,538.8052,21.1594,0.0,0.0,0.128
7,melhoria,1,24,585.6751,538.8052,21.1594,0.0,0.0,0.13
7,melhoria,1,25,585.6573,538.1187,21.1594,0.0,0.0,0.133
7,melhoria,3,28,582.8756,535.3725,21.1594,0.0,0.0,0.163
7,melhoria,3,31,582.8691,535.3725,21.1594,0.0,0.0,0.218
7,saida,0,36,582.8691,535.3725,21.1594,0.0,0.0,0.291
7,entrada,0,0,582.8691,535.3725,21.1594,0.0,0.0,0.0
7,melhoria,3,3,582.6169,535.3725,21.1594,0.0,0.0,0.043
7,saida,0,8,582.6169,535.3725,21.1594,0.0,0.0,0.109
7,entrada,0,0,582.6169,535.3725,21.1594,0.0,0.0,0.0
7,melhoria,3,3,582.4188,535.3725,21.1594,0.0,0.0,0.039
7,melhoria,1,4,581.9923,535.3725,21.1594,0.0,0.0,0.041
7,melhoria,1,5,581.9079,535.3725,21.1594,0.0,0.0,0.041
7,melhoria,3,8,581.836,535.3725,21.1594,0.0,0.0,0.088
7,melhoria,3,11,581.7545,535.3725,21.1594,0.0,0.0,0.12
7,saida,0,16,581.7545,535.3725,21.1594,0.0,0.0,0.188
7,entrada,0,0,581.7545,535.3725,21.1594,0.0,0.0,0.0
7,saida,0,5,581.7545,535.3725,21.1594,0.0,0.0,0.065
8,entrada,0,0,6702.1153,536.2307,3814.6579,2324.6417,0.0,0.0
8,melhoria,1,1,712.4327,536.2307,149.6816,0.0,0.0,0.0
8,melhoria,1,2,648.8149,536.2307,85.4205,0.0,0.0,0.002
8,melhoria,1,3,647.7859,536.2307,85.4205,0.0,0.0,0.003
8,melhoria,1,4,559.8156,536.2307,0.0,0.0,0.0,0.003
8,melhoria,1,5,558.9972,536.2307,0.0,0.0,0.0,0.006
8,melhoria,1,6,558.067,536.2307,0.0,0.0,0.0,0.014
8,melhoria,1,7,558.0517,536.2307,0.0,0.0,0.0,0.019
8,melhoria,3,10,558.0389,536.2307,0.0,0.0,0.0,0.043
8,melhoria,3,13,557.9315,536.2307,0.0,0.0,0.0,0.07
8,melhoria,3,16,557.8494,536.2307,0.0,0.0,0.0,0.118
8,saida,0,21,557.8494,536.2307,0.0,0.0,0.0,0.181
10,entrada,0,0,12057.753,534.9949,9294.5166,2204.9947,0.0,0.0
10,melhoria,1,1,9842.0968,596.0585,5182.7385,4038.5549,0.0,0.0
10,melhoria,1,2,9779.0213,596.0585,5118.4775,4038.5549,0.0,0.005
10,melhoria,3,5,585.4227,538.4276,21.1594,0.0,0.0,0.028
10,melhoria,1,6,566.4525,540.6246,0.0,0.0,0.0,0.033
10,melhoria,1,7,565.8164,541.1738,0.0,0.0,0.0,0.035
10,melhoria,3,10,564.5366,538.9769,0.0,0.0,0.0,0.048
10,melhoria,3,13,564.53,538.9769,0.0,0.0,0.0,0.064
10,melhoria,3,16,564.4019,538.9769,0.0,0.0,0.0,0.083
10,melhoria,3,19,564.0799,538.9769,0.0,0.0,0.0,0.097
10,melhoria,3,22,563.9939,538.9769,0.0,0.0,0.0,0.12
10,melhoria,1,23,563.9852,540.5216,0.0,0.0,0.0,0.124
10,melhoria,1,24,560.923,538.4276,0.0,0.0,0.0,0.131
10,melhoria,2,26,560.9157,538.4276,0.0,0.0,0.0,0.141
10,melhoria,3,29,560.7593,538.4276,0.0,0.0,0.0,0.162
10,melhoria,3,32,560.5715,538.4276,0.0,0.0,0.0,0.174
10,melhoria,3,35,559.9403,538.4276,0.0,0.0,0.0,0.187
10,melhoria,1,36,559.3589,538.4276,0.0,0.0,0.0,0.189
10,melhoria,3,39,559.1887,538.4276,0.0,0.0,0.0,0.209
10,melhoria,3,42,557.9518,536.2307,0.0,0.0,0.0,0.223
10,melhoria,3,45,557.8704,536.2307,0.0,0.0,0.0,0.27
10,saida,0,50,557.8704,536.2307,0.0,0.0,0.0,0.339
10,entrada,0,0,557.8704,536.2307,0.0,0.0,0.0,0.0
10,saida,0,5,557.8704,536.2307,0.0,0.0,0.0,0.068
10,entrada,0,0,557.8704,536.2307,0.0,0.0,0.0,0.0
10,saida,0,5,557.8704,536.2307,0.0,0.0,0.0,0.067
10,entrada,0,0,557.8704,536.2307,0.0,0.0,0.0,0.0
10,saida,0,5,557.8704,536.2307,0.0,0.0,0.0,0.075
11,entrada,0,0,735.3498,541.1738,170.8411,0.0,0.0,0.0
11,melhoria,1,1,733.0759,541.1738,170.8411,0.0,0.0,0.0
11,melhoria,1,2,732.2367,541.1738,170.8411,0.0,0.0,0.003
11,melhoria,1,3,668.7906,541.1738,106.58,0.0,0.0,0.006
11,melhoria,1,4,605.3326,540.6246,42.3189,0.0,0.0,0.007
11,melhoria,2,6,605.2088,540.6246,42.3189,0.0,0.0,0.013
11,melhoria,2,8,605.0851,540.6246,42.3189,0.0,0.0,0.021
11,melhoria,2,10,584.0161,540.6246,21.1594,0.0,0.0,0.03
11,melhoria,1,11,583.3353,540.6246,21.1594,0.0,0.0,0.034
11,melhoria,2,13,583.0878,540.6246,21.1594,0.0,0.0,0.041
11,melhoria,2,15,582.8609,540.6246,21.1594,0.0,0.0,0.048
11,melhoria,3,18,559.8903,538.4276,0.0,0.0,0.0,0.074
11,melhoria,3,21,559.8391,538.4276,0.0,0.0,0.0,0.09
11,melhoria,3,24,559.7252,538.4276,0.0,0.0,0.0,0.103
11,melhoria,3,27,559.0875,538.4276,0.0,0.0,0.0,0.137
11,melhoria,3,30,557.8494,536.2307,0.0,0.0,0.0,0.16
11,saida,0,35,557.8494,536.2307,0.0,0.0,0.0,0.224
11,entrada,0,0,557.8494,536.2307,0.0,0.0,0.0,0.0
11,saida,0,5,557.8494,536.2307,0.0,0.0,0.0,0.067
11,entrada,0,0,557.8494,536.2307,0.0,0.0,0.0,0.0
11,saida,0,5,557.8494,536.2307,0.0,0.0,0.0,0.062
11,entrada,0,0,557.8494,536.2307,0.0,0.0,0.0,0.0
11,saida,0,5,557.8494,536.2307,0.0,0.0,0.0,0.066
12,entrada,0,0,2674.9386,530.6551,2119.8329,0.0,0.0,0.0
12,melhoria,1,1,2594.6051,530.6551,2039.5066,0.0,0.0,0.0
12,melhoria,1,2,2075.9831,483.4108,1570.8104,0.0,0.0,0.0
12,melhoria,1,3,2012.6496,483.4108,1506.5493,0.0,0.0,0.002
12,melhoria,1,4,2012.1162,483.4586,1506.5493,0.0,0.0,0.006
12,melhoria,3,7,2011.9218,483.7576,1506.5493,0.0,0.0,0.013
12,melhoria,1,8,1932.88,483.7576,1426.223,0.0,0.0,0.015
12,melhoria,3,11,1356.8719,483.5184,850.6766,0.0,0.0,0.025
12,melhoria,3,14,1100.2989,483.5184,593.6323,0.0,0.0,0.033
12,melhoria,3,17,1014.8262,483.5184,508.2117,0.0,0.0,0.062
12,melhoria,1,18,472.1034,428.6246,21.1594,0.0,0.0,0.063
12,melhoria,3,21,471.8632,428.6246,21.1594,0.0,0.0,0.08
12,melhoria,1,22,470.9262,428.6246,21.1594,0.0,0.0,0.08
12,melhoria,1,23,469.5224,428.6246,21.1594,0.0,0.0,0.081
12,melhoria,1,24,467.7037,428.6246,21.1594,0.0,0.0,0.081
12,melhoria,3,27,467.6189,428.6246,21.1594,0.0,0.0,0.115
12,saida,0,32,467.6189,428.6246,21.1594,0.0,0.0,0.176
14,entrada,0,0,25403.5614,671.7647,12183.4117,12517.6414,0.0,0.0
14,melhoria,1,1,24769.559,668.6752,11894.2368,12171.6202,0.0,0.001
14,melhoria,1,2,20280.0646,600.6278,11399.3511,8243.8092,0.0,0.001
14,melhoria,1,3,20087.343,599.6948,11312.0282,8139.3202,0.0,0.002
14,melhoria,1,4,20085.8307,599.6948,11312.0282,8139.3202,0.0,0.004
14,melhoria,1,5,20084.543,599.6948,11312.0282,8139.3202,0.0,0.004
14,melhoria,1,6,17909.1546,608.6582,11312.0282,5955.5716,0.0,0.004
14,melhoria,1,7,17908.6841,608.6582,11312.0282,5955.5716,0.0,0.007
14,melhoria,1,8,17630.9069,608.6582,11036.1415,5955.5716,0.0,0.009
14,melhoria,1,9,17504.359,607.4224,11186.2831,5678.7547,0.0,0.013
14,melhoria,1,10,1231.0299,539.6291,663.7702,0.0,0.0,0.014
14,melhoria,1,11,1231.0258,539.6291,663.7702,0.0,0.0,0.018
14,melhoria,1,12,1228.3321,539.6291,663.7702,0.0,0.0,0.02
14,melhoria,1,13,1228.2893,539.6291,663.7702,0.0,0.0,0.021
14,melhoria,2,15,1228.0369,539.6291,663.7702,0.0,0.0,0.029
14,melhoria,3,18,1225.9364,537.4321,663.7702,0.0,0.0,0.044
14,melhoria,3,21,1225.9112,537.4321,663.7702,0.0,0.0,0.059
14,melhoria,3,24,1225.8326,537.4321,663.7702,0.0,0.0,0.095
14,saida,0,29,1225.8326,537.4321,663.7702,0.0,0.0,0.157
14,entrada,0,0,1225.8326,537.4321,663.7702,0.0,0.0,0.0
14,saida,0,5,1225.8326,537.4321,663.7702,0.0,0.0,0.063
15,entrada,0,0,13437.074,535.6471,9315.3577,3558.0498,0.0,0.0
15,melhoria,1,1,1226.605,536.8829,663.7702,0.0,0.0,0.0
15,melhoria,3,4,1226.4825,536.8829,663.7702,0.0,0.0,0.017
15,melhoria,3,7,1226.4782,536.8829,663.7702,0.0,0.0,0.041
15,melhoria,3,10,1226.398,536.8829,663.7702,0.0,0.0,0.056
15,saida,0,15,1226.398,536.8829,663.7702,0.0,0.0,0.124
15,entrada,0,0,1226.398,536.8829,663.7702,0.0,0.0,0.0
15,saida,0,5,1226.398,536.8829,663.7702,0.0,0.0,0.068
16,entrada,0,0,13517.9059,542.7186,7688.8738,5258.8562,0.0,0.0
16,melhoria,1,1,12180.3863,599.0091,7182.9904,4369.0192,0.0,0.001
16,melhoria,1,2,12177.0236,599.0091,7182.9904,4369.0192,0.0,0.006
16,melhoria,1,3,11836.39,599.0091,6840.5255,4369.0192,0.0,0.006
16,melhoria,1,4,11646.0848,598.0833,6753.8753,4265.3352,0.0,0.007
16,melhoria,1,5,2032.6099,540.3157,1467.0337,0.0,0.0,0.012
16,melhoria,3,8,2032.3023,540.3157,1467.0337,0.0,0.0,0.03
16,melhoria,2,10,2032.2117,540.3157,1467.0337,0.0,0.0,0.041
16,melhoria,1,11,2031.6298,540.3157,1467.0337,0.0,0.0,0.042
16,melhoria,1,12,2031.4347,541.0022,1467.0337,0.0,0.0,0.046
16,melhoria,2,14,2029.5883,538.8052,1467.0337,0.0,0.0,0.055
16,melhoria,1,15,2029.5711,539.6634,1467.0337,0.0,0.0,0.057
16,melhoria,3,18,2028.3231,538.4276,1467.0337,0.0,0.0,0.073
16,melhoria,2,20,2028.1002,538.4276,1467.0337,0.0,0.0,0.081
16,melhoria,2,22,2027.9765,538.4276,1467.0337,0.0,0.0,0.09
16,melhoria,3,25,2027.8908,538.4276,1467.0337,0.0,0.0,0.118
16,melhoria,3,28,2027.7271,538.4276,1467.0337,0.0,0.0,0.145
16,melhoria,3,31,2027.6483,538.4276,1467.0337,0.0,0.0,0.161
16,saida,0,36,2027.6483,538.4276,1467.0337,0.0,0.0,0.244
16,entrada,0,0,2027.6483,538.4276,1467.0337,0.0,0.0,0.0
16,saida,0,5,2027.6483,538.4276,1467.0337,0.0,0.0,0.072
18,entrada,0,0,13493.1543,603.1287,8028.7189,4832.3963,0.0,0.0
18,melhoria,1,1,11245.5745,603.1287,5780.2446,4830.413,0.0,0.001
18,melhoria,1,2,11242.7745,603.1287,5780.2446,4830.413,0.0,0.005
18,melhoria,2,4,10609.6547,600.1663,5481.8045,4498.6242,0.0,0.013
18,melhoria,3,7,9278.7678,593.7226,4878.6743,3776.9299,0.0,0.042
18,melhoria,3,10,9278.5523,593.7226,4878.6743,3776.9299,0.0,0.073
18,melhoria,3,13,569.138,540.6246,0.0,0.0,0.0,0.11
18,melhoria,3,16,568.9064,540.6246,0.0,0.0,0.0,0.122
18,melhoria,1,17,567.9686,540.6246,0.0,0.0,0.0,0.124
18,melhoria,1,18,565.6133,540.6246,0.0,0.0,0.0,0.126
18,melhoria,2,20,563.2888,538.4276,0.0,0.0,0.0,0.136
18,melhoria,2,22,563.1856,538.4276,0.0,0.0,0.0,0.144
18,melhoria,1,23,563.0443,540.5216,0.0,0.0,0.0,0.151
18,melhoria,1,24,559.9821,538.4276,0.0,0.0,0.0,0.156
18,melhoria,2,26,559.8719,538.4276,0.0,0.0,0.0,0.164
18,saida,0,31,559.8719,538.4276,0.0,0.0,0.0,0.227
18,entrada,0,0,559.8719,538.4276,0.0,0.0,0.0,0.0
18,saida,0,5,559.8719,538.4276,0.0,0.0,0.0,0.062
18,entrada,0,0,559.8719,538.4276,0.0,0.0,0.0,0.0
18,melhoria,3,3,559.2342,538.4276,0.0,0.0,0.0,0.049
18,melhoria,3,6,558.1109,536.2307,0.0,0.0,0.0,0.058
18,melhoria,2,8,558.0806,536.2307,0.0,0.0,0.0,0.067
18,saida,0,13,558.0806,536.2307,0.0,0.0,0.0,0.134
18,entrada,0,0,558.0806,536.2307,0.0,0.0,0.0,0.0
18,saida,0,5,558.0806,536.2307,0.0,0.0,0.0,0.073
19,entrada,0,0,12057.7117,534.9949,9294.5166,2204.9947,0.0,0.0
19,melhoria,1,1,9781.8739,596.0585,5118.4775,4038.5549,0.0,0.0
19,melhoria,3,4,587.7676,538.4276,21.1594,0.0,0.0,0.028
19,melhoria,1,5,586.8298,538.4276,21.1594,0.0,0.0,0.029
19,melhoria,3,8,586.7474,538.4276,21.1594,0.0,0.0,0.045
19,melhoria,3,11,566.1418,538.4276,0.0,0.0,0.0,0.069
19,melhoria,3,14,565.8999,538.4276,0.0,0.0,0.0,0.115
19,melhoria,3,17,565.8266,538.4276,0.0,0.0,0.0,0.124
19,saida,0,22,565.8266,538.4276,0.0,0.0,0.0,0.187
19,entrada,0,0,565.8266,538.4276,0.0,0.0,0.0,0.0
19,melhoria,3,3,565.8203,538.4276,0.0,0.0,0.0,0.018
19,melhoria,1,4,563.5595,538.4276,0.0,0.0,0.0,0.02
19,melhoria,1,5,560.1851,538.4276,0.0,0.0,0.0,0.026
19,melhoria,2,7,560.0613,538.4276,0.0,0.0,0.0,0.033
19,melhoria,3,10,560.0277,538.4276,0.0,0.0,0.0,0.085
19,melhoria,3,13,559.2248,538.4276,0.0,0.0,0.0,0.126
19,saida,0,18,559.2248,538.4276,0.0,0.0,0.0,0.202
19,entrada,0,0,559.2248,538.4276,0.0,0.0,0.0,0.0
19,saida,0,5,559.2248,538.4276,0.0,0.0,0.0,0.066
19,entrada,0,0,559.2248,538.4276,0.0,0.0,0.0,0.0
19,melhoria,3,3,557.8584,536.2307,0.0,0.0,0.0,0.035
19,saida,0,8,557.8584,536.2307,0.0,0.0,0.0,0.099
20,entrada,0,0,12172.5014,537.1919,9303.783,2305.4588,0.0,0.0
20,melhoria,1,1,10274.0737,598.4468,5342.0242,4306.0467,0.0,0.001
20,melhoria,1,2,10271.2737,598.4468,5342.0242,4306.0467,0.0,0.006
20,melhoria,2,4,9777.9222,596.0585,5118.4775,4038.5549,0.0,0.015
20,melhoria,2,6,9756.7474,596.0585,5097.318,4038.5549,0.0,0.022
20,melhoria,2,8,9756.6442,596.0585,5097.318,4038.5549,0.0,0.029
20,melhoria,1,9,558.0457,536.2307,0.0,0.0,0.0,0.036
20,melhoria,1,10,557.855,536.2307,0.0,0.0,0.0,0.039
20,melhoria,1,11,557.8494,536.2307,0.0,0.0,0.0,0.042
20,saida,0,16,557.8494,536.2307,0.0,0.0,0.0,0.106
20,entrada,0,0,557.8494,536.2307,0.0,0.0,0.0,0.0
20,saida,0,5,557.8494,536.2307,0.0,0.0,0.0,0.063
20,entrada,0,0,557.8494,536.2307,0.0,0.0,0.0,0.0
20,saida,0,5,557.8494,536.2307,0.0,0.0,0.0,0.064
20,entrada,0,0,557.8494,536.2307,0.0,0.0,0.0,0.0
20,saida,0,5,557.8494,536.2307,0.0,0.0,0.0,0.065
22,entrada,0,0,53293.1838,753.5735,24767.6427,27736.0882,0.0,0.0
22,melhoria,1,1,53112.2997,753.0242,24647.4949,27674.5733,0.0,0.002
22,melhoria,1,2,52728.027,752.8442,24490.3136,27446.1731,0.0,0.003
22,melhoria,1,3,52727.5436,752.8442,24490.3136,27446.1731,0.0,0.005
22,melhoria,1,4,52296.261,748.3818,24822.5445,26687.1487,0.0,0.007
22,melhoria,1,5,51831.3062,748.3818,24609.4765,26432.1955,0.0,0.009
22,melhoria,1,6,16541.2663,628.8459,8166.2134,7710.7373,0.0,0.011
22,melhoria,1,7,16539.925,628.8459,8166.2134,7710.7373,0.0,0.014
22,melhoria,1,8,16538.0989,628.8459,8166.2134,7710.7373,0.0,0.016
22,melhoria,1,9,16537.5206,628.8459,8166.2134,7710.7373,0.0,0.017
22,melhoria,1,10,16536.0045,628.8459,8166.2134,7710.7373,0.0,0.018
22,melhoria,1,11,16535.0363,628.8459,8166.2134,7710.7373,0.0,0.025
22,melhoria,3,14,16534.834,628.8459,8166.2134,7710.7373,0.0,0.045
22,melhoria,3,17,16080.8,626.6489,7960.5779,7464.6778,0.0,0.055
22,melhoria,1,18,15926.2402,625.7907,7901.411,7368.5608,0.0,0.063
22,melhoria,3,21,15468.5366,598.9358,10352.7943,4486.0417,0.0,0.072
22,melhoria,1,22,14910.7227,596.8418,10156.798,4126.287,0.0,0.073
22,melhoria,1,23,14659.137,594.6449,8463.6483,5570.7364,0.0,0.076
22,melhoria,1,24,9833.9112,594.6449,5328.6258,3880.2275,0.0,0.076
22,melhoria,3,27,928.7834,535.3725,363.6243,0.0,0.0,0.092
22,melhoria,1,28,926.9145,535.3725,363.6243,0.0,0.0,0.094
22,melhoria,3,31,605.5548,535.3725,42.3189,0.0,0.0,0.105
22,melhoria,3,34,605.4649,535.3725,42.3189,0.0,0.0,0.154
22,melhoria,3,37,605.2433,535.3725,42.3189,0.0,0.0,0.171
22,melhoria,1,38,604.8168,535.3725,42.3189,0.0,0.0,0.174
22,saida,0,43,604.8168,535.3725,42.3189,0.0,0.0,0.25
22,entrada,0,0,604.8168,535.3725,42.3189,0.0,0.0,0.0
22,saida,0,5,604.8168,535.3725,42.3189,0.0,0.0,0.066
22,entrada,0,0,604.8168,535.3725,42.3189,0.0,0.0,0.0
22,saida,0,5,604.8168,535.3725,42.3189,0.0,0.0,0.065
22,entrada,0,0,604.8168,535.3725,42.3189,0.0,0.0,0.0
22,saida,0,5,604.8168,535.3725,42.3189,0.0,0.0,0.074
24,entrada,0,0,19294.7973,640.7062,9586.6716,9039.0908,0.0,0.0
24,melhoria,1,1,19215.0532,640.7062,9506.3452,9039.0908,0.0,0.001
24,melhoria,1,2,19213.6973,640.7062,9506.3452,9039.0908,0.0,0.001
24,melhoria,1,3,18583.1622,638.3526,9141.4618,8775.4887,0.0,0.002
24,melhoria,1,4,18581.7999,638.3526,9141.4618,8775.4887,0.0,0.005
24,melhoria,1,5,18580.7705,638.3526,9141.4618,8775.4887,0.0,0.01
24,melhoria,1,6,18461.8113,636.7181,9205.6342,8592.4317,0.0,0.014
24,melhoria,1,7,18382.7682,636.7181,9125.3078,8592.4317,0.0,0.019
24,melhoria,1,8,18363.4672,636.7181,9104.1484,8592.4317,0.0,0.024
24,melhoria,1,9,18362.133,636.7181,9104.1484,8592.4317,0.0,0.027
24,melhoria,1,10,18028.6516,635.4106,8917.5006,8445.9861,0.0,0.032
24,melhoria,1,11,18027.9048,635.4106,8917.5006,8445.9861,0.0,0.034
24,melhoria,1,12,17761.9965,634.3646,8768.1824,8328.8296,0.0,0.036
24,melhoria,1,13,17761.209,634.3646,8768.1824,8328.8296,0.0,0.038
24,melhoria,3,16,17761.2027,634.3646,8768.1824,8328.8296,0.0,0.048
24,melhoria,2,18,17675.7009,634.3646,8682.7619,8328.8296,0.0,0.056
24,melhoria,1,19,17674.7568,634.3646,8682.7619,8328.8296,0.0,0.058
24,melhoria,1,20,17337.6136,632.7301,8529.7785,8145.7726,0.0,0.061
24,melhoria,1,21,17336.9498,632.7301,8529.7785,8145.7726,0.0,0.065
24,melhoria,1,22,17336.1245,632.7301,8529.7785,8145.7726,0.0,0.067
24,melhoria,1,23,17066.8998,631.4226,8407.3918,7999.327,0.0,0.07
24,melhoria,2,25,16339.4811,627.2384,8152.5839,7530.7011,0.0,0.08
24,melhoria,1,26,15855.4847,624.8848,7932.2878,7267.099,0.0,0.08
24,melhoria,1,27,15741.4654,624.8848,7816.6179,7267.099,0.0,0.083
24,melhoria,2,29,15741.3093,624.8848,7816.6179,7267.099,0.0,0.09
24,melhoria,3,32,15740.9244,624.8848,7816.6179,7267.099,0.0,0.12
24,melhoria,2,34,15740.8213,624.8848,7816.6179,7267.099,0.0,0.129
24,melhoria,3,37,14963.867,619.6546,7630.2474,6681.3166,0.0,0.148
24,melhoria,1,38,14961.763,619.6546,7630.2474,6681.3166,0.0,0.151
24,melhoria,3,41,14961.7275,619.6546,7630.2474,6681.3166,0.0,0.171
24,melhoria,2,43,14940.6672,619.6546,7609.088,6681.3166,0.0,0.178
24,melhoria,3,46,13996.9458,615.4705,7137.5611,6212.6907,0.0,0.19
24,melhoria,3,49,13996.8745,615.4705,7137.5611,6212.6907,0.0,0.213
24,melhoria,3,52,13777.0521,615.4705,6918.1744,6212.6907,0.0,0.237
24,melhoria,1,53,13773.6332,615.4705,6914.2744,6212.6907,0.0,0.238
24,melhoria,2,55,13773.6068,615.4705,6914.2744,6212.6907,0.0,0.247
24,melhoria,1,56,13773.1803,615.4705,6914.2744,6212.6907,0.0,0.251
24,melhoria,3,59,13773.0912,615.4705,6914.2744,6212.6907,0.0,0.273
24,melhoria,1,60,13772.1915,615.4705,6914.2744,6212.6907,0.0,0.276
24,melhoria,3,63,12691.4882,610.2403,6424.7276,5626.9083,0.0,0.29
24,melhoria,3,66,12691.2905,610.2403,6424.7276,5626.9083,0.0,0.338
24,melhoria,2,68,12691.1749,610.2403,6424.7276,5626.9083,0.0,0.351
24,saida,0,73,12691.1749,610.2403,6424.7276,5626.9083,0.0,0.414
25,entrada,0,0,23950.8911,587.4278,15391.6913,7942.1956,0.0,0.0
25,melhoria,3,3,23925.2798,598.3452,14132.2564,9164.9517,0.0,0.009
25,melhoria,3,6,23579.9679,598.0892,13815.3879,9136.2797,0.0,0.019
25,melhoria,3,9,23514.5625,586.789,15027.0594,7870.6589,0.0,0.037
25,melhoria,3,12,13443.8094,586.789,9826.8216,3000.3716,0.0,0.061
25,melhoria,1,13,12503.9131,578.7994,9789.7488,2105.5354,0.0,0.067
25,melhoria,3,16,12456.1999,578.7994,9741.9454,2105.5354,0.0,0.088
25,melhoria,1,17,573.3263,523.7931,21.1594,0.0,0.0,0.092
25,melhoria,1,18,572.6735,523.7931,21.1594,0.0,0.0,0.092
25,melhoria,1,19,571.6943,522.1804,21.1594,0.0,0.0,0.095
25,melhoria,3,22,571.3291,521.9692,21.1594,0.0,0.0,0.13
25,melhoria,3,25,571.0404,522.1804,21.1594,0.0,0.0,0.158
25,melhoria,3,28,564.3363,515.5318,21.1594,0.0,0.0,0.183
25,melhoria,1,29,530.4507,482.9533,21.1594,0.0,0.0,0.185
25,melhoria,1,30,529.5884,483.028,21.1594,0.0,0.0,0.193
25,melhoria,4,34,527.785,481.2395,21.1594,0.0,0.0,0.253
25,melhoria,3,37,527.5973,481.2395,21.1594,0.0,0.0,0.279
25,melhoria,1,38,526.9939,481.2395,21.1594,0.0,0.0,0.28
25,saida,0,43,526.9939,481.2395,21.1594,0.0,0.0,0.343
26,entrada,0,0,12163.9384,603.8693,6320.5518,5207.7553,0.0,0.0
26,melhoria,1,1,11273.9651,599.0439,6270.5297,4372.9197,0.0,0.002
26,melhoria,1,2,1054.0475,538.4276,487.0523,0.0,0.0,0.003
26,melhoria,1,3,1053.2233,538.4276,487.0523,0.0,0.0,0.005
26,melhoria,1,4,1052.613,539.6634,487.0523,0.0,0.0,0.007
26,melhoria,1,5,908.1024,538.4276,342.4648,0.0,0.0,0.007
26,melhoria,1,6,905.8275,538.4276,342.4648,0.0,0.0,0.009
26,melhoria,1,7,904.8892,538.4276,342.4648,0.0,0.0,0.012
26,melhoria,1,8,903.0474,538.4276,342.4648,0.0,0.0,0.016
26,melhoria,1,9,902.6085,538.4276,342.4648,0.0,0.0,0.017
26,melhoria,3,12,902.5627,538.4276,342.4648,0.0,0.0,0.037
26,melhoria,3,15,643.5283,536.2307,85.4205,0.0,0.0,0.059
26,melhoria,3,18,558.005,536.2307,0.0,0.0,0.0,0.105
26,melhoria,3,21,557.8179,536.2307,0.0,0.0,0.0,0.146
26,saida,0,26,557.8179,536.2307,0.0,0.0,0.0,0.213
27,entrada,0,0,16513.8208,534.9949,9875.3611,6077.1632,0.0,0.0
27,melhoria,1,1,9298.1978,593.7226,4899.8337,3776.9299,0.0,0.0
27,melhoria,1,2,3400.1813,551.7545,2820.5888,0.0,0.0,0.0
27,melhoria,1,3,3399.6583,551.7545,2820.5888,0.0,0.0,0.006
27,melhoria,1,4,3397.908,551.7545,2820.5888,0.0,0.0,0.007
27,melhoria,3,7,2438.6435,523.4822,1889.8249,0.0,0.0,0.019
27,melhoria,2,9,2438.3591,523.0995,1889.8249,0.0,0.0,0.026
27,melhoria,3,12,2181.498,523.0995,1632.7806,0.0,0.0,0.047
27,melhoria,1,13,2038.8833,522.8842,1488.1932,0.0,0.0,0.051
27,melhoria,3,16,2038.877,522.8842,1488.1932,0.0,0.0,0.061
27,melhoria,3,19,2033.1026,517.1787,1488.1932,0.0,0.0,0.077
27,melhoria,1,20,1997.5823,482.8726,1488.1932,0.0,0.0,0.079
27,melhoria,3,23,1996.2733,481.5744,1488.1932,0.0,0.0,0.099
27,melhoria,1,24,613.0817,540.6246,42.3189,0.0,0.0,0.103
27,melhoria,1,25,591.9157,540.6246,21.1594,0.0,0.0,0.109
27,melhoria,2,27,591.735,540.6246,21.1594,0.0,0.0,0.119
27,melhoria,3,30,591.5811,540.6246,21.1594,0.0,0.0,0.148
27,melhoria,1,31,589.1734,540.6246,21.1594,0.0,0.0,0.15
27,melhoria,2,33,589.0529,540.6246,21.1594,0.0,0.0,0.159
27,melhoria,2,35,588.9498,540.6246,21.1594,0.0,0.0,0.168
27,melhoria,3,38,588.8329,540.6246,21.1594,0.0,0.0,0.198
27,melhoria,3,41,565.8681,538.4276,0.0,0.0,0.0,0.207
27,melhoria,3,44,565.8616,538.4276,0.0,0.0,0.0,0.226
27,melhoria,3,47,565.6815,538.4276,0.0,0.0,0.0,0.241
27,melhoria,3,50,565.5204,538.4276,0.0,0.0,0.0,0.273
27,melhoria,2,52,565.379,538.4276,0.0,0.0,0.0,0.281
27,saida,0,57,565.379,538.4276,0.0,0.0,0.0,0.349
27,entrada,0,0,565.379,538.4276,0.0,0.0,0.0,0.0
27,saida,0,5,565.379,538.4276,0.0,0.0,0.0,0.069
27,entrada,0,0,565.379,538.4276,0.0,0.0,0.0,0.0
27,saida,0,5,565.379,538.4276,0.0,0.0,0.0,0.07
27,entrada,0,0,565.379,538.4276,0.0,0.0,0.0,0.0
27,saida,0,5,565.379,538.4276,0.0,0.0,0.0,0.063
28,entrada,0,0,16513.8208,534.9949,9875.3611,6077.1632,0.0,0.0
28,melhoria,1,1,9485.5793,594.3197,5019.9815,3843.8029,0.0,0.0
28,melhoria,1,2,1710.2813,536.2307,1149.5445,0.0,0.0,0.002
28,melhoria,1,3,1520.95,536.2307,960.2151,0.0,0.0,0.007
28,melhoria,3,6,729.8349,539.6634,165.7469,0.0,0.0,0.029
28,melhoria,3,9,729.6696,539.6634,165.7469,0.0,0.0,0.05
28,melhoria,1,10,728.7293,539.6634,165.7469,0.0,0.0,0.057
28,melhoria,2,12,728.7193,539.6634,165.7469,0.0,0.0,0.065
28,melhoria,1,13,691.4666,481.2395,186.9063,0.0,0.0,0.069
28,melhoria,3,16,691.3615,481.2395,186.9063,0.0,0.0,0.098
28,melhoria,3,19,526.2277,481.2395,21.1594,0.0,0.0,0.145
28,melhoria,2,21,525.6767,481.2395,21.1594,0.0,0.0,0.155
28,saida,0,26,525.6767,481.2395,21.1594,0.0,0.0,0.222
30,entrada,0,0,16513.8656,534.9949,9875.3611,6077.1632,0.0,0.0
30,melhoria,1,1,9363.2437,593.7226,4964.0948,3776.9299,0.0,0.001
30,melhoria,1,2,9362.6599,593.7226,4964.0948,3776.9299,0.0,0.008
30,melhoria,3,5,8783.6215,591.3343,4655.1275,3509.4381,0.0,0.024
30,melhoria,3,8,563.3393,536.2307,0.0,0.0,0.0,0.062
30,melhoria,3,11,563.262,536.2307,0.0,0.0,0.0,0.115
30,melhoria,1,12,562.3185,536.2307,0.0,0.0,0.0,0.115
30,melhoria,3,15,562.1853,536.2307,0.0,0.0,0.0,0.164
30,saida,0,20,562.1853,536.2307,0.0,0.0,0.0,0.235
30,entrada,0,0,562.1853,536.2307,0.0,0.0,0.0,0.0
30,saida,0,5,562.1853,536.2307,0.0,0.0,0.0,0.063
30,entrada,0,0,562.1853,536.2307,0.0,0.0,0.0,0.0
30,saida,0,5,562.1853,536.2307,0.0,0.0,0.0,0.065
30,entrada,0,0,562.1853,536.2307,0.0,0.0,0.0,0.0
30,saida,0,5,562.1853,536.2307,0.0,0.0,0.0,0.065
31,entrada,0,0,13681.0394,534.9949,10814.3105,2305.4588,0.0,0.0
31,melhoria,1,1,11036.7805,596.0585,6373.205,4038.5549,0.0,0.0
31,melhoria,1,2,11035.5892,596.0585,6373.205,4038.5549,0.0,0.003
31,melhoria,1,3,9967.5846,596.6556,5238.6252,4105.4279,0.0,0.003
31,melhoria,1,4,9845.1723,596.0585,5182.7385,4038.5549,0.0,0.008
31,melhoria,1,5,9842.9015,596.0585,5182.7385,4038.5549,0.0,0.011
31,melhoria,2,7,9842.7445,596.0585,5182.7385,4038.5549,0.0,0.019
31,melhoria,3,10,648.828,538.4276,85.4205,0.0,0.0,0.046
31,melhoria,1,11,560.9211,538.4276,0.0,0.0,0.0,0.051
31,melhoria,2,13,560.7723,538.4276,0.0,0.0,0.0,0.06
31,melhoria,3,16,558.7615,536.2307,0.0,0.0,0.0,0.075
31,saida,0,21,558.7615,536.2307,0.0,0.0,0.0,0.144
31,entrada,0,0,558.7615,536.2307,0.0,0.0,0.0,0.0
31,melhoria,3,3,558.751,536.2307,0.0,0.0,0.0,0.047
31,melhoria,3,6,558.5639,536.2307,0.0,0.0,0.0,0.087
31,saida,0,11,558.5639,536.2307,0.0,0.0,0.0,0.152
31,entrada,0,0,558.5639,536.2307,0.0,0.0,0.0,0.0
31,saida,0,5,558.5639,536.2307,0.0,0.0,0.0,0.063
31,entrada,0,0,558.5639,536.2307,0.0,0.0,0.0,0.0
31,saida,0,5,558.5639,536.2307,0.0,0.0,0.0,0.062
33,entrada,0,0,16932.2472,537.7411,10120.4761,6244.8832,0.0,0.0
33,melhoria,1,1,10327.7957,596.708,5585.9931,4111.2947,0.0,0.0
33,melhoria,1,2,10326.5877,596.708,5585.9931,4111.2947,0.0,0.001
33,melhoria,1,3,10323.8306,596.708,5585.9931,4111.2947,0.0,0.001
33,melhoria,1,4,10321.0306,596.708,5585.9931,4111.2947,0.0,0.005
33,melhoria,1,5,10134.7635,596.1109,5465.8453,4044.4217,0.0,0.007
33,melhoria,1,6,647.968,538.4276,85.4205,0.0,0.0,0.009
33,melhoria,2,8,647.8109,538.4276,85.4205,0.0,0.0,0.016
33,melhoria,1,9,646.2908,538.4276,85.4205,0.0,0.0,0.02
33,melhoria,3,12,646.2665,538.4276,85.4205,0.0,0.0,0.028
33,melhoria,2,14,646.1692,538.4276,85.4205,0.0,0.0,0.036
33,melhoria,3,17,644.4741,536.2307,85.4205,0.0,0.0,0.059
33,melhoria,3,20,559.3807,536.2307,0.0,0.0,0.0,0.084
33,melhoria,3,23,559.0134,536.2307,0.0,0.0,0.0,0.102
33,melhoria,3,26,558.77,536.2307,0.0,0.0,0.0,0.154
33,saida,0,31,558.77,536.2307,0.0,0.0,0.0,0.217
33,entrada,0,0,558.77,536.2307,0.0,0.0,0.0,0.0
33,saida,0,5,558.77,536.2307,0.0,0.0,0.0,0.062
33,entrada,0,0,558.77,536.2307,0.0,0.0,0.0,0.0
33,saida,0,5,558.77,536.2307,0.0,0.0,0.0,0.067
33,entrada,0,0,558.77,536.2307,0.0,0.0,0.0,0.0
33,saida,0,5,558.77,536.2307,0.0,0.0,0.0,0.065
34,entrada,0,0,16513.8208,534.9949,9875.3611,6077.1632,0.0,0.0
34,melhoria,1,1,9298.1978,593.7226,4899.8337,3776.9299,0.0,0.001
34,melhoria,1,2,9295.937,593.7226,4899.8337,3776.9299,0.0,0.004
34,melhoria,1,3,3397.908,551.7545,2820.5888,0.0,0.0,0.005
34,melhoria,3,6,3086.8379,551.3705,2509.6908,0.0,0.0,0.015
34,melhoria,1,7,2913.2425,551.1545,2334.8107,0.0,0.0,0.02
34,melhoria,2,9,2913.129,551.1545,2334.8107,0.0,0.0,0.029
34,melhoria,1,10,2911.5072,551.1545,2334.8107,0.0,0.0,0.031
34,melhoria,2,12,2911.4816,551.1545,2334.8107,0.0,0.0,0.04
34,melhoria,3,15,2836.2042,550.7705,2259.7975,0.0,0.0,0.052
34,melhoria,2,17,2836.1657,550.7705,2259.7975,0.0,0.0,0.06
34,melhoria,3,20,2836.0918,550.7705,2259.7975,0.0,0.0,0.079
34,melhoria,3,23,2836.0576,550.7705,2259.7975,0.0,0.0,0.095
34,melhoria,3,26,2024.7561,532.383,1467.0337,0.0,0.0,0.126
34,melhoria,3,29,2023.0789,530.7226,1467.0337,0.0,0.0,0.137
34,melhoria,3,32,2003.9768,511.7842,1467.0337,0.0,0.0,0.168
34,melhoria,3,35,2003.3191,511.7842,1467.0337,0.0,0.0,0.184
34,melhoria,3,38,1983.218,491.9613,1467.0337,0.0,0.0,0.213
34,melhoria,1,39,1378.1717,532.2085,818.546,0.0,0.0,0.213
34,melhoria,1,40,1235.1534,532.2085,673.9586,0.0,0.0,0.214
34,melhoria,1,41,1067.4918,532.2085,508.2117,0.0,0.0,0.215
34,melhoria,1,42,1065.586,532.2085,508.2117,0.0,0.0,0.219
34,melhoria,2,44,744.3502,532.2085,186.9063,0.0,0.0,0.226
34,melhoria,1,45,527.6286,482.9802,21.1594,0.0,0.0,0.228
34,melhoria,1,46,525.7034,482.9802,21.1594,0.0,0.0,0.232
34,melhoria,3,49,523.9482,481.2395,21.1594,0.0,0.0,0.272
34,melhoria,1,50,469.94,428.6246,21.1594,0.0,0.0,0.272
34,melhoria,3,53,469.3995,428.6246,21.1594,0.0,0.0,0.317
34,melhoria,2,55,469.3079,428.6246,21.1594,0.0,0.0,0.326
34,melhoria,3,58,469.1982,428.6246,21.1594,0.0,0.0,0.346
34,melhoria,1,59,467.6978,428.6246,21.1594,0.0,0.0,0.354
34,saida,0,64,467.6978,428.6246,21.1594,0.0,0.0,0.415
35,entrada,0,0,10608.9491,600.1663,5481.8045,4498.6242,0.0,0.0
35,melhoria,1,1,10608.3524,600.1663,5481.8045,4498.6242,0.0,0.001
35,melhoria,1,2,10606.0916,600.1663,5481.8045,4498.6242,0.0,0.002
35,melhoria,1,3,557.8179,536.2307,0.0,0.0,0.0,0.004
35,saida,0,8,557.8179,536.2307,0.0,0.0,0.0,0.07
35,entrada,0,0,557.8179,536.2307,0.0,0.0,0.0,0.0
35,saida,0,5,557.8179,536.2307,0.0,0.0,0.0,0.067
35,entrada,0,0,557.8179,536.2307,0.0,0.0,0.0,0.0
35,saida,0,5,557.8179,536.2307,0.0,0.0,0.0,0.072
35,entrada,0,0,557.8179,536.2307,0.0,0.0,0.0,0.0
35,saida,0,5,557.8179,536.2307,0.0,0.0,0.0,0.066
37,entrada,0,0,16513.8208,534.9949,9875.3611,6077.1632,0.0,0.0
37,melhoria,1,1,9485.5793,594.3197,5019.9815,3843.8029,0.0,0.001
37,melhoria,1,2,9363.1452,593.7226,4964.0948,3776.9299,0.0,0.002
37,melhoria,3,5,9277.6741,593.7226,4878.6743,3776.9299,0.0,0.03
37,melhoria,1,6,1815.4254,536.2307,1254.7275,0.0,0.0,0.036
37,melhoria,1,7,1606.0728,536.2307,1044.3615,0.0,0.0,0.045
37,melhoria,3,10,564.4386,538.9769,0.0,0.0,0.0,0.057
37,melhoria,2,12,564.3477,538.9769,0.0,0.0,0.0,0.069
37,melhoria,3,15,561.6992,536.2307,0.0,0.0,0.0,0.096
37,melhoria,3,18,561.5597,536.2307,0.0,0.0,0.0,0.115
37,saida,0,23,561.5597,536.2307,0.0,0.0,0.0,0.185
37,entrada,0,0,561.5597,536.2307,0.0,0.0,0.0,0.0
37,melhoria,3,3,561.4675,536.2307,0.0,0.0,0.0,0.045
37,melhoria,1,4,560.0862,536.2307,0.0,0.0,0.0,0.046
37,melhoria,3,7,560.0797,536.2307,0.0,0.0,0.0,0.069
37,melhoria,3,10,559.8839,536.2307,0.0,0.0,0.0,0.099
37,saida,0,15,559.8839,536.2307,0.0,0.0,0.0,0.161
37,entrada,0,0,559.8839,536.2307,0.0,0.0,0.0,0.0
37,melhoria,3,3,559.8802,536.2307,0.0,0.0,0.0,0.016
37,melhoria,2,5,559.6548,536.2307,0.0,0.0,0.0,0.025
37,melhoria,2,7,559.5866,536.2307,0.0,0.0,0.0,0.033
37,melhoria,2,9,559.4835,536.2307,0.0,0.0,0.0,0.041
37,saida,0,14,559.4835,536.2307,0.0,0.0,0.0,0.11
37,entrada,0,0,559.4835,536.2307,0.0,0.0,0.0,0.0
37,melhoria,3,3,559.2984,536.2307,0.0,0.0,0.0,0.013
37,melhoria,1,4,558.7151,536.2307,0.0,0.0,0.0,0.019
37,saida,0,9,558.7151,536.2307,0.0,0.0,0.0,0.084
38,entrada,0,0,12371.5826,599.7903,7289.8754,4456.5109,0.0,0.0
38,melhoria,1,1,1839.0665,538.4276,1275.8869,0.0,0.0,0.003
38,melhoria,1,2,649.6072,538.9769,85.4205,0.0,0.0,0.005
38,melhoria,2,4,649.5041,538.9769,85.4205,0.0,0.0,0.013
38,melhoria,3,7,649.4113,538.9769,85.4205,0.0,0.0,0.059
38,saida,0,12,649.4113,538.9769,85.4205,0.0,0.0,0.121
38,entrada,0,0,649.4113,538.9769,85.4205,0.0,0.0,0.0
38,melhoria,3,3,649.3533,538.9769,85.4205,0.0,0.0,0.046
38,melhoria,3,6,621.8606,538.9769,56.94,0.0,0.0,0.078
38,melhoria,2,8,621.3912,538.9769,56.94,0.0,0.0,0.085
38,melhoria,3,11,621.2628,538.9769,56.94,0.0,0.0,0.108
38,melhoria,3,14,621.107,538.9769,56.94,0.0,0.0,0.132
38,melhoria,3,17,564.1048,538.9769,0.0,0.0,0.0,0.145
38,melhoria,3,20,564.0995,538.9769,0.0,0.0,0.0,0.178
38,saida,0,25,564.0995,538.9769,0.0,0.0,0.0,0.245
38,entrada,0,0,564.0995,538.9769,0.0,0.0,0.0,0.0
38,melhoria,4,4,563.9963,538.9769,0.0,0.0,0.0,0.067
38,saida,0,9,563.9963,538.9769,0.0,0.0,0.0,0.13
38,entrada,0,0,563.9963,538.9769,0.0,0.0,0.0,0.0
38,saida,0,5,563.9963,538.9769,0.0,0.0,0.0,0.064
39,entrada,0,0,18239.7787,534.9949,11516.0375,6161.1632,0.0,0.0
39,melhoria,1,1,12243.1668,593.7226,7846.2184,3776.9299,0.0,0.0
39,melhoria,1,2,11437.3563,595.066,6887.033,3927.3941,0.0,0.001
39,melhoria,1,3,11269.0042,593.7226,6866.2369,3776.9299,0.0,0.001
39,melhoria,1,4,11267.4831,593.7226,6866.2369,3776.9299,0.0,0.005
39,melhoria,1,5,11267.3897,593.7226,6866.2369,3776.9299,0.0,0.007
39,melhoria,3,8,11267.3034,593.7226,6866.2369,3776.9299,0.0,0.014
39,melhoria,1,9,11265.8092,593.7226,6866.2369,3776.9299,0.0,0.017
39,melhoria,3,12,11265.6885,593.7226,6866.2369,3776.9299,0.0,0.026
39,melhoria,3,15,9764.9851,593.7226,5365.7265,3776.9299,0.0,0.038
39,melhoria,3,18,9710.8884,591.3343,5142.1798,3948.1825,0.0,0.048
39,melhoria,3,21,9710.7705,591.3343,5142.1798,3948.1825,0.0,0.057
39,melhoria,1,22,9491.5483,591.3343,5360.2548,3509.4381,0.0,0.063
39,melhoria,1,23,9489.189,591.3343,5360.2548,3509.4381,0.0,0.069
39,melhoria,1,24,9303.098,591.3343,5173.3668,3509.4381,0.0,0.075
39,melhoria,3,27,9032.3385,591.3343,4902.3187,3509.4381,0.0,0.096
39,melhoria,3,30,811.9777,536.2307,247.1912,0.0,0.0,0.107
39,melhoria,1,31,811.0347,536.2307,247.1912,0.0,0.0,0.107
39,melhoria,3,34,779.8708,536.2307,216.0042,0.0,0.0,0.153
39,melhoria,3,37,779.427,536.2307,216.0042,0.0,0.0,0.169
39,melhoria,3,40,619.2,536.2307,55.8909,0.0,0.0,0.188
39,melhoria,3,43,563.1269,536.2307,0.0,0.0,0.0,0.21
39,saida,0,48,563.1269,536.2307,0.0,0.0,0.0,0.276
39,entrada,0,0,563.1269,536.2307,0.0,0.0,0.0,0.0
39,saida,0,5,563.1269,536.2307,0.0,0.0,0.0,0.061
39,entrada,0,0,563.1269,536.2307,0.0,0.0,0.0,0.0
39,saida,0,5,563.1269,536.2307,0.0,0.0,0.0,0.064
39,entrada,0,0,563.1269,536.2307,0.0,0.0,0.0,0.0
39,melhoria,3,3,562.9493,536.2307,0.0,0.0,0.0,0.05
39,melhoria,1,4,562.4715,536.2307,0.0,0.0,0.0,0.054
39,saida,0,9,562.4715,536.2307,0.0,0.0,0.0,0.118
40,entrada,0,0,1181.1727,541.8604,612.9106,0.0,0.0,0.0
40,melhoria,1,1,1178.7377,541.8604,612.9106,0.0,0.0,0.001
40,melhoria,1,2,1176.4595,541.8604,612.9106,0.0,0.0,0.007
40,melhoria,2,4,1176.2346,541.8604,612.9106,0.0,0.0,0.014
40,melhoria,3,7,774.787,541.8604,211.2788,0.0,0.0,0.024
40,melhoria,3,10,561.8654,539.6634,0.0,0.0,0.0,0.036
40,melhoria,3,13,561.7524,539.6634,0.0,0.0,0.0,0.066
40,melhoria,3,16,558.1726,536.2307,0.0,0.0,0.0,0.101
40,melhoria,3,19,558.0897,536.2307,0.0,0.0,0.0,0.147
40,saida,0,24,558.0897,536.2307,0.0,0.0,0.0,0.213
40,entrada,0,0,558.0897,536.2307,0.0,0.0,0.0,0.0
40,saida,0,5,558.0897,536.2307,0.0,0.0,0.0,0.063
40,entrada,0,0,558.0897,536.2307,0.0,0.0,0.0,0.0
40,saida,0,5,558.0897,536.2307,0.0,0.0,0.0,0.064
40,entrada,0,0,558.0897,536.2307,0.0,0.0,0.0,0.0
40,saida,0,5,558.0897,536.2307,0.0,0.0,0.0,0.068
41,entrada,0,0,3105.4263,541.8261,2532.5547,0.0,0.0,0.0
41,melhoria,1,1,3102.6479,541.8261,2532.5547,0.0,0.0,0.0
41,melhoria,1,2,2202.6039,543.3708,1632.7806,0.0,0.0,0.001
41,melhoria,1,3,2123.2876,542.5126,1552.4543,0.0,0.0,0.007
41,melhoria,1,4,2122.7043,542.5126,1552.4543,0.0,0.0,0.01
41,melhoria,1,5,2119.9392,542.5126,1552.4543,0.0,0.0,0.016
41,melhoria,1,6,2119.5002,542.5126,1552.4543,0.0,0.0,0.021
41,melhoria,3,9,2030.62,539.0799,1467.0337,0.0,0.0,0.041
41,melhoria,3,12,2028.4836,536.8829,1467.0337,0.0,0.0,0.058
41,melhoria,3,15,2028.4093,536.8829,1467.0337,0.0,0.0,0.081
41,melhoria,3,18,2028.2444,536.8829,1467.0337,0.0,0.0,0.106
41,melhoria,1,19,2028.0137,537.5695,1467.0337,0.0,0.0,0.107
41,melhoria,1,20,2027.9518,538.4276,1467.0337,0.0,0.0,0.109
41,melhoria,1,21,2027.9506,538.4276,1467.0337,0.0,0.0,0.11
41,melhoria,1,22,2027.9388,538.4276,1467.0337,0.0,0.0,0.112
41,melhoria,3,25,2027.8645,538.4276,1467.0337,0.0,0.0,0.134
41,saida,0,30,2027.8645,538.4276,1467.0337,0.0,0.0,0.203
42,entrada,0,0,24636.3919,667.3707,11916.8308,12025.5223,0.0,0.0
42,melhoria,1,1,12160.2562,537.4321,6656.932,4937.3714,0.0,0.0
42,melhoria,1,2,10376.1292,595.1209,5818.0212,3933.5464,0.0,0.002
42,melhoria,2,4,10375.5529,595.1209,5818.0212,3933.5464,0.0,0.01
42,melhoria,3,7,9325.7876,590.0399,5342.4387,3364.4734,0.0,0.039
42,melhoria,1,8,1368.7165,534.6859,808.4602,0.0,0.0,0.041
42,melhoria,4,12,1368.6456,534.6859,808.4602,0.0,0.0,0.112
42,melhoria,2,14,1368.5507,534.6859,808.4602,0.0,0.0,0.121
42,melhoria,3,17,1225.935,536.8829,663.7702,0.0,0.0,0.165
42,melhoria,1,18,1225.8252,537.4321,663.7702,0.0,0.0,0.172
42,melhoria,3,21,1225.7084,537.4321,663.7702,0.0,0.0,0.217
42,melhoria,1,22,1225.6134,536.8829,663.7702,0.0,0.0,0.218
42,saida,0,27,1225.6134,536.8829,663.7702,0.0,0.0,0.282
42,entrada,0,0,1225.6134,536.8829,663.7702,0.0,0.0,0.0
42,saida,0,5,1225.6134,536.8829,663.7702,0.0,0.0,0.072
43,entrada,0,0,16513.8208,534.9949,9875.3611,6077.1632,0.0,0.0
43,melhoria,1,1,9485.5793,594.3197,5019.9815,3843.8029,0.0,0.001
43,melhoria,1,2,1710.2813,536.2307,1149.5445,0.0,0.0,0.003
43,melhoria,1,3,1520.95,536.2307,960.2151,0.0,0.0,0.005
43,melhoria,3,6,729.8349,539.6634,165.7469,0.0,0.0,0.014
43,melhoria,1,7,729.3775,539.6634,165.7469,0.0,0.0,0.016
43,melhoria,2,9,729.2855,539.6634,165.7469,0.0,0.0,0.023
43,melhoria,1,10,715.9994,505.1942,186.9063,0.0,0.0,0.024
43,melhoria,3,13,683.7466,473.208,186.9063,0.0,0.0,0.031
43,melhoria,1,14,640.9723,431.3708,186.9063,0.0,0.0,0.031
43,melhoria,1,15,640.0343,431.3708,186.9063,0.0,0.0,0.038
43,melhoria,3,18,639.3297,431.3708,186.9063,0.0,0.0,0.069
43,melhoria,3,21,639.2346,431.3708,186.9063,0.0,0.0,0.082
43,melhoria,1,22,637.8872,431.3708,186.9063,0.0,0.0,0.083
43,melhoria,2,24,637.6348,431.3708,186.9063,0.0,0.0,0.091
43,melhoria,1,25,493.6891,429.8261,42.3189,0.0,0.0,0.092
43,melhoria,3,28,471.036,428.6246,21.1594,0.0,0.0,0.116
43,melhoria,1,29,469.229,428.6246,21.1594,0.0,0.0,0.117
43,saida,0,34,469.229,428.6246,21.1594,0.0,0.0,0.173
44,entrada,0,0,20409.951,538.4276,9101.5275,10740.9167,0.0,0.0
44,melhoria,1,1,19021.9958,598.4468,9803.5617,8582.9989,0.0,0.009
44,melhoria,1,2,12459.1945,543.9008,9575.1595,2305.4588,0.0,0.009
44,melhoria,1,3,1117.3876,544.1888,540.9562,0.0,0.0,0.011
44,melhoria,1,4,1115.0471,544.1888,540.9562,0.0,0.0,0.014
44,melhoria,2,6,1115.0059,544.1888,540.9562,0.0,0.0,0.023
44,melhoria,3,9,864.3849,536.2307,298.6425,0.0,0.0,0.056
44,melhoria,3,12,689.4485,536.2307,123.7275,0.0,0.0,0.071
44,melhoria,3,15,565.559,536.2307,0.0,0.0,0.0,0.102
44,melhoria,3,18,565.4379,536.2307,0.0,0.0,0.0,0.118
44,melhoria,3,21,565.431,536.2307,0.0,0.0,0.0,0.148
44,melhoria,2,23,565.3663,536.2307,0.0,0.0,0.0,0.156
44,melhoria,3,26,565.2512,536.2307,0.0,0.0,0.0,0.169
44,melhoria,3,29,564.7515,536.2307,0.0,0.0,0.0,0.213
44,melhoria,1,30,563.8182,536.2307,0.0,0.0,0.0,0.219
44,saida,0,35,563.8182,536.2307,0.0,0.0,0.0,0.284
44,entrada,0,0,563.8182,536.2307,0.0,0.0,0.0,0.0
44,melhoria,3,3,563.8117,536.2307,0.0,0.0,0.0,0.042
44,melhoria,3,6,563.627,536.2307,0.0,0.0,0.0,0.091
44,saida,0,11,563.627,536.2307,0.0,0.0,0.0,0.158
44,entrada,0,0,563.627,536.2307,0.0,0.0,0.0,0.0
44,saida,0,5,563.627,536.2307,0.0,0.0,0.0,0.076
44,entrada,0,0,563.627,536.2307,0.0,0.0,0.0,0.0
44,melhoria,3,3,563.5591,536.2307,0.0,0.0,0.0,0.027
44,saida,0,8,563.5591,536.2307,0.0,0.0,0.0,0.097
46,entrada,0,0,24647.9245,536.7799,14114.5266,9972.3176,0.0,0.0
46,melhoria,1,1,12671.5924,596.6556,7485.1391,4559.7535,0.0,0.0
46,melhoria,1,2,11721.4907,596.6556,6988.672,4105.4279,0.0,0.003
46,melhoria,1,3,11721.392,596.6556,6988.672,4105.4279,0.0,0.006
46,melhoria,2,5,11721.3837,596.6556,6988.672,4105.4279,0.0,0.014
46,melhoria,1,6,11720.5321,596.6556,6988.672,4105.4279,0.0,0.016
46,melhoria,1,7,11719.0874,596.6556,6988.672,4105.4279,0.0,0.022
46,melhoria,3,10,10692.568,599.0439,5692.1799,4372.9197,0.0,0.043
46,melhoria,1,11,10551.2919,599.0439,5547.5925,4372.9197,0.0,0.043
46,melhoria,1,12,10548.837,599.0439,5547.5925,4372.9197,0.0,0.046
46,melhoria,1,13,10548.8321,599.0439,5547.5925,4372.9197,0.0,0.048
46,melhoria,1,14,10547.5614,599.0439,5547.5925,4372.9197,0.0,0.049
46,melhoria,2,16,10547.4159,599.0439,5547.5925,4372.9197,0.0,0.057
46,melhoria,3,19,10462.035,599.0439,5462.172,4372.9197,0.0,0.068
46,melhoria,1,20,2066.4095,538.4276,1500.5104,0.0,0.0,0.074
46,melhoria,1,21,2064.5778,538.4276,1500.5104,0.0,0.0,0.076
46,melhoria,1,22,2064.4829,538.4276,1500.5104,0.0,0.0,0.076
46,melhoria,3,25,881.8978,541.1738,315.4285,0.0,0.0,0.086
46,melhoria,1,26,739.2484,541.1738,170.8411,0.0,0.0,0.087
46,melhoria,3,29,565.7061,538.4276,0.0,0.0,0.0,0.103
46,melhoria,1,30,563.7795,538.4276,0.0,0.0,0.0,0.106
46,melhoria,3,33,563.779,538.4276,0.0,0.0,0.0,0.125
46,melhoria,3,36,563.4501,538.4276,0.0,0.0,0.0,0.139
46,melhoria,1,37,561.8975,538.4276,0.0,0.0,0.0,0.142
46,melhoria,3,40,561.747,538.4276,0.0,0.0,0.0,0.164
46,melhoria,3,43,561.6218,538.4276,0.0,0.0,0.0,0.178
46,melhoria,3,46,561.4463,538.4276,0.0,0.0,0.0,0.191
46,melhoria,3,49,561.3615,538.4276,0.0,0.0,0.0,0.235
46,saida,0,54,561.3615,538.4276,0.0,0.0,0.0,0.297
46,entrada,0,0,561.3615,538.4276,0.0,0.0,0.0,0.0
46,saida,0,5,561.3615,538.4276,0.0,0.0,0.0,0.067
46,entrada,0,0,561.3615,538.4276,0.0,0.0,0.0,0.0
46,saida,0,5,561.3615,538.4276,0.0,0.0,0.0,0.059
46,entrada,0,0,561.3615,538.4276,0.0,0.0,0.0,0.0
46,saida,0,5,561.3615,538.4276,0.0,0.0,0.0,0.059
47,entrada,0,0,33194.581,705.2785,16188.0878,16271.1959,0.0,0.0
47,melhoria,3,3,9299.3735,593.7226,4899.8337,3776.9299,0.0,0.019
47,melhoria,1,4,9298.4357,593.7226,4899.8337,3776.9299,0.0,0.024
47,melhoria,3,7,9277.93,593.7226,4878.6743,3776.9299,0.0,0.049
47,melhoria,3,10,9277.6298,593.7226,4878.6743,3776.9299,0.0,0.064
47,melhoria,3,13,566.0255,538.4276,0.0,0.0,0.0,0.116
47,melhoria,1,14,565.5286,538.4276,0.0,0.0,0.0,0.121
47,saida,0,19,565.5286,538.4276,0.0,0.0,0.0,0.183
47,entrada,0,0,565.5286,538.4276,0.0,0.0,0.0,0.0
47,melhoria,3,3,564.8562,538.4276,0.0,0.0,0.0,0.01
47,melhoria,1,4,562.5954,538.4276,0.0,0.0,0.0,0.012
47,melhoria,2,6,562.4637,538.4276,0.0,0.0,0.0,0.022
47,melhoria,2,8,562.3479,538.4276,0.0,0.0,0.0,0.029
47,melhoria,3,11,562.1668,538.4276,0.0,0.0,0.0,0.052
47,saida,0,16,562.1668,538.4276,0.0,0.0,0.0,0.114
47,entrada,0,0,562.1668,538.4276,0.0,0.0,0.0,0.0
47,melhoria,4,4,560.4807,536.2307,0.0,0.0,0.0,0.053
47,saida,0,9,560.4807,536.2307,0.0,0.0,0.0,0.12
47,entrada,0,0,560.4807,536.2307,0.0,0.0,0.0,0.0
47,saida,0,5,560.4807,536.2307,0.0,0.0,0.0,0.062
49,entrada,0,0,20966.8991,536.7799,12125.5631,8279.2208,0.0,0.0
49,melhoria,1,1,9551.9581,594.3197,5084.2426,3843.8029,0.0,0.0
49,melhoria,1,2,9365.933,593.7226,4964.0948,3776.9299,0.0,0.0
49,melhoria,1,3,9364.9911,593.7226,4964.0948,3776.9299,0.0,0.001
49,melhoria,1,4,1817.3147,536.2307,1254.7275,0.0,0.0,0.001
49,melhoria,1,5,1543.8238,536.2307,981.2517,0.0,0.0,0.002
49,melhoria,3,8,562.4016,536.2307,0.0,0.0,0.0,0.024
49,melhoria,1,9,562.3913,536.2307,0.0,0.0,0.0,0.026
49,melhoria,1,10,561.7384,536.2307,0.0,0.0,0.0,0.027
49,melhoria,3,13,561.4512,536.2307,0.0,0.0,0.0,0.035
49,melhoria,3,16,561.3859,536.2307,0.0,0.0,0.0,0.043
49,melhoria,3,19,561.368,536.2307,0.0,0.0,0.0,0.072
49,melhoria,3,22,561.3573,536.2307,0.0,0.0,0.0,0.094
49,saida,0,27,561.3573,536.2307,0.0,0.0,0.0,0.161
49,entrada,0,0,561.3573,536.2307,0.0,0.0,0.0,0.0
49,saida,0,5,561.3573,536.2307,0.0,0.0,0.0,0.068
49,entrada,0,0,561.3573,536.2307,0.0,0.0,0.0,0.0
49,saida,0,5,561.3573,536.2307,0.0,0.0,0.0,0.07
49,entrada,0,0,561.3573,536.2307,0.0,0.0,0.0,0.0
49,saida,0,5,561.3573,536.2307,0.0,0.0,0.0,0.065
51,entrada,0,0,17960.2861,537.7411,11235.0376,6160.8832,0.0,0.0
51,melhoria,1,1,10252.3425,597.3051,5449.0965,4178.1677,0.0,0.001
51,melhoria,1,2,10065.2205,596.708,5328.9488,4111.2947,0.0,0.002
51,melhoria,2,4,10065.1215,596.708,5328.9488,4111.2947,0.0,0.01
51,melhoria,3,7,9363.4847,593.7226,4964.0948,3776.9299,0.0,0.035
51,melhoria,3,10,651.9724,538.4276,85.4205,0.0,0.0,0.052
51,melhoria,3,13,651.9668,538.4276,85.4205,0.0,0.0,0.062
51,melhoria,3,16,651.7966,538.4276,85.4205,0.0,0.0,0.076
51,melhoria,3,19,651.7386,538.4276,85.4205,0.0,0.0,0.107
51,melhoria,3,22,651.542,538.4276,85.4205,0.0,0.0,0.126
51,melhoria,3,25,651.4442,538.4276,85.4205,0.0,0.0,0.148
51,melhoria,1,26,649.1672,538.4276,85.4205,0.0,0.0,0.15
51,melhoria,1,27,560.4404,538.4276,0.0,0.0,0.0,0.15
51,melhoria,2,29,560.1929,538.4276,0.0,0.0,0.0,0.158
51,melhoria,3,32,560.0195,538.4276,0.0,0.0,0.0,0.196
51,melhoria,3,35,559.98,538.4276,0.0,0.0,0.0,0.228
51,melhoria,3,38,559.9089,538.4276,0.0,0.0,0.0,0.242
51,saida,0,43,559.9089,538.4276,0.0,0.0,0.0,0.307
51,entrada,0,0,559.9089,538.4276,0.0,0.0,0.0,0.0
51,saida,0,5,559.9089,538.4276,0.0,0.0,0.0,0.064
51,entrada,0,0,559.9089,538.4276,0.0,0.0,0.0,0.0
51,melhoria,3,3,559.904,538.4276,0.0,0.0,0.0,0.014
51,melhoria,3,6,559.7252,538.4276,0.0,0.0,0.0,0.033
51,melhoria,4,10,557.5099,536.2307,0.0,0.0,0.0,0.095
51,saida,0,15,557.5099,536.2307,0.0,0.0,0.0,0.164
52,entrada,0,0,26856.5573,668.6752,13988.5515,12171.6202,0.0,0.0
52,melhoria,1,1,26755.0396,664.4872,13818.1067,12241.4237,0.0,0.0
52,melhoria,1,2,25601.7524,667.5767,12856.8211,12048.5904,0.0,0.001
52,melhoria,1,3,24539.0485,667.5767,11791.4191,12048.5904,0.0,0.004
52,melhoria,1,4,24538.1152,667.5767,11791.4191,12048.5904,0.0,0.004
52,melhoria,1,5,24537.6134,667.5767,11791.4191,12048.5904,0.0,0.009
52,melhoria,3,8,24537.5563,667.5767,11791.4191,12048.5904,0.0,0.025
52,melhoria,1,9,2029.0267,536.8829,1467.0337,0.0,0.0,0.025
52,melhoria,3,12,2026.4316,534.1367,1467.0337,0.0,0.0,0.06
52,melhoria,1,13,2026.4282,534.1367,1467.0337,0.0,0.0,0.064
52,melhoria,3,16,2025.7906,534.1367,1467.0337,0.0,0.0,0.092
52,saida,0,21,2025.7906,534.1367,1467.0337,0.0,0.0,0.157
52,entrada,0,0,2025.7906,534.1367,1467.0337,0.0,0.0,0.0
52,saida,0,5,2025.7906,534.1367,1467.0337,0.0,0.0,0.067
53,entrada,0,0,12307.4545,534.9949,9418.1388,2330.5748,0.0,0.0
53,melhoria,1,1,9844.9551,596.0585,5182.7385,4038.5549,0.0,0.0
53,melhoria,1,2,6191.2251,535.6814,3501.4103,2128.9217,0.0,0.002
53,melhoria,1,3,559.8858,536.2307,0.0,0.0,0.0,0.005
53,melhoria,1,4,557.5174,536.2307,0.0,0.0,0.0,0.008
53,melhoria,1,5,557.5099,536.2307,0.0,0.0,0.0,0.01
53,saida,0,10,557.5099,536.2307,0.0,0.0,0.0,0.075
53,entrada,0,0,557.5099,536.2307,0.0,0.0,0.0,0.0
53,melhoria,3,3,556.8723,536.2307,0.0,0.0,0.0,0.034
53,saida,0,8,556.8723,536.2307,0.0,0.0,0.0,0.097
54,entrada,0,0,12384.3003,534.9949,9492.8316,2330.5748,0.0,0.0
54,melhoria,1,1,9844.7397,596.0585,5182.7385,4038.5549,0.0,0.0
54,melhoria,1,2,9841.9397,596.0585,5182.7385,4038.5549,0.0,0.003
54,melhoria,1,3,9779.0218,596.0585,5118.4775,4038.5549,0.0,0.006
54,melhoria,1,4,558.8316,536.2307,0.0,0.0,0.0,0.008
54,melhoria,3,7,558.8236,536.2307,0.0,0.0,0.0,0.04
54,melhoria,3,10,558.6908,536.2307,0.0,0.0,0.0,0.078
54,saida,0,15,558.6908,536.2307,0.0,0.0,0.0,0.144
54,entrada,0,0,558.6908,536.2307,0.0,0.0,0.0,0.0
54,melhoria,3,3,558.6884,536.2307,0.0,0.0,0.0,0.039
54,saida,0,8,558.6884,536.2307,0.0,0.0,0.0,0.102
54,entrada,0,0,558.6884,536.2307,0.0,0.0,0.0,0.0
54,saida,0,5,558.6884,536.2307,0.0,0.0,0.0,0.068
54,entrada,0,0,558.6884,536.2307,0.0,0.0,0.0,0.0
54,saida,0,5,558.6884,536.2307,0.0,0.0,0.0,0.069
55,entrada,0,0,10622.5741,536.2307,5608.8638,4452.3313,0.0,0.0
55,melhoria,1,1,8891.9612,535.3725,4714.6402,3615.2004,0.0,0.001
55,melhoria,1,2,8595.2401,589.0141,4603.7083,3374.8103,0.0,0.008
55,melhoria,1,3,2099.1575,536.9172,1537.7937,0.0,0.0,0.01
55,melhoria,1,4,729.4957,536.2307,165.7469,0.0,0.0,0.01
55,melhoria,1,5,562.2625,536.2307,0.0,0.0,0.0,0.011
55,melhoria,1,6,559.7205,536.2307,0.0,0.0,0.0,0.015
55,melhoria,3,9,559.597,536.2307,0.0,0.0,0.0,0.052
55,saida,0,14,559.597,536.2307,0.0,0.0,0.0,0.119
55,entrada,0,0,559.597,536.2307,0.0,0.0,0.0,0.0
55,melhoria,3,3,559.5926,536.2307,0.0,0.0,0.0,0.013
55,saida,0,8,559.5926,536.2307,0.0,0.0,0.0,0.078
55,entrada,0,0,559.5926,536.2307,0.0,0.0,0.0,0.0
55,saida,0,5,559.5926,536.2307,0.0,0.0,0.0,0.071
55,entrada,0,0,559.5926,536.2307,0.0,0.0,0.0,0.0
55,saida,0,5,559.5926,536.2307,0.0,0.0,0.0,0.064
56,entrada,0,0,2927.2759,538.4276,1512.5404,845.7569,0.0,0.0
56,melhoria,1,1,569.1163,538.4276,0.0,0.0,0.0,0.001
56,melhoria,1,2,566.7778,538.4276,0.0,0.0,0.0,0.002
56,melhoria,1,3,565.8445,538.4276,0.0,0.0,0.0,0.002
56,melhoria,1,4,563.4852,538.4276,0.0,0.0,0.0,0.009
56,melhoria,3,7,560.951,536.2307,0.0,0.0,0.0,0.027
56,saida,0,12,560.951,536.2307,0.0,0.0,0.0,0.094
56,entrada,0,0,560.951,536.2307,0.0,0.0,0.0,0.0
56,saida,0,5,560.951,536.2307,0.0,0.0,0.0,0.069
56,entrada,0,0,560.951,536.2307,0.0,0.0,0.0,0.0
56,saida,0,5,560.951,536.2307,0.0,0.0,0.0,0.064
56,entrada,0,0,560.951,536.2307,0.0,0.0,0.0,0.0
56,saida,0,5,560.951,536.2307,0.0,0.0,0.0,0.066
57,entrada,0,0,24620.9442,532.9009,17952.6585,6108.0907,0.0,0.0
57,melhoria,1,1,7419.675,584.7427,4038.1531,2771.178,0.0,0.001
57,melhoria,1,2,2014.6346,522.8842,1467.0337,0.0,0.0,0.005
57,melhoria,3,5,2007.4526,515.7827,1467.0337,0.0,0.0,0.053
57,melhoria,1,6,1973.3275,482.8726,1467.0337,0.0,0.0,0.06
57,melhoria,1,7,1971.0592,482.8726,1467.0337,0.0,0.0,0.062
57,melhoria,2,9,1970.9675,482.6812,1467.0337,0.0,0.0,0.07
57,melhoria,2,11,1970.8644,482.6812,1467.0337,0.0,0.0,0.079
57,melhoria,2,13,1970.7613,482.6812,1467.0337,0.0,0.0,0.088
57,melhoria,3,16,1968.8735,480.809,1467.0337,0.0,0.0,0.131
57,melhoria,1,17,586.4416,540.6246,21.1594,0.0,0.0,0.132
57,melhoria,1,18,586.4381,540.6246,21.1594,0.0,0.0,0.132
57,melhoria,1,19,584.2027,540.6246,21.1594,0.0,0.0,0.139
57,melhoria,1,20,583.2345,540.6246,21.1594,0.0,0.0,0.145
57,melhoria,2,22,583.0099,540.6246,21.1594,0.0,0.0,0.153
57,melhoria,2,24,582.8861,540.6246,21.1594,0.0,0.0,0.162
57,melhoria,3,27,560.0506,538.4276,0.0,0.0,0.0,0.174
57,melhoria,2,29,559.904,538.4276,0.0,0.0,0.0,0.181
57,saida,0,34,559.904,538.4276,0.0,0.0,0.0,0.246
57,entrada,0,0,559.904,538.4276,0.0,0.0,0.0,0.0
57,melhoria,3,3,559.1086,538.4276,0.0,0.0,0.0,0.052
57,melhoria,3,6,557.9643,536.2307,0.0,0.0,0.0,0.091
57,melhoria,3,9,557.8704,536.2307,0.0,0.0,0.0,0.138
57,saida,0,14,557.8704,536.2307,0.0,0.0,0.0,0.201
57,entrada,0,0,557.8704,536.2307,0.0,0.0,0.0,0.0
57,saida,0,5,557.8704,536.2307,0.0,0.0,0.0,0.062
57,entrada,0,0,557.8704,536.2307,0.0,0.0,0.0,0.0
57,saida,0,5,557.8704,536.2307,0.0,0.0,0.0,0.067
58,entrada,0,0,32461.7156,695.176,15297.3403,16437.5697,0.0,0.0
58,melhoria,1,1,32109.9128,694.0775,15130.2615,16253.025,0.0,0.001
58,melhoria,1,2,31012.9047,689.8896,14738.2689,15549.4486,0.0,0.001
58,melhoria,1,3,30652.8749,688.5165,14609.7467,15318.7678,0.0,0.002
58,melhoria,1,4,30377.5433,687.1434,14565.1837,15088.087,0.0,0.005
58,melhoria,1,5,30249.2762,685.427,14725.8364,14799.736,0.0,0.007
58,melhoria,1,6,29994.0756,685.427,14468.7921,14799.736,0.0,0.009
58,melhoria,1,7,29992.1405,685.427,14468.7921,14799.736,0.0,0.012
58,melhoria,2,9,29625.2456,622.0082,15268.5763,13695.9427,0.0,0.018
58,melhoria,1,10,16475.9392,622.0082,8875.2575,6944.9187,0.0,0.022
58,melhoria,2,12,15477.137,615.4705,8614.9793,6212.6907,0.0,0.029
58,melhoria,1,13,15476.2012,615.4705,8614.9793,6212.6907,0.0,0.031
58,melhoria,2,15,15270.4474,615.4705,8409.3439,6212.6907,0.0,0.037
58,melhoria,2,17,15270.4358,615.4705,8409.3439,6212.6907,0.0,0.043
58,melhoria,1,18,15269.5025,615.4705,8409.3439,6212.6907,0.0,0.046
58,melhoria,3,21,14813.7099,615.4705,7954.0723,6212.6907,0.0,0.06
58,melhoria,1,22,14603.2844,615.4705,7743.7915,6212.6907,0.0,0.061
58,melhoria,3,25,14201.8034,615.4705,7342.1597,6212.6907,0.0,0.097
58,melhoria,3,28,14201.7867,615.4705,7342.1597,6212.6907,0.0,0.136
58,melhoria,3,31,13997.0051,615.4705,7136.5243,6212.6907,0.0,0.154
58,melhoria,3,34,13911.5629,615.4705,7051.1037,6212.6907,0.0,0.163
58,melhoria,1,35,13908.9857,615.4705,7051.1037,6212.6907,0.0,0.166
58,melhoria,1,36,13908.4473,615.4705,7051.1037,6212.6907,0.0,0.169
58,melhoria,3,39,13908.4256,615.4705,7051.1037,6212.6907,0.0,0.191
58,melhoria,2,41,13771.701,615.4705,6914.2744,6212.6907,0.0,0.199
58,melhoria,3,44,13771.3497,615.4705,6914.2744,6212.6907,0.0,0.209
58,melhoria,3,47,13771.2662,615.4705,6914.2744,6212.6907,0.0,0.243
58,melhoria,3,50,13771.1506,615.4705,6914.2744,6212.6907,0.0,0.256
58,melhoria,2,52,13771.0523,615.4705,6914.2744,6212.6907,0.0,0.266
58,melhoria,3,55,13770.9177,615.4705,6914.2744,6212.6907,0.0,0.317
58,saida,0,60,13770.9177,615.4705,6914.2744,6212.6907,0.0,0.378
58,entrada,0,0,13770.9177,615.4705,6914.2744,6212.6907,0.0,0.0
58,saida,0,5,13770.9177,615.4705,6914.2744,6212.6907,0.0,0.064
59,entrada,0,0,1277.1758,543.92,709.3022,0.0,0.0,0.0
59,melhoria,1,1,1276.7369,543.92,709.3022,0.0,0.0,0.005
59,melhoria,1,2,1161.4389,543.3708,593.6323,0.0,0.0,0.009
59,melhoria,2,4,993.3933,541.1738,427.8854,0.0,0.0,0.014
59,melhoria,1,5,669.6289,541.1738,106.58,0.0,0.0,0.02
59,melhoria,3,8,648.4817,541.1738,85.4205,0.0,0.0,0.028
59,melhoria,3,11,646.1052,538.4276,85.4205,0.0,0.0,0.049
59,melhoria,2,13,646.0329,538.4276,85.4205,0.0,0.0,0.058
59,melhoria,1,14,645.594,538.4276,85.4205,0.0,0.0,0.063
59,melhoria,2,16,645.3465,538.4276,85.4205,0.0,0.0,0.072
59,melhoria,3,19,643.3297,536.2307,85.4205,0.0,0.0,0.094
59,melhoria,3,22,560.792,538.9769,0.0,0.0,0.0,0.118
59,melhoria,3,25,560.6354,538.9769,0.0,0.0,0.0,0.14
59,melhoria,3,28,557.7575,536.2307,0.0,0.0,0.0,0.159
59,saida,0,33,557.7575,536.2307,0.0,0.0,0.0,0.223
59,entrada,0,0,557.7575,536.2307,0.0,0.0,0.0,0.0
59,saida,0,5,557.7575,536.2307,0.0,0.0,0.0,0.065
59,entrada,0,0,557.7575,536.2307,0.0,0.0,0.0,0.0
59,saida,0,5,557.7575,536.2307,0.0,0.0,0.0,0.066
59,entrada,0,0,557.7575,536.2307,0.0,0.0,0.0,0.0
59,saida,0,5,557.7575,536.2307,0.0,0.0,0.0,0.068
60,entrada,0,0,12657.8901,534.9949,9664.532,2431.0387,0.0,0.0
60,melhoria,1,1,10106.4104,596.0585,5439.7829,4038.5549,0.0,0.0
60,melhoria,1,2,3036.3269,535.6814,1545.1893,926.3129,0.0,0.003
60,melhoria,3,5,3036.2009,535.6814,1545.1893,926.3129,0.0,0.028
60,melhoria,1,6,652.9292,536.2307,85.4205,0.0,0.0,0.029
60,melhoria,1,7,650.49,536.2307,85.4205,0.0,0.0,0.034
60,melhoria,1,8,649.5556,536.2307,85.4205,0.0,0.0,0.039
60,melhoria,1,9,561.7564,536.2307,0.0,0.0,0.0,0.041
60,melhoria,3,12,561.7512,536.2307,0.0,0.0,0.0,0.082
60,melhoria,3,15,561.5827,536.2307,0.0,0.0,0.0,0.107
60,melhoria,3,18,561.3979,536.2307,0.0,0.0,0.0,0.157
60,melhoria,1,19,561.3734,536.2307,0.0,0.0,0.0,0.16
60,saida,0,24,561.3734,536.2307,0.0,0.0,0.0,0.223
60,entrada,0,0,561.3734,536.2307,0.0,0.0,0.0,0.0
60,melhoria,3,3,561.0531,536.2307,0.0,0.0,0.0,0.043
60,melhoria,1,4,559.5253,536.2307,0.0,0.0,0.0,0.043
60,melhoria,3,7,559.5188,536.2307,0.0,0.0,0.0,0.074
60,saida,0,12,559.5188,536.2307,0.0,0.0,0.0,0.136
60,entrada,0,0,559.5188,536.2307,0.0,0.0,0.0,0.0
60,melhoria,3,3,559.1078,536.2307,0.0,0.0,0.0,0.023
60,saida,0,8,559.1078,536.2307,0.0,0.0,0.0,0.089
60,entrada,0,0,559.1078,536.2307,0.0,0.0,0.0,0.0
60,saida,0,5,559.1078,536.2307,0.0,0.0,0.0,0.069
61,entrada,0,0,5541.7044,534.9949,3206.9914,1776.6257,0.0,0.0
61,melhoria,1,1,557.9078,536.2307,0.0,0.0,0.0,0.001
61,saida,0,6,557.9078,536.2307,0.0,0.0,0.0,0.067
61,entrada,0,0,557.9078,536.2307,0.0,0.0,0.0,0.0
61,melhoria,3,3,557.8003,536.2307,0.0,0.0,0.0,0.055
61,saida,0,8,557.8003,536.2307,0.0,0.0,0.0,0.125
61,entrada,0,0,557.8003,536.2307,0.0,0.0,0.0,0.0
61,saida,0,5,557.8003,536.2307,0.0,0.0,0.0,0.059
61,entrada,0,0,557.8003,536.2307,0.0,0.0,0.0,0.0
61,saida,0,5,557.8003,536.2307,0.0,0.0,0.0,0.063
62,entrada,0,0,2048.8017,545.2931,1480.4352,0.0,0.0,0.0
62,melhoria,1,1,1789.1353,544.0574,1220.1778,0.0,0.0,0.001
62,melhoria,1,2,1787.7831,544.0574,1220.1778,0.0,0.0,0.001
62,melhoria,1,3,1563.4026,543.3708,995.264,0.0,0.0,0.002
62,melhoria,1,4,1501.144,543.3708,931.0029,0.0,0.0,0.005
62,melhoria,1,5,1421.7127,543.3708,850.6766,0.0,0.0,0.008
62,melhoria,1,6,1419.4295,543.3708,850.6766,0.0,0.0,0.008
62,melhoria,1,7,1418.0026,543.3708,850.6766,0.0,0.0,0.011
62,melhoria,2,9,1417.5076,543.3708,850.6766,0.0,0.0,0.018
62,melhoria,1,10,1417.4788,543.3708,850.6766,0.0,0.0,0.018
62,melhoria,3,13,735.5924,541.1738,170.8411,0.0,0.0,0.03
62,melhoria,2,15,735.5669,541.1738,170.8411,0.0,0.0,0.038
62,melhoria,1,16,673.6853,541.1738,106.58,0.0,0.0,0.044
62,melhoria,3,19,652.237,541.1738,85.4205,0.0,0.0,0.061
62,melhoria,1,20,650.4113,541.1738,85.4205,0.0,0.0,0.062
62,melhoria,3,23,562.7309,538.9769,0.0,0.0,0.0,0.07
62,melhoria,3,26,560.033,536.2307,0.0,0.0,0.0,0.091
62,saida,0,31,560.033,536.2307,0.0,0.0,0.0,0.156
62,entrada,0,0,560.033,536.2307,0.0,0.0,0.0,0.0
62,saida,0,5,560.033,536.2307,0.0,0.0,0.0,0.063
62,entrada,0,0,560.033,536.2307,0.0,0.0,0.0,0.0
62,saida,0,5,560.033,536.2307,0.0,0.0,0.0,0.065
62,entrada,0,0,560.033,536.2307,0.0,0.0,0.0,0.0
62,melhoria,4,4,559.9277,536.2307,0.0,0.0,0.0,0.071
62,saida,0,9,559.9277,536.2307,0.0,0.0,0.0,0.134
64,entrada,0,0,25503.7955,671.7647,12288.1106,12517.6414,0.0,0.0
64,melhoria,1,1,25398.133,671.7647,12183.4117,12517.6414,0.0,0.0
64,melhoria,1,2,24535.952,667.5767,11791.4191,12048.5904,0.0,0.007
64,melhoria,3,5,23628.5615,663.1828,11380.1482,11556.4714,0.0,0.033
64,melhoria,3,8,23628.4446,663.1828,11380.1482,11556.4714,0.0,0.075
64,melhoria,4,12,16066.8183,626.5846,7954.5611,7457.4783,0.0,0.133
64,melhoria,1,13,16064.1952,626.5846,7954.5611,7457.4783,0.0,0.135
64,melhoria,2,15,15656.3696,622.4005,8019.2888,6988.8524,0.0,0.143
64,melhoria,1,16,15202.0643,622.4005,7562.9238,6988.8524,0.0,0.146
64,melhoria,1,17,14595.6627,619.4585,7287.5537,6659.3498,0.0,0.151
64,melhoria,3,20,14595.5359,619.4585,7287.5537,6659.3498,0.0,0.16
64,melhoria,1,21,14595.5326,619.4585,7287.5537,6659.3498,0.0,0.162
64,melhoria,3,24,14595.271,619.4585,7287.5537,6659.3498,0.0,0.175
64,melhoria,1,25,14593.7583,619.4585,7287.5537,6659.3498,0.0,0.181
64,melhoria,3,28,14593.6724,619.4585,7287.5537,6659.3498,0.0,0.242
64,saida,0,33,14593.6724,619.4585,7287.5537,6659.3498,0.0,0.309
65,entrada,0,0,6378.967,574.4787,4153.0375,1621.6154,0.0,0.0
65,melhoria,1,1,6376.167,574.4787,4153.0375,1621.6154,0.0,0.001
65,melhoria,1,2,867.3282,512.1798,331.4938,0.0,0.0,0.002
65,melhoria,1,3,724.1472,512.1798,186.9063,0.0,0.0,0.007
65,melhoria,3,6,724.1191,512.1798,186.9063,0.0,0.0,0.048
65,melhoria,3,9,722.3551,510.541,186.9063,0.0,0.0,0.078
65,melhoria,2,11,722.0618,510.1583,186.9063,0.0,0.0,0.086
65,melhoria,3,14,717.0563,505.1942,186.9063,0.0,0.0,0.116
65,melhoria,3,17,704.5171,492.7587,186.9063,0.0,0.0,0.14
65,melhoria,2,19,704.4246,492.7587,186.9063,0.0,0.0,0.149
65,melhoria,2,21,703.3842,491.6065,186.9063,0.0,0.0,0.156
65,melhoria,3,24,703.2843,491.6065,186.9063,0.0,0.0,0.183
65,melhoria,3,27,703.273,491.6065,186.9063,0.0,0.0,0.212
65,melhoria,1,28,701.3938,491.6065,186.9063,0.0,0.0,0.217
65,melhoria,2,30,701.3022,491.6065,186.9063,0.0,0.0,0.224
65,melhoria,3,33,535.9367,491.3514,21.1594,0.0,0.0,0.233
65,melhoria,3,36,535.9041,491.3514,21.1594,0.0,0.0,0.245
65,melhoria,3,39,527.7646,483.2792,21.1594,0.0,0.0,0.263
65,melhoria,3,42,527.4958,482.9802,21.1594,0.0,0.0,0.273
65,melhoria,3,45,527.3738,482.9802,21.1594,0.0,0.0,0.299
65,melhoria,3,48,527.2009,482.6812,21.1594,0.0,0.0,0.327
65,melhoria,3,51,526.8205,482.304,21.1594,0.0,0.0,0.344
65,melhoria,1,52,472.1972,428.6246,21.1594,0.0,0.0,0.346
65,saida,0,57,472.1972,428.6246,21.1594,0.0,0.0,0.408
66,entrada,0,0,12381.5003,534.9949,9492.8316,2330.5748,0.0,0.0
66,melhoria,1,1,9964.3663,596.6556,5238.6252,4105.4279,0.0,0.0
66,melhoria,1,2,9841.9397,596.0585,5182.7385,4038.5549,0.0,0.002
66,melhoria,1,3,6188.2096,535.6814,3501.4103,2128.9217,0.0,0.004
66,melhoria,1,4,557.9164,536.2307,0.0,0.0,0.0,0.004
66,saida,0,9,557.9164,536.2307,0.0,0.0,0.0,0.064
66,entrada,0,0,557.9164,536.2307,0.0,0.0,0.0,0.0
66,saida,0,5,557.9164,536.2307,0.0,0.0,0.0,0.063
66,entrada,0,0,557.9164,536.2307,0.0,0.0,0.0,0.0
66,melhoria,3,3,557.7997,536.2307,0.0,0.0,0.0,0.046
66,saida,0,8,557.7997,536.2307,0.0,0.0,0.0,0.106
66,entrada,0,0,557.7997,536.2307,0.0,0.0,0.0,0.0
66,saida,0,5,557.7997,536.2307,0.0,0.0,0.0,0.061
67,entrada,0,0,12381.5003,534.9949,9492.8316,2330.5748,0.0,0.0
67,melhoria,1,1,9779.0218,596.0585,5118.4775,4038.5549,0.0,0.0
67,melhoria,3,4,9758.3129,596.0585,5097.318,4038.5549,0.0,0.028
67,melhoria,1,5,9758.2275,596.0585,5097.318,4038.5549,0.0,0.028
67,melhoria,3,8,9758.2163,596.0585,5097.318,4038.5549,0.0,0.036
67,melhoria,1,9,2109.3329,530.9618,1552.4543,0.0,0.0,0.04
67,melhoria,1,10,2046.3457,530.914,1488.1932,0.0,0.0,0.042
67,melhoria,2,12,2046.2475,530.914,1488.1932,0.0,0.0,0.052
67,melhoria,1,13,2045.6972,530.914,1488.1932,0.0,0.0,0.054
67,melhoria,3,16,2028.028,513.3389,1488.1932,0.0,0.0,0.069
67,melhoria,1,17,2004.7586,491.3457,1488.1932,0.0,0.0,0.072
67,melhoria,1,18,2001.9703,491.3457,1488.1932,0.0,0.0,0.073
67,melhoria,3,21,1993.818,483.2608,1488.1932,0.0,0.0,0.088
67,melhoria,1,22,608.9364,540.6246,42.3189,0.0,0.0,0.088
67,melhoria,1,23,607.9945,540.6246,42.3189,0.0,0.0,0.093
67,melhoria,1,24,605.6028,540.6246,42.3189,0.0,0.0,0.095
67,melhoria,3,27,561.1114,538.4276,0.0,0.0,0.0,0.103
67,melhoria,1,28,561.0204,538.9769,0.0,0.0,0.0,0.109
67,melhoria,3,31,558.9807,536.2307,0.0,0.0,0.0,0.123
67,melhoria,3,34,558.6334,536.2307,0.0,0.0,0.0,0.148
67,melhoria,2,36,558.5329,536.2307,0.0,0.0,0.0,0.157
67,melhoria,3,39,558.5234,536.2307,0.0,0.0,0.0,0.188
67,saida,0,44,558.5234,536.2307,0.0,0.0,0.0,0.254
67,entrada,0,0,558.5234,536.2307,0.0,0.0,0.0,0.0
67,saida,0,5,558.5234,536.2307,0.0,0.0,0.0,0.065
67,entrada,0,0,558.5234,536.2307,0.0,0.0,0.0,0.0
67,saida,0,5,558.5234,536.2307,0.0,0.0,0.0,0.065
67,entrada,0,0,558.5234,536.2307,0.0,0.0,0.0,0.0
67,saida,0,5,558.5234,536.2307,0.0,0.0,0.0,0.068
68,entrada,0,0,53538.6826,761.1937,23311.6763,29435.8971,0.0,0.0
68,melhoria,1,1,27468.9445,668.6752,14602.9068,12171.6202,0.0,0.0
68,melhoria,1,2,27243.2765,667.5767,14500.089,12048.5904,0.0,0.002
68,melhoria,1,3,27138.6811,667.5767,14395.14,12048.5904,0.0,0.005
68,melhoria,1,4,4627.395,534.1367,4070.7547,0.0,0.0,0.008
68,melhoria,1,5,4627.3846,534.1367,4070.7547,0.0,0.0,0.013
68,melhoria,3,8,3490.532,534.1367,2934.0675,0.0,0.0,0.052
68,melhoria,1,9,3490.4446,534.1367,2934.0675,0.0,0.0,0.055
68,melhoria,3,12,3490.3608,534.1367,2934.0675,0.0,0.0,0.079
68,melhoria,3,15,3490.3543,534.1367,2934.0675,0.0,0.0,0.1
68,melhoria,3,18,3490.0032,534.1367,2934.0675,0.0,0.0,0.132
68,melhoria,1,19,2201.568,543.3708,1632.7806,0.0,0.0,0.138
68,melhoria,1,20,2057.639,541.8261,1488.1932,0.0,0.0,0.144
68,melhoria,3,23,2057.4922,541.8261,1488.1932,0.0,0.0,0.157
68,melhoria,3,26,2033.6917,539.0799,1467.0337,0.0,0.0,0.174
68,melhoria,1,27,2033.3346,541.1738,1467.0337,0.0,0.0,0.177
68,melhoria,1,28,912.2382,541.5514,342.4648,0.0,0.0,0.184
68,melhoria,1,29,588.1477,541.5514,21.1594,0.0,0.0,0.191
68,melhoria,3,32,588.0201,541.5514,21.1594,0.0,0.0,0.222
68,melhoria,3,35,587.9703,541.5514,21.1594,0.0,0.0,0.24
68,melhoria,3,38,587.9638,541.5514,21.1594,0.0,0.0,0.258
68,melhoria,3,41,587.9312,541.5514,21.1594,0.0,0.0,0.28
68,melhoria,3,44,587.8475,541.5514,21.1594,0.0,0.0,0.323
68,saida,0,49,587.8475,541.5514,21.1594,0.0,0.0,0.389
68,entrada,0,0,587.8475,541.5514,21.1594,0.0,0.0,0.0
68,saida,0,5,587.8475,541.5514,21.1594,0.0,0.0,0.065
68,entrada,0,0,587.8475,541.5514,21.1594,0.0,0.0,0.0
68,saida,0,5,587.8475,541.5514,21.1594,0.0,0.0,0.061
68,entrada,0,0,587.8475,541.5514,21.1594,0.0,0.0,0.0
68,saida,0,5,587.8475,541.5514,21.1594,0.0,0.0,0.068
69,entrada,0,0,11967.0725,534.9949,9201.1506,2204.9947,0.0,0.0
69,melhoria,1,1,7421.3914,584.7427,4038.1531,2771.178,0.0,0.001
69,melhoria,1,2,7418.5914,584.7427,4038.1531,2771.178,0.0,0.005
69,melhoria,3,5,6939.0289,582.4177,3820.5368,2510.7825,0.0,0.015
69,melhoria,3,8,567.9295,541.6099,0.9231,0.0,0.0,0.054
69,melhoria,1,9,560.6871,536.2307,0.0,0.0,0.0,0.061
69,saida,0,14,560.6871,536.2307,0.0,0.0,0.0,0.134
69,entrada,0,0,560.6871,536.2307,0.0,0.0,0.0,0.0
69,melhoria,3,3,560.4348,536.2307,0.0,0.0,0.0,0.024
69,saida,0,8,560.4348,536.2307,0.0,0.0,0.0,0.087
69,entrada,0,0,560.4348,536.2307,0.0,0.0,0.0,0.0
69,saida,0,5,560.4348,536.2307,0.0,0.0,0.0,0.068
69,entrada,0,0,560.4348,536.2307,0.0,0.0,0.0,0.0
69,melhoria,3,3,560.197,536.2307,0.0,0.0,0.0,0.046
69,melhoria,1,4,557.9362,536.2307,0.0,0.0,0.0,0.047
69,melhoria,2,6,557.8826,536.2307,0.0,0.0,0.0,0.056
69,melhoria,2,8,557.6887,536.2307,0.0,0.0,0.0,0.063
69,melhoria,3,11,557.5099,536.2307,0.0,0.0,0.0,0.11
69,melhoria,3,14,556.8723,536.2307,0.0,0.0,0.0,0.157
69,saida,0,19,556.8723,536.2307,0.0,0.0,0.0,0.221
71,entrada,0,0,34668.2562,716.1993,16427.9133,17494.3195,0.0,0.0
71,melhoria,1,1,34605.3384,716.1993,16363.6522,17494.3195,0.0,0.001
71,melhoria,1,2,34604.4162,716.1993,16363.6522,17494.3195,0.0,0.009
71,melhoria,1,3,21502.5313,631.8148,11365.6832,9478.3628,0.0,0.012
71,melhoria,1,4,17146.1775,631.8148,8444.1079,8043.2607,0.0,0.012
71,melhoria,2,6,562.3251,536.2307,0.0,0.0,0.0,0.019
71,melhoria,1,7,559.781,536.2307,0.0,0.0,0.0,0.02
71,melhoria,3,10,559.6433,536.2307,0.0,0.0,0.0,0.034
71,melhoria,3,13,559.6262,536.2307,0.0,0.0,0.0,0.072
71,melhoria,3,16,559.6197,536.2307,0.0,0.0,0.0,0.111
71,saida,0,21,559.6197,536.2307,0.0,0.0,0.0,0.18
71,entrada,0,0,559.6197,536.2307,0.0,0.0,0.0,0.0
71,melhoria,3,3,559.6195,536.2307,0.0,0.0,0.0,0.035
71,saida,0,8,559.6195,536.2307,0.0,0.0,0.0,0.097
71,entrada,0,0,559.6195,536.2307,0.0,0.0,0.0,0.0
71,saida,0,5,559.6195,536.2307,0.0,0.0,0.0,0.063
71,entrada,0,0,559.6195,536.2307,0.0,0.0,0.0,0.0
71,saida,0,5,559.6195,536.2307,0.0,0.0,0.0,0.062
72,entrada,0,0,11766.2575,606.0698,5967.6359,5159.8176,0.0,0.0
72,melhoria,1,1,11733.3086,605.9103,5952.7099,5141.9573,0.0,0.005
72,melhoria,2,3,11712.0049,605.9103,5931.5504,5141.9573,0.0,0.014
72,melhoria,3,6,11688.4273,605.9103,5907.6687,5141.9573,0.0,0.027
72,melhoria,3,9,11555.9452,598.4468,6618.9233,4306.0467,0.0,0.037
72,melhoria,2,11,11080.4129,596.0585,6413.2878,4038.5549,0.0,0.046
72,melhoria,1,12,2844.7475,536.2307,1465.834,812.2689,0.0,0.051
72,melhoria,1,13,566.7873,536.2307,0.0,0.0,0.0,0.051
72,melhoria,3,16,566.7608,536.2307,0.0,0.0,0.0,0.07
72,melhoria,1,17,566.7484,536.2307,0.0,0.0,0.0,0.071
72,melhoria,1,18,565.2323,536.2307,0.0,0.0,0.0,0.075
72,melhoria,3,21,565.0449,536.2307,0.0,0.0,0.0,0.101
72,melhoria,3,24,564.9428,536.2307,0.0,0.0,0.0,0.126
72,melhoria,3,27,564.7194,536.2307,0.0,0.0,0.0,0.146
72,melhoria,1,28,563.784,536.2307,0.0,0.0,0.0,0.153
72,melhoria,1,29,562.298,536.2307,0.0,0.0,0.0,0.157
72,saida,0,34,562.298,536.2307,0.0,0.0,0.0,0.235
72,entrada,0,0,562.298,536.2307,0.0,0.0,0.0,0.0
72,saida,0,5,562.298,536.2307,0.0,0.0,0.0,0.068
72,entrada,0,0,562.298,536.2307,0.0,0.0,0.0,0.0
72,melhoria,3,3,562.2326,536.2307,0.0,0.0,0.0,0.012
72,melhoria,1,4,560.7805,536.2307,0.0,0.0,0.0,0.013
72,melhoria,2,6,560.7264,536.2307,0.0,0.0,0.0,0.021
72,saida,0,11,560.7264,536.2307,0.0,0.0,0.0,0.087
72,entrada,0,0,560.7264,536.2307,0.0,0.0,0.0,0.0
72,saida,0,5,560.7264,536.2307,0.0,0.0,0.0,0.063
73,entrada,0,0,12264.7184,532.7979,9377.3438,2330.5748,0.0,0.0
73,melhoria,1,1,7024.5348,582.4177,3905.9573,2510.7825,0.0,0.001
73,melhoria,1,2,1928.3736,533.4845,1372.0468,0.0,0.0,0.005
73,melhoria,3,5,1884.4997,536.2307,1325.5954,0.0,0.0,0.015
73,melhoria,1,6,646.7635,536.2307,85.4205,0.0,0.0,0.021
73,melhoria,3,9,561.4961,536.2307,0.0,0.0,0.0,0.034
73,melhoria,3,12,561.3453,536.2307,0.0,0.0,0.0,0.063
73,melhoria,3,15,561.2223,536.2307,0.0,0.0,0.0,0.08
73,melhoria,1,16,561.2129,536.2307,0.0,0.0,0.0,0.084
73,melhoria,3,19,561.2124,536.2307,0.0,0.0,0.0,0.11
73,melhoria,3,22,561.1205,536.2307,0.0,0.0,0.0,0.132
73,saida,0,27,561.1205,536.2307,0.0,0.0,0.0,0.198
73,entrada,0,0,561.1205,536.2307,0.0,0.0,0.0,0.0
73,saida,0,5,561.1205,536.2307,0.0,0.0,0.0,0.061
73,entrada,0,0,561.1205,536.2307,0.0,0.0,0.0,0.0
73,saida,0,5,561.1205,536.2307,0.0,0.0,0.0,0.064
73,entrada,0,0,561.1205,536.2307,0.0,0.0,0.0,0.0
73,saida,0,5,561.1205,536.2307,0.0,0.0,0.0,0.066
74,entrada,0,0,13739.9377,580.414,10846.0629,2286.3706,0.0,0.0
74,melhoria,1,1,13640.7378,580.6383,10722.4653,2311.4866,0.0,0.001
74,melhoria,1,2,13532.0996,580.4948,10628.7055,2295.4123,0.0,0.002
74,melhoria,3,5,13516.2308,608.5687,7440.2498,5439.6914,0.0,0.01
74,melhoria,1,6,11536.1903,599.7903,6452.8449,4456.5109,0.0,0.011
74,melhoria,1,7,11390.3563,597.5139,6561.0823,4201.5577,0.0,0.013
74,melhoria,1,8,11389.4273,597.5139,6561.0823,4201.5577,0.0,0.016
74,melhoria,1,9,11214.1037,599.7903,6131.5395,4456.5109,0.0,0.02
74,melhoria,1,10,1248.0605,537.5695,684.9297,0.0,0.0,0.027
74,melhoria,1,11,910.8783,541.0022,342.4648,0.0,0.0,0.027
74,melhoria,1,12,586.7874,541.0022,21.1594,0.0,0.0,0.031
74,melhoria,1,13,586.6023,540.3157,21.1594,0.0,0.0,0.032
74,melhoria,1,14,586.4233,541.5514,21.1594,0.0,0.0,0.036
74,melhoria,3,17,586.3202,541.5514,21.1594,0.0,0.0,0.049
74,melhoria,3,20,583.711,538.8052,21.1594,0.0,0.0,0.094
74,melhoria,1,21,583.5186,538.8052,21.1594,0.0,0.0,0.1
74,melhoria,1,22,583.5037,538.8052,21.1594,0.0,0.0,0.1
74,saida,0,27,583.5037,538.8052,21.1594,0.0,0.0,0.164
74,entrada,0,0,583.5037,538.8052,21.1594,0.0,0.0,0.0
74,saida,0,5,583.5037,538.8052,21.1594,0.0,0.0,0.065
74,entrada,0,0,583.5037,538.8052,21.1594,0.0,0.0,0.0
74,saida,0,5,583.5037,538.8052,21.1594,0.0,0.0,0.066
74,entrada,0,0,583.5037,538.8052,21.1594,0.0,0.0,0.0
74,saida,0,5,583.5037,538.8052,21.1594,0.0,0.0,0.064
75,entrada,0,0,25825.3612,668.6752,12959.6388,12171.6202,0.0,0.0
75,melhoria,1,1,25599.6931,667.5767,12856.8211,12048.5904,0.0,0.001
75,melhoria,1,2,25599.6797,667.5767,12856.8211,12048.5904,0.0,0.002
75,melhoria,1,3,3088.3893,534.1367,2532.4357,0.0,0.0,0.006
75,melhoria,1,4,2031.1759,539.6291,1467.0337,0.0,0.0,0.009
75,melhoria,3,7,2028.4074,536.8829,1467.0337,0.0,0.0,0.022
75,melhoria,1,8,1626.7483,536.8829,1065.402,0.0,0.0,0.027
75,melhoria,1,9,1225.4532,538.9769,663.7702,0.0,0.0,0.027
75,melhoria,3,12,1225.2807,538.9769,663.7702,0.0,0.0,0.053
75,saida,0,17,1225.2807,538.9769,663.7702,0.0,0.0,0.115
75,entrada,0,0,1225.2807,538.9769,663.7702,0.0,0.0,0.0
75,melhoria,3,3,1225.2216,538.9769,663.7702,0.0,0.0,0.032
75,melhoria,1,4,565.2105,540.5216,0.0,0.0,0.0,0.037
75,melhoria,1,5,562.6975,538.9769,0.0,0.0,0.0,0.039
75,melhoria,3,8,562.4945,538.9769,0.0,0.0,0.0,0.053
75,melhoria,1,9,561.5216,538.9769,0.0,0.0,0.0,0.059
75,melhoria,1,10,560.7731,538.9769,0.0,0.0,0.0,0.059
75,melhoria,2,12,560.703,538.9769,0.0,0.0,0.0,0.066
75,melhoria,3,15,557.8125,536.2307,0.0,0.0,0.0,0.08
75,melhoria,3,18,557.6849,536.2307,0.0,0.0,0.0,0.113
75,melhoria,2,20,557.6843,536.2307,0.0,0.0,0.0,0.124
75,saida,0,25,557.6843,536.2307,0.0,0.0,0.0,0.184
75,entrada,0,0,557.6843,536.2307,0.0,0.0,0.0,0.0
75,saida,0,5,557.6843,536.2307,0.0,0.0,0.0,0.066
75,entrada,0,0,557.6843,536.2307,0.0,0.0,0.0,0.0
75,saida,0,5,557.6843,536.2307,0.0,0.0,0.0,0.065
76,entrada,0,0,54069.7475,727.4969,26367.0477,26942.0329,0.0,0.0
76,melhoria,1,1,54068.2431,727.4969,26367.0477,26942.0329,0.0,0.0
76,melhoria,1,2,54004.9085,727.4969,26302.7867,26942.0329,0.0,0.001
76,melhoria,1,3,54003.9713,727.4969,26302.7867,26942.0329,0.0,0.002
76,melhoria,1,4,54003.0379,727.4969,26302.7867,26942.0329,0.0,0.008
76,melhoria,2,6,37425.2835,727.4969,17908.1583,18759.6489,0.0,0.017
76,melhoria,1,7,18518.2617,635.999,9343.957,8511.8866,0.0,0.017
76,melhoria,1,8,17910.4436,633.057,9068.5869,8182.384,0.0,0.018
76,melhoria,1,9,17910.0059,633.057,9068.5869,8182.384,0.0,0.022
76,melhoria,3,12,17909.676,633.057,9068.5869,8182.384,0.0,0.033
76,melhoria,2,14,17716.8756,633.057,8875.8037,8182.384,0.0,0.04
76,melhoria,1,15,17657.8455,633.057,8814.4293,8182.384,0.0,0.041
76,melhoria,1,16,17594.516,633.057,8750.1682,8182.384,0.0,0.041
76,melhoria,1,17,17593.591,633.057,8750.1682,8182.384,0.0,0.045
76,melhoria,1,18,17530.2452,633.057,8685.9071,8182.384,0.0,0.046
76,melhoria,2,20,17508.9141,633.057,8664.7476,8182.384,0.0,0.053
76,melhoria,1,21,17508.1392,633.057,8664.7476,8182.384,0.0,0.053
76,melhoria,3,24,15928.5429,624.8848,8008.6669,7267.099,0.0,0.069
76,melhoria,3,27,15205.5931,619.6546,7876.1882,6681.3166,0.0,0.077
76,melhoria,1,28,15141.7569,619.6546,7811.9271,6681.3166,0.0,0.08
76,melhoria,1,29,15078.9261,619.6546,7747.666,6681.3166,0.0,0.089
76,melhoria,2,31,15078.6767,619.6546,7747.666,6681.3166,0.0,0.096
76,melhoria,2,33,15078.5736,619.6546,7747.666,6681.3166,0.0,0.105
76,melhoria,3,36,15078.434,619.6546,7747.666,6681.3166,0.0,0.128
76,melhoria,3,39,15009.1137,614.4244,8268.6522,6095.5342,0.0,0.147
76,melhoria,1,40,14534.6761,615.4705,7677.3341,6212.6907,0.0,0.148
76,melhoria,2,42,14429.7177,615.4705,7572.3851,6212.6907,0.0,0.157
76,melhoria,3,45,14312.2899,615.4705,7454.9665,6212.6907,0.0,0.175
76,melhoria,3,48,14312.2768,615.4705,7454.9665,6212.6907,0.0,0.196
76,melhoria,3,51,14311.7956,615.4705,7454.9665,6212.6907,0.0,0.21
76,melhoria,3,54,14055.0488,615.4705,7197.9221,6212.6907,0.0,0.219
76,melhoria,3,57,13969.7727,615.4705,7112.5016,6212.6907,0.0,0.243
76,melhoria,3,60,13771.1879,615.4705,6914.2744,6212.6907,0.0,0.288
76,melhoria,3,63,13375.7925,610.2403,7109.8491,5626.9083,0.0,0.297
76,melhoria,1,64,12775.9824,610.2403,6510.1482,5626.9083,0.0,0.302
76,melhoria,2,66,12711.7259,610.2403,6445.8871,5626.9083,0.0,0.314
76,melhoria,3,69,12711.7194,610.2403,6445.8871,5626.9083,0.0,0.323
76,melhoria,3,72,12711.6993,610.2403,6445.8871,5626.9083,0.0,0.338
76,melhoria,2,74,12690.5456,610.2403,6424.7276,5626.9083,0.0,0.347
76,melhoria,3,77,12690.4531,610.2403,6424.7276,5626.9083,0.0,0.384
76,melhoria,3,80,12690.349,610.2403,6424.7276,5626.9083,0.0,0.425
76,saida,0,85,12690.349,610.2403,6424.7276,5626.9083,0.0,0.494
76,entrada,0,0,12690.349,610.2403,6424.7276,5626.9083,0.0,0.0
76,saida,0,5,12690.349,610.2403,6424.7276,5626.9083,0.0,0.065
77,entrada,0,0,13739.9377,580.414,10846.0629,2286.3706,0.0,0.0
77,melhoria,1,1,13647.3662,580.2705,10768.3684,2270.2964,0.0,0.005
77,melhoria,1,2,13530.4709,580.0911,10671.2502,2250.2036,0.0,0.008
77,melhoria,3,5,13039.1802,588.8115,9194.5094,3226.8875,0.0,0.031
77,melhoria,1,6,2505.4371,532.741,1946.821,0.0,0.0,0.032
77,melhoria,1,7,1066.1531,532.8528,508.2117,0.0,0.0,0.034
77,melhoria,3,10,1066.0233,532.8528,508.2117,0.0,0.0,0.049
77,melhoria,3,13,1065.3812,532.1538,508.2117,0.0,0.0,0.068
77,melhoria,3,16,1047.58,514.4379,508.2117,0.0,0.0,0.082
77,melhoria,1,17,1024.4307,492.5657,508.2117,0.0,0.0,0.083
77,melhoria,1,18,1022.9514,492.5657,508.2117,0.0,0.0,0.083
77,melhoria,1,19,1021.9926,492.5657,508.2117,0.0,0.0,0.087
77,melhoria,2,21,1021.9851,492.3097,508.2117,0.0,0.0,0.094
77,melhoria,3,24,700.92,492.3097,186.9063,0.0,0.0,0.111
77,melhoria,3,27,700.601,491.9897,186.9063,0.0,0.0,0.125
77,melhoria,3,30,700.5255,491.9897,186.9063,0.0,0.0,0.147
77,melhoria,1,31,680.4456,491.9897,165.7469,0.0,0.0,0.148
77,melhoria,2,33,680.4438,492.2457,165.7469,0.0,0.0,0.157
77,melhoria,3,36,671.6252,483.5,165.7469,0.0,0.0,0.166
77,melhoria,2,38,671.2641,482.7345,165.7469,0.0,0.0,0.175
77,melhoria,4,42,670.5284,482.005,165.7469,0.0,0.0,0.239
77,melhoria,2,44,670.3653,482.005,165.7469,0.0,0.0,0.248
77,melhoria,2,46,670.1178,482.005,165.7469,0.0,0.0,0.256
77,melhoria,4,50,669.153,481.0482,165.7469,0.0,0.0,0.319
77,saida,0,55,669.153,481.0482,165.7469,0.0,0.0,0.378
77,entrada,0,0,669.153,481.0482,165.7469,0.0,0.0,0.0
77,melhoria,3,3,669.0199,481.0482,165.7469,0.0,0.0,0.045
77,saida,0,8,669.0199,481.0482,165.7469,0.0,0.0,0.103
77,entrada,0,0,669.0199,481.0482,165.7469,0.0,0.0,0.0
77,melhoria,3,3,668.9431,481.0482,165.7469,0.0,0.0,0.013
77,melhoria,4,7,661.5539,473.72,165.7469,0.0,0.0,0.074
77,melhoria,2,9,661.2645,473.208,165.7469,0.0,0.0,0.081
77,melhoria,3,12,660.6907,472.408,165.7469,0.0,0.0,0.111
77,melhoria,3,15,660.344,471.896,165.7469,0.0,0.0,0.134
77,melhoria,3,18,660.1845,471.896,165.7469,0.0,0.0,0.158
77,saida,0,23,660.1845,471.896,165.7469,0.0,0.0,0.223
77,entrada,0,0,660.1845,471.896,165.7469,0.0,0.0,0.0
77,saida,0,5,660.1845,471.896,165.7469,0.0,0.0,0.062
78,entrada,0,0,12381.5003,534.9949,9492.8316,2330.5748,0.0,0.0
78,melhoria,1,1,9964.3663,596.6556,5238.6252,4105.4279,0.0,0.0
78,melhoria,1,2,9901.4609,596.6556,5174.3642,4105.4279,0.0,0.002
78,melhoria,1,3,9779.0218,596.0585,5118.4775,4038.5549,0.0,0.006
78,melhoria,1,4,3853.739,483.1118,2738.6536,607.5049,0.0,0.011
78,melhoria,1,5,2025.8916,511.7842,1488.1932,0.0,0.0,0.012
78,melhoria,3,8,2025.7516,511.7575,1488.1932,0.0,0.0,0.035
78,melhoria,3,11,1986.4292,472.76,1488.1932,0.0,0.0,0.059
78,melhoria,1,12,1983.3392,470.608,1488.1932,0.0,0.0,0.062
78,melhoria,1,13,1980.905,470.608,1488.1932,0.0,0.0,0.066
78,melhoria,3,16,1980.8962,470.608,1488.1932,0.0,0.0,0.111
78,melhoria,3,19,1960.278,470.608,1467.0337,0.0,0.0,0.153
78,melhoria,3,22,1960.2755,470.608,1467.0337,0.0,0.0,0.201
78,melhoria,3,25,1960.1474,470.608,1467.0337,0.0,0.0,0.228
78,saida,0,30,1960.1474,470.608,1467.0337,0.0,0.0,0.292
78,entrada,0,0,1960.1474,470.608,1467.0337,0.0,0.0,0.0
78,melhoria,3,3,1960.145,470.608,1467.0337,0.0,0.0,0.032
78,melhoria,3,6,1959.4543,470.608,1467.0337,0.0,0.0,0.057
78,melhoria,1,7,1959.3869,470.608,1467.0337,0.0,0.0,0.058
78,saida,0,12,1959.3869,470.608,1467.0337,0.0,0.0,0.127
79,entrada,0,0,12381.5003,534.9949,9492.8316,2330.5748,0.0,0.0
79,melhoria,1,1,9779.0218,596.0585,5118.4775,4038.5549,0.0,0.0
79,melhoria,3,4,9778.999,596.0585,5118.4775,4038.5549,0.0,0.017
79,melhoria,1,5,3811.615,482.8726,2738.6536,565.6449,0.0,0.024
79,melhoria,1,6,2028.6689,511.7842,1488.1932,0.0,0.0,0.024
79,melhoria,1,7,2025.8689,511.7842,1488.1932,0.0,0.0,0.025
79,melhoria,3,10,2024.5217,510.3826,1488.1932,0.0,0.0,0.036
79,melhoria,3,13,2005.7677,491.9613,1488.1932,0.0,0.0,0.059
79,melhoria,2,15,2005.3691,491.463,1488.1932,0.0,0.0,0.068
79,melhoria,1,16,2004.4268,491.463,1488.1932,0.0,0.0,0.069
79,melhoria,1,17,2002.1618,491.463,1488.1932,0.0,0.0,0.073
79,melhoria,2,19,2002.1454,491.463,1488.1932,0.0,0.0,0.082
79,melhoria,3,22,1980.9075,491.2078,1467.0337,0.0,0.0,0.103
79,melhoria,3,25,1972.5027,482.8726,1467.0337,0.0,0.0,0.144
79,saida,0,30,1972.5027,482.8726,1467.0337,0.0,0.0,0.214
79,entrada,0,0,1972.5027,482.8726,1467.0337,0.0,0.0,0.0
79,melhoria,3,3,1972.2948,482.8726,1467.0337,0.0,0.0,0.029
79,melhoria,2,5,1972.1917,482.8726,1467.0337,0.0,0.0,0.037
79,melhoria,1,6,1971.2687,482.8726,1467.0337,0.0,0.0,0.04
79,melhoria,3,9,1960.4265,472.12,1467.0337,0.0,0.0,0.056
79,melhoria,1,10,1912.3561,427.7664,1467.0337,0.0,0.0,0.057
79,melhoria,1,11,582.9712,540.6246,21.1594,0.0,0.0,0.061
79,melhoria,3,14,560.1724,538.4276,0.0,0.0,0.0,0.07
79,melhoria,2,16,560.0445,538.4276,0.0,0.0,0.0,0.078
79,melhoria,3,19,560.0109,538.4276,0.0,0.0,0.0,0.11
79,melhoria,3,22,559.904,538.4276,0.0,0.0,0.0,0.123
79,melhoria,3,25,559.7252,538.4276,0.0,0.0,0.0,0.146
79,saida,0,30,559.7252,538.4276,0.0,0.0,0.0,0.228
79,entrada,0,0,559.7252,538.4276,0.0,0.0,0.0,0.0
79,melhoria,4,4,557.5099,536.2307,0.0,0.0,0.0,0.058
79,saida,0,9,557.5099,536.2307,0.0,0.0,0.0,0.136
79,entrada,0,0,557.5099,536.2307,0.0,0.0,0.0,0.0
79,saida,0,5,557.5099,536.2307,0.0,0.0,0.0,0.065
80,entrada,0,0,19524.983,523.4284,10060.9926,8914.612,0.0,0.0
80,melhoria,2,2,1458.4295,523.4284,909.8435,0.0,0.0,0.008
80,melhoria,1,3,1313.0473,523.5779,765.256,0.0,0.0,0.011
80,melhoria,1,4,1312.4004,523.5779,765.256,0.0,0.0,0.014
80,melhoria,3,7,1312.3562,523.5779,765.256,0.0,0.0,0.033
80,melhoria,2,9,1312.0797,523.5779,765.256,0.0,0.0,0.041
80,melhoria,3,12,990.7163,523.1951,443.9506,0.0,0.0,0.056
80,melhoria,3,15,589.0213,522.7167,42.3189,0.0,0.0,0.065
80,melhoria,3,18,581.5974,515.3559,42.3189,0.0,0.0,0.117
80,melhoria,1,19,546.9773,482.9802,42.3189,0.0,0.0,0.121
80,melhoria,4,23,537.1236,473.208,42.3189,0.0,0.0,0.173
80,melhoria,1,24,491.6032,428.6246,42.3189,0.0,0.0,0.179
80,melhoria,1,25,490.6652,428.6246,42.3189,0.0,0.0,0.18
80,melhoria,3,28,490.4743,428.6246,42.3189,0.0,0.0,0.231
80,melhoria,1,29,489.8893,428.6246,42.3189,0.0,0.0,0.234
80,saida,0,34,489.8893,428.6246,42.3189,0.0,0.0,0.3
81,entrada,0,0,563.4852,538.4276,0.0,0.0,0.0,0.0
81,melhoria,3,3,561.154,536.2307,0.0,0.0,0.0,0.035
81,melhoria,3,6,561.1298,536.2307,0.0,0.0,0.0,0.05
81,saida,0,11,561.1298,536.2307,0.0,0.0,0.0,0.112
81,entrada,0,0,561.1298,536.2307,0.0,0.0,0.0,0.0
81,saida,0,5,561.1298,536.2307,0.0,0.0,0.0,0.065
81,entrada,0,0,561.1298,536.2307,0.0,0.0,0.0,0.0
81,melhoria,3,3,561.121,536.2307,0.0,0.0,0.0,0.048
81,melhoria,3,6,561.1205,536.2307,0.0,0.0,0.0,0.082
81,saida,0,11,561.1205,536.2307,0.0,0.0,0.0,0.145
81,entrada,0,0,561.1205,536.2307,0.0,0.0,0.0,0.0
81,saida,0,5,561.1205,536.2307,0.0,0.0,0.0,0.067
82,entrada,0,0,25826.166,668.6752,12959.6388,12171.6202,0.0,0.0
82,melhoria,1,1,25708.7022,670.0483,12686.5293,12325.4074,0.0,0.003
82,melhoria,1,2,25425.8418,668.6752,12558.0071,12171.6202,0.0,0.003
82,melhoria,1,3,20526.779,584.5274,14870.6444,5042.4814,0.0,0.004
82,melhoria,1,4,10571.423,595.1256,6016.2302,3934.0659,0.0,0.008
82,melhoria,3,7,9756.5297,592.7373,5471.378,3666.5741,0.0,0.017
82,melhoria,3,10,1245.731,535.3725,684.9297,0.0,0.0,0.033
82,melhoria,1,11,1243.8609,535.3725,684.9297,0.0,0.0,0.034
82,melhoria,1,12,588.3178,540.8649,21.1594,0.0,0.0,0.04
82,melhoria,3,15,586.2593,538.1187,21.1594,0.0,0.0,0.05
82,melhoria,3,18,586.1347,538.1187,21.1594,0.0,0.0,0.085
82,saida,0,23,586.1347,538.1187,21.1594,0.0,0.0,0.149
82,entrada,0,0,586.1347,538.1187,21.1594,0.0,0.0,0.0
82,melhoria,3,3,585.9614,538.1187,21.1594,0.0,0.0,0.025
82,saida,0,8,585.9614,538.1187,21.1594,0.0,0.0,0.09
82,entrada,0,0,585.9614,538.1187,21.1594,0.0,0.0,0.0
82,saida,0,5,585.9614,538.1187,21.1594,0.0,0.0,0.067
82,entrada,0,0,585.9614,538.1187,21.1594,0.0,0.0,0.0
82,saida,0,5,585.9614,538.1187,21.1594,0.0,0.0,0.063
83,entrada,0,0,1528.2843,546.1513,960.1093,0.0,0.0,0.0
83,melhoria,1,1,1257.1498,536.2307,699.8519,0.0,0.0,0.001
83,melhoria,1,2,790.1123,536.2307,230.008,0.0,0.0,0.002
83,melhoria,3,5,560.1901,536.2307,0.0,0.0,0.0,0.01
83,melhoria,3,8,560.1705,536.2307,0.0,0.0,0.0,0.039
83,melhoria,3,11,560.1577,536.2307,0.0,0.0,0.0,0.074
83,melhoria,3,14,559.9963,536.2307,0.0,0.0,0.0,0.094
83,melhoria,3,17,559.9134,536.2307,0.0,0.0,0.0,0.143
83,saida,0,22,559.9134,536.2307,0.0,0.0,0.0,0.218
83,entrada,0,0,559.9134,536.2307,0.0,0.0,0.0,0.0
83,saida,0,5,559.9134,536.2307,0.0,0.0,0.0,0.074
83,entrada,0,0,559.9134,536.2307,0.0,0.0,0.0,0.0
83,saida,0,5,559.9134,536.2307,0.0,0.0,0.0,0.066
83,entrada,0,0,559.9134,536.2307,0.0,0.0,0.0,0.0
83,melhoria,3,3,559.8212,536.2307,0.0,0.0,0.0,0.04
83,saida,0,8,559.8212,536.2307,0.0,0.0,0.0,0.106
84,entrada,0,0,12433.6736,542.032,9533.2693,2330.5748,0.0,0.0
84,melhoria,1,1,5903.8595,541.1738,4166.4261,1169.2421,0.0,0.001
84,melhoria,1,2,2035.4981,540.3157,1467.0337,0.0,0.0,0.001
84,melhoria,1,3,2034.0007,540.3157,1467.0337,0.0,0.0,0.003
84,melhoria,1,4,1967.8527,540.8649,1398.462,0.0,0.0,0.003
84,melhoria,1,5,1967.2248,540.8649,1398.462,0.0,0.0,0.007
84,melhoria,1,6,1230.3527,540.8649,663.7702,0.0,0.0,0.01
84,melhoria,1,7,1230.3058,540.3157,663.7702,0.0,0.0,0.013
84,melhoria,1,8,1229.7293,540.3157,663.7702,0.0,0.0,0.018
84,melhoria,1,9,1229.0539,540.3157,663.7702,0.0,0.0,0.024
84,melhoria,3,12,1225.7857,536.8829,663.7702,0.0,0.0,0.048
84,melhoria,3,15,1225.6604,536.8829,663.7702,0.0,0.0,0.093
84,saida,0,20,1225.6604,536.8829,663.7702,0.0,0.0,0.159
84,entrada,0,0,1225.6604,536.8829,663.7702,0.0,0.0,0.0
84,saida,0,5,1225.6604,536.8829,663.7702,0.0,0.0,0.065
85,entrada,0,0,12471.9312,534.9949,9580.5728,2330.5748,0.0,0.0
85,melhoria,1,1,9844.6219,596.0585,5182.7385,4038.5549,0.0,0.0
85,melhoria,1,2,9781.7147,596.0585,5118.4775,4038.5549,0.0,0.001
85,melhoria,1,3,9778.9147,596.0585,5118.4775,4038.5549,0.0,0.007
85,melhoria,3,6,9778.9077,596.0585,5118.4775,4038.5549,0.0,0.017
85,melhoria,1,7,6979.2131,482.8726,4695.1846,1776.6257,0.0,0.018
85,melhoria,1,8,2025.7776,511.7842,1488.1932,0.0,0.0,0.018
85,melhoria,3,11,2025.7711,511.7842,1488.1932,0.0,0.0,0.029
85,melhoria,3,14,2024.1874,510.3257,1488.1932,0.0,0.0,0.073
85,melhoria,2,16,2023.8929,509.943,1488.1932,0.0,0.0,0.081
85,melhoria,3,19,2005.7613,491.9613,1488.1932,0.0,0.0,0.112
85,melhoria,2,21,2005.6699,491.9613,1488.1932,0.0,0.0,0.12
85,melhoria,1,22,1960.1706,470.608,1467.0337,0.0,0.0,0.128
85,melhoria,1,23,1774.0159,512.6634,1236.2431,0.0,0.0,0.129
85,melhoria,1,24,1662.2363,513.059,1123.7862,0.0,0.0,0.133
85,melhoria,1,25,1157.9493,470.736,663.7702,0.0,0.0,0.136
85,melhoria,3,28,1157.9428,470.736,663.7702,0.0,0.0,0.165
85,melhoria,3,31,1157.0814,470.736,663.7702,0.0,0.0,0.212
85,saida,0,36,1157.0814,470.736,663.7702,0.0,0.0,0.278
85,entrada,0,0,1157.0814,470.736,663.7702,0.0,0.0,0.0
85,saida,0,5,1157.0814,470.736,663.7702,0.0,0.0,0.061
85,entrada,0,0,37375.4246,709.1865,18518.5246,18112.4648,0.0,0.0
85,melhoria,1,1,34366.0153,709.1865,16917.242,16708.8841,0.0,0.001
85,melhoria,1,2,34140.1481,709.1865,16692.3282,16708.8841,0.0,0.002
85,melhoria,1,3,13191.2423,592.8492,8147.0617,4422.9788,0.0,0.008
85,melhoria,1,4,10248.7467,595.1256,5694.9248,3934.0659,0.0,0.011
85,melhoria,1,5,10074.6294,597.402,5265.382,4189.0191,0.0,0.011
85,melhoria,3,8,604.5651,539.6634,42.3189,0.0,0.0,0.053
85,melhoria,3,11,604.4576,539.6634,42.3189,0.0,0.0,0.067
85,melhoria,3,14,604.2887,539.6634,42.3189,0.0,0.0,0.085
85,saida,0,19,604.2887,539.6634,42.3189,0.0,0.0,0.144
86,entrada,0,0,7847.2949,574.4787,5623.8874,1621.6154,0.0,0.0
86,melhoria,1,1,7704.5488,574.4787,5479.3,1621.6154,0.0,0.0
86,melhoria,1,2,7456.6582,574.7024,5205.4694,1646.6676,0.0,0.001
86,melhoria,1,3,6810.6739,574.7024,4559.5405,1646.6676,0.0,0.002
86,melhoria,1,4,6809.7632,574.7024,4559.5405,1646.6676,0.0,0.002
86,melhoria,1,5,2090.1013,512.1798,1552.5732,0.0,0.0,0.006
86,melhoria,1,6,2090.0834,512.1798,1552.5732,0.0,0.0,0.007
86,melhoria,3,9,2088.8018,511.0194,1552.5732,0.0,0.0,0.029
86,melhoria,1,10,1854.1086,543.1255,1282.6382,0.0,0.0,0.035
86,melhoria,1,11,1689.2527,542.9015,1117.0844,0.0,0.0,0.036
86,melhoria,2,13,1669.1664,542.6865,1096.9624,0.0,0.0,0.043
86,melhoria,1,14,1075.2173,541.5291,508.2117,0.0,0.0,0.043
86,melhoria,1,15,1075.2107,541.5291,508.2117,0.0,0.0,0.048
86,melhoria,2,17,588.1159,541.5291,21.1594,0.0,0.0,0.056
86,melhoria,3,20,587.9599,541.5291,21.1594,0.0,0.0,0.064
86,melhoria,3,23,585.8605,539.6634,21.1594,0.0,0.0,0.088
86,melhoria,1,24,584.3408,539.6634,21.1594,0.0,0.0,0.09
86,melhoria,1,25,583.4952,539.6634,21.1594,0.0,0.0,0.094
86,melhoria,3,28,583.3184,539.6634,21.1594,0.0,0.0,0.125
86,melhoria,3,31,583.2071,539.6634,21.1594,0.0,0.0,0.15
86,melhoria,2,33,583.2016,539.6634,21.1594,0.0,0.0,0.156
86,melhoria,1,34,582.2662,539.6634,21.1594,0.0,0.0,0.157
86,melhoria,1,35,580.7568,539.6634,21.1594,0.0,0.0,0.158
86,melhoria,3,38,580.0105,539.6634,21.1594,0.0,0.0,0.183
86,melhoria,3,41,579.9437,539.6634,21.1594,0.0,0.0,0.193
86,melhoria,2,43,579.9338,539.6634,21.1594,0.0,0.0,0.2
86,saida,0,48,579.9338,539.6634,21.1594,0.0,0.0,0.256
86,entrada,0,0,579.9338,539.6634,21.1594,0.0,0.0,0.0
86,melhoria,3,3,579.8131,539.6634,21.1594,0.0,0.0,0.022
86,melhoria,1,4,579.0955,539.6634,21.1594,0.0,0.0,0.025
86,melhoria,1,5,578.5846,539.6634,21.1594,0.0,0.0,0.028
86,melhoria,2,7,578.3371,539.6634,21.1594,0.0,0.0,0.034
86,melhoria,2,9,578.0896,539.6634,21.1594,0.0,0.0,0.041
86,melhoria,3,12,578.0886,539.6634,21.1594,0.0,0.0,0.058
86,melhoria,3,15,577.9537,539.6634,21.1594,0.0,0.0,0.073
86,melhoria,3,18,577.9157,539.6634,21.1594,0.0,0.0,0.094
86,melhoria,2,20,577.9094,539.6634,21.1594,0.0,0.0,0.099
86,melhoria,2,22,577.6329,539.6634,21.1594,0.0,0.0,0.105
86,melhoria,1,23,577.0579,539.6634,21.1594,0.0,0.0,0.108
86,melhoria,3,26,577.0031,539.6634,21.1594,0.0,0.0,0.135
86,saida,0,31,577.0031,539.6634,21.1594,0.0,0.0,0.195
86,entrada,0,0,577.0031,539.6634,21.1594,0.0,0.0,0.0
86,melhoria,3,3,577.0008,539.6634,21.1594,0.0,0.0,0.033
86,saida,0,8,577.0008,539.6634,21.1594,0.0,0.0,0.089
86,entrada,0,0,577.0008,539.6634,21.1594,0.0,0.0,0.0
86,saida,0,5,577.0008,539.6634,21.1594,0.0,0.0,0.071
88,entrada,0,0,13110.3678,580.414,10215.6005,2286.3706,0.0,0.0
88,melhoria,1,1,6387.2215,523.6975,3905.2229,1933.2017,0.0,0.004
88,melhoria,1,2,2605.6253,563.3368,1640.8127,373.7184,0.0,0.005
88,melhoria,1,3,2379.7581,563.3368,1415.8989,373.7184,0.0,0.008
88,melhoria,3,6,923.7527,533.7783,363.6243,0.0,0.0,0.021
88,melhoria,1,7,889.499,500.8283,363.6243,0.0,0.0,0.024
88,melhoria,3,10,889.4209,500.8283,363.6243,0.0,0.0,0.038
88,melhoria,1,11,565.7398,500.8283,42.3189,0.0,0.0,0.046
88,melhoria,3,14,549.3697,484.696,42.3189,0.0,0.0,0.081
88,melhoria,1,15,534.6309,470.896,42.3189,0.0,0.0,0.088
88,melhoria,1,16,533.6906,470.896,42.3189,0.0,0.0,0.095
88,saida,0,21,533.6906,470.896,42.3189,0.0,0.0,0.162
90,entrada,0,0,3312.2506,538.4276,1866.4947,884.4529,0.0,0.0
90,melhoria,1,1,1048.3399,539.6634,487.0523,0.0,0.0,0.003
90,melhoria,2,3,791.2727,539.6634,230.008,0.0,0.0,0.012
90,melhoria,1,4,648.511,539.6634,85.4205,0.0,0.0,0.012
90,melhoria,1,5,647.6024,539.6634,85.4205,0.0,0.0,0.013
90,melhoria,3,8,562.2841,539.6634,0.0,0.0,0.0,0.038
90,melhoria,1,9,561.3245,538.9769,0.0,0.0,0.0,0.042
90,melhoria,3,12,558.8316,536.2307,0.0,0.0,0.0,0.064
90,melhoria,3,15,558.8171,536.2307,0.0,0.0,0.0,0.09
90,melhoria,3,18,558.722,536.2307,0.0,0.0,0.0,0.105
90,melhoria,3,21,558.6884,536.2307,0.0,0.0,0.0,0.128
90,saida,0,26,558.6884,536.2307,0.0,0.0,0.0,0.204
90,entrada,0,0,558.6884,536.2307,0.0,0.0,0.0,0.0
90,saida,0,5,558.6884,536.2307,0.0,0.0,0.0,0.072
90,entrada,0,0,558.6884,536.2307,0.0,0.0,0.0,0.0
90,saida,0,5,558.6884,536.2307,0.0,0.0,0.0,0.069
90,entrada,0,0,558.6884,536.2307,0.0,0.0,0.0,0.0
90,saida,0,5,558.6884,536.2307,0.0,0.0,0.0,0.066
91,entrada,0,0,5541.7044,534.9949,3206.9914,1776.6257,0.0,0.0
91,melhoria,1,1,556.8723,536.2307,0.0,0.0,0.0,0.003
91,saida,0,6,556.8723,536.2307,0.0,0.0,0.0,0.067
91,entrada,0,0,556.8723,536.2307,0.0,0.0,0.0,0.0
91,saida,0,5,556.8723,536.2307,0.0,0.0,0.0,0.065
91,entrada,0,0,556.8723,536.2307,0.0,0.0,0.0,0.0
91,saida,0,5,556.8723,536.2307,0.0,0.0,0.0,0.073
91,entrada,0,0,556.8723,536.2307,0.0,0.0,0.0,0.0
91,saida,0,5,556.8723,536.2307,0.0,0.0,0.0,0.075
92,entrada,0,0,13848.6375,534.9949,10959.8653,2330.5748,0.0,0.0
92,melhoria,1,1,11223.633,596.0585,6564.3518,4038.5549,0.0,0.001
92,melhoria,1,2,10103.1058,596.0585,5439.7829,4038.5549,0.0,0.001
92,melhoria,1,3,6213.077,535.6814,3522.5697,2128.9217,0.0,0.004
92,melhoria,1,4,646.634,536.2307,85.4205,0.0,0.0,0.006
92,melhoria,1,5,557.9164,536.2307,0.0,0.0,0.0,0.008
92,saida,0,10,557.9164,536.2307,0.0,0.0,0.0,0.071
92,entrada,0,0,557.9164,536.2307,0.0,0.0,0.0,0.0
92,saida,0,5,557.9164,536.2307,0.0,0.0,0.0,0.066
92,entrada,0,0,557.9164,536.2307,0.0,0.0,0.0,0.0
92,melhoria,3,3,557.7997,536.2307,0.0,0.0,0.0,0.052
92,saida,0,8,557.7997,536.2307,0.0,0.0,0.0,0.118
92,entrada,0,0,557.7997,536.2307,0.0,0.0,0.0,0.0
92,saida,0,5,557.7997,536.2307,0.0,0.0,0.0,0.062
93,entrada,0,0,12381.5003,534.9949,9492.8316,2330.5748,0.0,0.0
93,melhoria,1,1,9779.0218,596.0585,5118.4775,4038.5549,0.0,0.0
93,melhoria,3,4,9779.0055,596.0585,5118.4775,4038.5549,0.0,0.012
93,melhoria,3,7,9758.6091,596.0585,5097.318,4038.5549,0.0,0.022
93,melhoria,3,10,564.8398,538.4276,0.0,0.0,0.0,0.056
93,melhoria,1,11,564.3786,538.9769,0.0,0.0,0.0,0.058
93,melhoria,2,13,563.8256,538.4276,0.0,0.0,0.0,0.065
93,melhoria,3,16,563.5945,538.4276,0.0,0.0,0.0,0.082
93,melhoria,1,17,562.6506,538.4276,0.0,0.0,0.0,0.087
93,melhoria,3,20,560.7602,536.2307,0.0,0.0,0.0,0.111
93,melhoria,3,23,560.6478,536.2307,0.0,0.0,0.0,0.133
93,saida,0,28,560.6478,536.2307,0.0,0.0,0.0,0.199
93,entrada,0,0,560.6478,536.2307,0.0,0.0,0.0,0.0
93,saida,0,5,560.6478,536.2307,0.0,0.0,0.0,0.067
93,entrada,0,0,560.6478,536.2307,0.0,0.0,0.0,0.0
93,saida,0,5,560.6478,536.2307,0.0,0.0,0.0,0.064
93,entrada,0,0,560.6478,536.2307,0.0,0.0,0.0,0.0
93,saida,0,5,560.6478,536.2307,0.0,0.0,0.0,0.066
94,entrada,0,0,19452.6161,525.9603,10170.1478,8731.555,0.0,0.0
94,melhoria,1,1,18466.7667,633.057,9625.7772,8182.384,0.0,0.004
94,melhoria,1,2,18130.0022,631.4226,9472.7939,7999.327,0.0,0.005
94,melhoria,1,3,17204.1544,631.4226,8544.2212,7999.327,0.0,0.008
94,melhoria,1,4,17203.584,631.4226,8544.2212,7999.327,0.0,0.011
94,melhoria,1,5,17090.1951,631.4226,8428.5513,7999.327,0.0,0.015
94,melhoria,1,6,17087.43,631.4226,8428.5513,7999.327,0.0,0.017
94,melhoria,1,7,17086.991,631.4226,8428.5513,7999.327,0.0,0.019
94,melhoria,2,9,16222.6118,627.2384,8036.9139,7530.7011,0.0,0.026
94,melhoria,1,10,16007.4246,626.1924,7939.0046,7413.5446,0.0,0.027
94,melhoria,3,13,14656.664,619.6546,7327.0712,6681.3166,0.0,0.035
94,melhoria,3,16,13792.5694,615.4705,6935.4338,6212.6907,0.0,0.049
94,melhoria,3,19,13792.4549,615.4705,6935.4338,6212.6907,0.0,0.06
94,melhoria,3,22,13773.5239,615.4705,6914.2744,6214.674,0.0,0.07
94,melhoria,1,23,13771.1523,615.4705,6914.2744,6212.6907,0.0,0.071
94,melhoria,2,25,13771.0492,615.4705,6914.2744,6212.6907,0.0,0.078
94,melhoria,3,28,13770.7717,615.4705,6914.2744,6212.6907,0.0,0.098
94,melhoria,3,31,13770.7691,615.4705,6914.2744,6212.6907,0.0,0.138
94,saida,0,36,13770.7691,615.4705,6914.2744,6212.6907,0.0,0.205
95,entrada,0,0,726.9536,536.2307,165.7469,0.0,0.0,0.0
95,melhoria,1,1,557.9078,536.2307,0.0,0.0,0.0,0.007
95,saida,0,6,557.9078,536.2307,0.0,0.0,0.0,0.068
95,entrada,0,0,557.9078,536.2307,0.0,0.0,0.0,0.0
95,saida,0,5,557.9078,536.2307,0.0,0.0,0.0,0.068
95,entrada,0,0,557.9078,536.2307,0.0,0.0,0.0,0.0
95,saida,0,5,557.9078,536.2307,0.0,0.0,0.0,0.065
95,entrada,0,0,557.9078,536.2307,0.0,0.0,0.0,0.0
95,saida,0,5,557.9078,536.2307,0.0,0.0,0.0,0.068
96,entrada,0,0,12381.5003,534.9949,9492.8316,2330.5748,0.0,0.0
96,melhoria,1,1,9844.7397,596.0585,5182.7385,4038.5549,0.0,0.001
96,melhoria,1,2,9841.9397,596.0585,5182.7385,4038.5549,0.0,0.002
96,melhoria,1,3,6188.2096,535.6814,3501.4103,2128.9217,0.0,0.005
96,melhoria,1,4,557.909,536.2307,0.0,0.0,0.0,0.005
96,saida,0,9,557.909,536.2307,0.0,0.0,0.0,0.067
96,entrada,0,0,557.909,536.2307,0.0,0.0,0.0,0.0
96,melhoria,3,3,557.7922,536.2307,0.0,0.0,0.0,0.045
96,saida,0,8,557.7922,536.2307,0.0,0.0,0.0,0.109
96,entrada,0,0,557.7922,536.2307,0.0,0.0,0.0,0.0
96,saida,0,5,557.7922,536.2307,0.0,0.0,0.0,0.062
96,entrada,0,0,557.7922,536.2307,0.0,0.0,0.0,0.0
96,saida,0,5,557.7922,536.2307,0.0,0.0,0.0,0.063
97,entrada,0,0,39800.5667,734.0545,19546.3199,19494.1021,0.0,0.0
97,melhoria,1,1,39652.5388,733.6426,19443.5022,19447.9659,0.0,0.001
97,melhoria,1,2,39599.6197,733.5526,19398.9314,19437.8859,0.0,0.004
97,melhoria,1,3,38150.637,709.7197,19718.591,17692.5512,0.0,0.005
97,melhoria,1,4,37898.5353,710.1316,19419.7769,17738.6873,0.0,0.008
97,melhoria,1,5,37702.182,710.1316,19112.8211,17851.9747,0.0,0.01
97,melhoria,1,6,37038.3476,710.1316,18449.0508,17851.9747,0.0,0.013
97,melhoria,1,7,33408.6649,710.1316,15859.9829,16814.7447,0.0,0.014
97,melhoria,2,9,33408.5659,710.1316,15859.9829,16814.7447,0.0,0.021
97,melhoria,3,12,33408.4498,710.1316,15859.9829,16814.7447,0.0,0.038
97,melhoria,3,15,33408.333,710.1316,15859.9829,16814.7447,0.0,0.05
97,melhoria,3,18,33408.1113,710.1316,15859.9829,16814.7447,0.0,0.065
97,melhoria,1,19,33259.8426,709.7197,15757.1652,16768.6086,0.0,0.066
97,melhoria,1,20,33258.9024,709.7197,15757.1652,16768.6086,0.0,0.067
97,melhoria,1,21,33257.9795,709.7197,15757.1652,16768.6086,0.0,0.073
97,melhoria,3,24,32908.2755,708.072,15593.2192,16584.0639,0.0,0.088
97,melhoria,3,27,32895.2897,706.4243,15766.0076,16399.5193,0.0,0.103
97,melhoria,1,28,32861.4563,706.4243,15730.3343,16399.5193,0.0,0.104
97,melhoria,3,31,32788.9246,706.4243,15657.5605,16399.5193,0.0,0.123
97,melhoria,3,34,32788.912,706.4243,15657.5605,16399.5193,0.0,0.145
97,melhoria,3,37,25689.2208,630.5427,17133.1213,7900.7813,0.0,0.156
97,melhoria,2,39,25631.2737,630.5427,17074.9957,7900.7813,0.0,0.164
97,melhoria,3,42,25320.9224,630.5427,16764.6614,7900.7813,0.0,0.186
97,melhoria,1,43,25289.355,630.5427,16671.3415,7959.9951,0.0,0.188
97,melhoria,2,45,25260.5291,629.5457,16671.3415,7932.0503,0.0,0.196
97,melhoria,2,47,25117.5841,629.5457,16671.3415,7789.1165,0.0,0.205
97,melhoria,2,49,25117.428,629.5457,16671.3415,7789.1165,0.0,0.213
97,melhoria,3,52,565.6464,538.9769,0.0,0.0,0.0,0.23
97,melhoria,1,53,563.1216,538.9769,0.0,0.0,0.0,0.237
97,melhoria,3,56,562.8146,538.9769,0.0,0.0,0.0,0.245
97,melhoria,2,58,559.8932,536.2307,0.0,0.0,0.0,0.255
97,melhoria,3,61,559.81,536.2307,0.0,0.0,0.0,0.292
97,melhoria,3,64,559.8035,536.2307,0.0,0.0,0.0,0.322
97,melhoria,3,67,559.6697,536.2307,0.0,0.0,0.0,0.343
97,saida,0,72,559.6697,536.2307,0.0,0.0,0.0,0.404
97,entrada,0,0,559.6697,536.2307,0.0,0.0,0.0,0.0
97,saida,0,5,559.6697,536.2307,0.0,0.0,0.0,0.067
97,entrada,0,0,559.6697,536.2307,0.0,0.0,0.0,0.0
97,saida,0,5,559.6697,536.2307,0.0,0.0,0.0,0.07
97,entrada,0,0,559.6697,536.2307,0.0,0.0,0.0,0.0
97,saida,0,5,559.6697,536.2307,0.0,0.0,0.0,0.063
98,entrada,0,0,21107.4046,544.6066,10705.6945,9829.897,0.0,0.0
98,melhoria,2,2,1826.6067,544.6066,1255.5214,0.0,0.0,0.007
98,melhoria,1,3,1823.8136,544.6066,1255.5214,0.0,0.0,0.007
98,melhoria,1,4,1822.8776,544.6066,1255.5214,0.0,0.0,0.007
98,melhoria,1,5,1707.8377,544.0574,1139.8514,0.0,0.0,0.008
98,melhoria,1,6,1644.9167,544.0574,1075.5904,0.0,0.0,0.01
98,melhoria,3,9,1180.4767,541.8604,612.9106,0.0,0.0,0.022
98,melhoria,3,12,1180.4523,541.8604,612.9106,0.0,0.0,0.033
98,melhoria,3,15,1180.1181,541.8604,612.9106,0.0,0.0,0.053
98,melhoria,1,16,994.2955,541.1738,427.8854,0.0,0.0,0.053
98,melhoria,1,17,992.7908,541.1738,427.8854,0.0,0.0,0.053
98,melhoria,3,20,905.5937,538.4276,342.4648,0.0,0.0,0.072
98,melhoria,2,22,905.3873,538.4276,342.4648,0.0,0.0,0.082
98,melhoria,3,25,905.3775,538.4276,342.4648,0.0,0.0,0.099
98,melhoria,3,28,648.2194,538.4276,85.4205,0.0,0.0,0.14
98,melhoria,3,31,648.142,538.4276,85.4205,0.0,0.0,0.148
98,melhoria,3,34,648.1362,538.4276,85.4205,0.0,0.0,0.168
98,melhoria,2,36,648.0053,538.4276,85.4205,0.0,0.0,0.178
98,melhoria,3,39,562.7582,538.4276,0.0,0.0,0.0,0.197
98,saida,0,44,562.7582,538.4276,0.0,0.0,0.0,0.26
98,entrada,0,0,562.7582,538.4276,0.0,0.0,0.0,0.0
98,melhoria,3,3,562.7005,538.4276,0.0,0.0,0.0,0.017
98,melhoria,1,4,562.251,538.9769,0.0,0.0,0.0,0.022
98,melhoria,1,5,561.3412,538.9769,0.0,0.0,0.0,0.023
98,melhoria,1,6,560.4467,538.9769,0.0,0.0,0.0,0.025
98,melhoria,1,7,560.1281,538.4276,0.0,0.0,0.0,0.027
98,melhoria,1,8,559.191,538.4276,0.0,0.0,0.0,0.031
98,melhoria,3,11,559.1086,538.4276,0.0,0.0,0.0,0.051
98,melhoria,3,14,557.6887,536.2307,0.0,0.0,0.0,0.064
98,saida,0,19,557.6887,536.2307,0.0,0.0,0.0,0.132
98,entrada,0,0,557.6887,536.2307,0.0,0.0,0.0,0.0
98,saida,0,5,557.6887,536.2307,0.0,0.0,0.0,0.075
98,entrada,0,0,557.6887,536.2307,0.0,0.0,0.0,0.0
98,saida,0,5,557.6887,536.2307,0.0,0.0,0.0,0.081
99,entrada,0,0,12381.5003,534.9949,9492.8316,2330.5748,0.0,0.0
99,melhoria,1,1,7503.9713,584.7427,4123.5736,2771.178,0.0,0.0
99,melhoria,1,2,2081.659,535.6814,1524.0298,0.0,0.0,0.002
99,melhoria,1,3,556.8723,536.2307,0.0,0.0,0.0,0.002
99,saida,0,8,556.8723,536.2307,0.0,0.0,0.0,0.068
99,entrada,0,0,556.8723,536.2307,0.0,0.0,0.0,0.0
99,saida,0,5,556.8723,536.2307,0.0,0.0,0.0,0.063
99,entrada,0,0,556.8723,536.2307,0.0,0.0,0.0,0.0
99,saida,0,5,556.8723,536.2307,0.0,0.0,0.0,0.063
99,entrada,0,0,556.8723,536.2307,0.0,0.0,0.0,0.0
99,saida,0,5,556.8723,536.2307,0.0,0.0,0.0,0.064
100,entrada,0,0,11964.2725,534.9949,9201.1506,2204.9947,0.0,0.0
100,melhoria,1,1,9756.5618,596.0585,5097.318,4038.5549,0.0,0.0
100,melhoria,1,2,4422.5151,482.8726,2991.0636,926.3129,0.0,0.002
100,melhoria,1,3,2179.6813,522.352,1632.7806,0.0,0.0,0.002
100,melhoria,1,4,2037.1266,522.1367,1488.1932,0.0,0.0,0.003
100,melhoria,3,7,2029.8902,514.9603,1488.1932,0.0,0.0,0.051
100,melhoria,3,10,2024.7301,509.943,1488.1932,0.0,0.0,0.059
100,melhoria,3,13,2024.7266,509.943,1488.1932,0.0,0.0,0.072
100,melhoria,3,16,2006.7365,492.1017,1488.1932,0.0,0.0,0.105
100,saida,0,21,2006.7365,492.1017,1488.1932,0.0,0.0,0.192
100,entrada,0,0,2006.7365,492.1017,1488.1932,0.0,0.0,0.0
100,melhoria,4,4,1986.5883,472.12,1488.1932,0.0,0.0,0.073
100,saida,0,9,1986.5883,472.12,1488.1932,0.0,0.0,0.135
101,entrada,0,0,12381.5003,534.9949,9492.8316,2330.5748,0.0,0.0
101,melhoria,1,1,9844.7397,596.0585,5182.7385,4038.5549,0.0,0.0
101,melhoria,1,2,9843.2329,596.0585,5182.7385,4038.5549,0.0,0.003
101,melhoria,1,3,7750.0656,535.6814,5060.6571,2128.9217,0.0,0.006
101,melhoria,1,4,560.4585,536.2307,0.0,0.0,0.0,0.006
101,melhoria,3,7,560.1368,536.2307,0.0,0.0,0.0,0.034
101,saida,0,12,560.1368,536.2307,0.0,0.0,0.0,0.108
101,entrada,0,0,560.1368,536.2307,0.0,0.0,0.0,0.0
101,saida,0,5,560.1368,536.2307,0.0,0.0,0.0,0.062
101,entrada,0,0,560.1368,536.2307,0.0,0.0,0.0,0.0
101,saida,0,5,560.1368,536.2307,0.0,0.0,0.0,0.07
101,entrada,0,0,560.1368,536.2307,0.0,0.0,0.0,0.0
101,saida,0,5,560.1368,536.2307,0.0,0.0,0.0,0.067
103,entrada,0,0,15982.34,573.6958,10066.9354,5308.1375,0.0,0.0
103,melhoria,1,1,6948.9238,574.1991,4753.4125,1590.3002,0.0,0.0
103,melhoria,1,2,6885.1654,574.1991,4689.1514,1590.3002,0.0,0.001
103,melhoria,1,3,6730.1379,574.7024,4479.2141,1646.6676,0.0,0.002
103,melhoria,1,4,6651.1502,574.7024,4398.8878,1646.6676,0.0,0.005
103,melhoria,1,5,1623.521,524.0563,1070.4962,0.0,0.0,0.007
103,melhoria,1,6,1622.1586,522.7108,1070.4962,0.0,0.0,0.008
103,melhoria,1,7,1619.7155,522.7108,1070.4962,0.0,0.0,0.014
103,melhoria,3,10,1615.4729,518.5189,1070.4962,0.0,0.0,0.031
103,melhoria,1,11,1579.1993,483.4586,1070.4962,0.0,0.0,0.035
103,melhoria,1,12,1577.3406,483.4586,1070.4962,0.0,0.0,0.035
103,melhoria,3,15,1577.0388,483.1596,1070.4962,0.0,0.0,0.047
103,melhoria,3,18,1255.9161,483.1596,749.1908,0.0,0.0,0.085
103,melhoria,3,21,1255.823,483.1596,749.1908,0.0,0.0,0.108
103,melhoria,3,24,1255.4166,482.9204,749.1908,0.0,0.0,0.125
103,melhoria,3,27,1245.1715,472.76,749.1908,0.0,0.0,0.163
103,melhoria,1,28,1038.6835,542.4096,471.5362,0.0,0.0,0.167
103,melhoria,1,29,1038.6764,542.4096,471.5362,0.0,0.0,0.167
103,melhoria,1,30,814.3524,541.7231,246.6224,0.0,0.0,0.169
103,melhoria,3,33,814.3425,541.7231,246.6224,0.0,0.0,0.189
103,melhoria,3,36,650.5144,538.9769,85.4205,0.0,0.0,0.197
103,melhoria,1,37,650.2757,539.6634,85.4205,0.0,0.0,0.199
103,melhoria,1,38,650.178,539.6634,85.4205,0.0,0.0,0.202
103,melhoria,1,39,650.0444,539.6634,85.4205,0.0,0.0,0.204
103,melhoria,1,40,648.8222,539.6634,85.4205,0.0,0.0,0.204
103,melhoria,1,41,647.6091,539.6634,85.4205,0.0,0.0,0.207
103,melhoria,3,44,647.416,539.6634,85.4205,0.0,0.0,0.224
103,melhoria,2,46,647.4074,539.6634,85.4205,0.0,0.0,0.232
103,melhoria,3,49,647.37,539.6634,85.4205,0.0,0.0,0.242
103,melhoria,3,52,647.3695,539.6634,85.4205,0.0,0.0,0.255
103,melhoria,3,55,562.2677,539.6634,0.0,0.0,0.0,0.276
103,melhoria,1,56,562.1709,539.6634,0.0,0.0,0.0,0.281
103,melhoria,3,59,558.677,536.2307,0.0,0.0,0.0,0.292
103,melhoria,3,62,558.6738,536.2307,0.0,0.0,0.0,0.3
103,melhoria,3,65,558.594,536.2307,0.0,0.0,0.0,0.339
103,melhoria,3,68,558.5917,536.2307,0.0,0.0,0.0,0.389
103,saida,0,73,558.5917,536.2307,0.0,0.0,0.0,0.453
103,entrada,0,0,558.5917,536.2307,0.0,0.0,0.0,0.0
103,saida,0,5,558.5917,536.2307,0.0,0.0,0.0,0.064
103,entrada,0,0,558.5917,536.2307,0.0,0.0,0.0,0.0
103,saida,0,5,558.5917,536.2307,0.0,0.0,0.0,0.065
103,entrada,0,0,558.5917,536.2307,0.0,0.0,0.0,0.0
103,saida,0,5,558.5917,536.2307,0.0,0.0,0.0,0.066
106,entrada,0,0,25610.5276,672.5199,12275.2583,12631.3365,0.0,0.0
106,melhoria,2,2,10737.6265,600.6754,5550.6216,4555.6504,0.0,0.009
106,melhoria,1,3,584.7373,535.3725,21.1594,0.0,0.0,0.011
106,saida,0,8,584.7373,535.3725,21.1594,0.0,0.0,0.079
106,entrada,0,0,584.7373,535.3725,21.1594,0.0,0.0,0.0
106,saida,0,5,584.7373,535.3725,21.1594,0.0,0.0,0.072
106,entrada,0,0,584.7373,535.3725,21.1594,0.0,0.0,0.0
106,saida,0,5,584.7373,535.3725,21.1594,0.0,0.0,0.071
106,entrada,0,0,584.7373,535.3725,21.1594,0.0,0.0,0.0
106,saida,0,5,584.7373,535.3725,21.1594,0.0,0.0,0.068
108,entrada,0,0,12381.5003,534.9949,9492.8316,2330.5748,0.0,0.0
108,melhoria,1,1,10103.1058,596.0585,5439.7829,4038.5549,0.0,0.0
108,melhoria,1,2,6213.077,535.6814,3522.5697,2128.9217,0.0,0.001
108,melhoria,1,3,646.634,536.2307,85.4205,0.0,0.0,0.002
108,melhoria,1,4,558.8223,536.2307,0.0,0.0,0.0,0.004
108,melhoria,3,7,558.6894,536.2307,0.0,0.0,0.0,0.055
108,melhoria,3,10,558.6884,536.2307,0.0,0.0,0.0,0.106
108,melhoria,3,13,558.5097,536.2307,0.0,0.0,0.0,0.147
108,saida,0,18,558.5097,536.2307,0.0,0.0,0.0,0.212
108,entrada,0,0,558.5097,536.2307,0.0,0.0,0.0,0.0
108,saida,0,5,558.5097,536.2307,0.0,0.0,0.0,0.069
108,entrada,0,0,558.5097,536.2307,0.0,0.0,0.0,0.0
108,saida,0,5,558.5097,536.2307,0.0,0.0,0.0,0.071
108,entrada,0,0,558.5097,536.2307,0.0,0.0,0.0,0.0
108,saida,0,5,558.5097,536.2307,0.0,0.0,0.0,0.065
110,entrada,0,0,25386.0327,670.0483,12365.2239,12325.4074,0.0,0.0
110,melhoria,1,1,24877.5634,667.5767,12133.884,12048.5904,0.0,0.002
110,melhoria,1,2,2366.278,534.1367,1809.4986,0.0,0.0,0.007
110,melhoria,1,3,2356.2213,523.0995,1809.4986,0.0,0.0,0.011
110,melhoria,3,6,2349.1208,516.0593,1809.4986,0.0,0.0,0.069
110,melhoria,1,7,2313.9894,483.1716,1809.4986,0.0,0.0,0.07
110,melhoria,1,8,581.754,538.4276,21.1594,0.0,0.0,0.073
110,melhoria,3,11,581.7108,538.4276,21.1594,0.0,0.0,0.095
110,saida,0,16,581.7108,538.4276,21.1594,0.0,0.0,0.166
110,entrada,0,0,581.7108,538.4276,21.1594,0.0,0.0,0.0
110,saida,0,5,581.7108,538.4276,21.1594,0.0,0.0,0.063
110,entrada,0,0,581.7108,538.4276,21.1594,0.0,0.0,0.0
110,saida,0,5,581.7108,538.4276,21.1594,0.0,0.0,0.068
110,entrada,0,0,581.7108,538.4276,21.1594,0.0,0.0,0.0
110,saida,0,5,581.7108,538.4276,21.1594,0.0,0.0,0.068
111,entrada,0,0,1825.8148,544.6066,1255.5214,0.0,0.0,0.0
111,melhoria,1,1,1822.4382,544.6066,1255.5214,0.0,0.0,0.0
111,melhoria,1,2,1820.8019,544.6066,1255.5214,0.0,0.0,0.002
111,melhoria,1,3,1820.299,544.6066,1255.5214,0.0,0.0,0.005
111,melhoria,1,4,1677.962,544.6066,1110.934,0.0,0.0,0.005
111,melhoria,1,5,1677.0594,544.6066,1110.934,0.0,0.0,0.01
111,melhoria,1,6,1417.7551,543.3708,850.6766,0.0,0.0,0.011
111,melhoria,3,9,735.7973,541.1738,170.8411,0.0,0.0,0.027
111,melhoria,1,10,734.9272,541.1738,170.8411,0.0,0.0,0.033
111,melhoria,2,12,734.76,541.1738,170.8411,0.0,0.0,0.04
111,melhoria,1,13,672.0048,540.6246,106.58,0.0,0.0,0.046
111,melhoria,2,15,671.9351,540.6246,106.58,0.0,0.0,0.052
111,melhoria,2,17,671.8176,540.6246,106.58,0.0,0.0,0.06
111,melhoria,3,20,586.4913,540.6246,21.1594,0.0,0.0,0.076
111,melhoria,3,23,563.243,538.4276,0.0,0.0,0.0,0.101
111,saida,0,28,563.243,538.4276,0.0,0.0,0.0,0.166
111,entrada,0,0,563.243,538.4276,0.0,0.0,0.0,0.0
111,melhoria,3,3,562.5552,538.4276,0.0,0.0,0.0,0.04
111,melhoria,1,4,561.7963,538.4276,0.0,0.0,0.0,0.048
111,melhoria,3,7,561.7794,538.4276,0.0,0.0,0.0,0.081
111,melhoria,3,10,561.7104,538.4276,0.0,0.0,0.0,0.094
111,melhoria,1,11,561.6145,538.4276,0.0,0.0,0.0,0.095
111,saida,0,16,561.6145,538.4276,0.0,0.0,0.0,0.159
111,entrada,0,0,561.6145,538.4276,0.0,0.0,0.0,0.0
111,saida,0,5,561.6145,538.4276,0.0,0.0,0.0,0.079
111,entrada,0,0,561.6145,538.4276,0.0,0.0,0.0,0.0
111,melhoria,3,3,561.5922,538.4276,0.0,0.0,0.0,0.057
111,melhoria,3,6,561.4896,538.4276,0.0,0.0,0.0,0.089
111,melhoria,2,8,561.4147,538.4276,0.0,0.0,0.0,0.096
111,melhoria,3,11,561.272,538.4276,0.0,0.0,0.0,0.134
111,saida,0,16,561.272,538.4276,0.0,0.0,0.0,0.197
112,entrada,0,0,20191.87,534.9949,10085.9483,9544.5856,0.0,0.0
112,melhoria,1,1,15899.5271,625.7758,7878.8575,7366.8927,0.0,0.0
112,melhoria,1,2,15863.5454,620.3843,8449.8034,6763.0447,0.0,0.001
112,melhoria,1,3,15720.7869,620.3843,8305.216,6763.0447,0.0,0.002
112,melhoria,1,4,15719.8535,620.3843,8305.216,6763.0447,0.0,0.003
112,melhoria,1,5,15717.9869,620.3843,8305.216,6763.0447,0.0,0.006
112,melhoria,1,6,7549.8343,532.655,4749.1509,2240.9217,0.0,0.008
112,melhoria,1,7,1713.8532,532.655,1154.1406,0.0,0.0,0.01
112,melhoria,1,8,1068.0175,532.7667,508.2117,0.0,0.0,0.014
112,melhoria,1,9,1066.5076,532.7667,508.2117,0.0,0.0,0.016
112,melhoria,3,12,1026.2246,492.8224,508.2117,0.0,0.0,0.038
112,melhoria,1,13,1025.2856,492.8224,508.2117,0.0,0.0,0.04
112,melhoria,1,14,1024.4296,492.8224,508.2117,0.0,0.0,0.044
112,melhoria,1,15,721.5232,510.3595,186.9063,0.0,0.0,0.048
112,melhoria,1,16,720.0133,510.3595,186.9063,0.0,0.0,0.049
112,melhoria,2,18,719.8718,510.3595,186.9063,0.0,0.0,0.056
112,melhoria,2,20,719.8645,510.3595,186.9063,0.0,0.0,0.066
112,melhoria,3,23,701.8597,492.5035,186.9063,0.0,0.0,0.077
112,melhoria,3,26,701.7269,492.5035,186.9063,0.0,0.0,0.09
112,melhoria,3,29,701.3983,492.1048,186.9063,0.0,0.0,0.103
112,melhoria,3,32,701.396,492.1048,186.9063,0.0,0.0,0.129
112,melhoria,3,35,692.3882,483.1716,186.9063,0.0,0.0,0.18
112,melhoria,3,38,692.2352,483.2194,186.9063,0.0,0.0,0.193
112,melhoria,4,42,691.0106,482.005,186.9063,0.0,0.0,0.257
112,melhoria,1,43,470.4961,428.6246,21.1594,0.0,0.0,0.261
112,melhoria,3,46,470.4634,428.6246,21.1594,0.0,0.0,0.273
112,melhoria,3,49,470.3774,428.6246,21.1594,0.0,0.0,0.292
112,saida,0,54,470.3774,428.6246,21.1594,0.0,0.0,0.352
113,entrada,0,0,11968.0059,534.9949,9201.1506,2204.9947,0.0,0.0
113,melhoria,1,1,7542.6327,585.3239,4092.5571,2836.2769,0.0,0.0
113,melhoria,1,2,6398.9325,536.2307,3595.0103,2240.9217,0.0,0.001
113,melhoria,1,3,564.8087,536.2307,0.0,0.0,0.0,0.001
113,melhoria,1,4,563.8753,536.2307,0.0,0.0,0.0,0.001
113,melhoria,1,5,562.942,536.2307,0.0,0.0,0.0,0.009
113,melhoria,3,8,562.9257,536.2307,0.0,0.0,0.0,0.052
113,melhoria,3,11,562.6369,536.2307,0.0,0.0,0.0,0.107
113,melhoria,1,12,560.151,536.2307,0.0,0.0,0.0,0.109
113,melhoria,1,13,557.8125,536.2307,0.0,0.0,0.0,0.111
113,melhoria,2,15,557.6887,536.2307,0.0,0.0,0.0,0.12
113,saida,0,20,557.6887,536.2307,0.0,0.0,0.0,0.183
113,entrada,0,0,557.6887,536.2307,0.0,0.0,0.0,0.0
113,saida,0,5,557.6887,536.2307,0.0,0.0,0.0,0.069
113,entrada,0,0,557.6887,536.2307,0.0,0.0,0.0,0.0
113,saida,0,5,557.6887,536.2307,0.0,0.0,0.0,0.068
113,entrada,0,0,557.6887,536.2307,0.0,0.0,0.0,0.0
113,saida,0,5,557.6887,536.2307,0.0,0.0,0.0,0.064
114,entrada,0,0,12381.5003,534.9949,9492.8316,2330.5748,0.0,0.0
114,melhoria,1,1,5900.1261,541.1738,4166.4261,1169.2421,0.0,0.0
114,melhoria,1,2,2031.1819,539.6291,1467.0337,0.0,0.0,0.001
114,melhoria,1,3,2031.1759,539.6291,1467.0337,0.0,0.0,0.003
114,melhoria,3,6,2028.8058,536.8829,1467.0337,0.0,0.0,0.028
114,melhoria,3,9,2028.8003,536.8829,1467.0337,0.0,0.0,0.051
114,melhoria,3,12,2028.7718,536.8829,1467.0337,0.0,0.0,0.061
114,melhoria,3,15,2028.6563,536.8829,1467.0337,0.0,0.0,0.093
114,melhoria,3,18,2028.6521,536.8829,1467.0337,0.0,0.0,0.116
114,melhoria,3,21,2025.8779,534.1367,1467.0337,0.0,0.0,0.138
114,melhoria,1,22,2025.8758,534.1367,1467.0337,0.0,0.0,0.139
114,melhoria,1,23,2025.8735,534.1367,1467.0337,0.0,0.0,0.144
114,melhoria,1,24,2025.8727,534.1367,1467.0337,0.0,0.0,0.146
114,melhoria,3,27,2025.7906,534.1367,1467.0337,0.0,0.0,0.156
114,saida,0,32,2025.7906,534.1367,1467.0337,0.0,0.0,0.225
114,entrada,0,0,2025.7906,534.1367,1467.0337,0.0,0.0,0.0
114,saida,0,5,2025.7906,534.1367,1467.0337,0.0,0.0,0.069
115,entrada,0,0,25825.3477,668.6752,12959.6388,12171.6202,0.0,0.0
115,melhoria,1,1,25599.6797,667.5767,12856.8211,12048.5904,0.0,0.0
115,melhoria,1,2,24536.9739,667.5767,11791.4191,12048.5904,0.0,0.003
115,melhoria,1,3,2031.1759,539.6291,1467.0337,0.0,0.0,0.009
115,melhoria,3,6,2028.8563,536.8829,1467.0337,0.0,0.0,0.035
115,melhoria,3,9,2028.8058,536.8829,1467.0337,0.0,0.0,0.089
115,melhoria,3,12,2028.3871,536.8829,1467.0337,0.0,0.0,0.097
115,melhoria,3,15,2025.792,534.1367,1467.0337,0.0,0.0,0.116
115,saida,0,20,2025.792,534.1367,1467.0337,0.0,0.0,0.185
115,entrada,0,0,2025.792,534.1367,1467.0337,0.0,0.0,0.0
115,saida,0,5,2025.792,534.1367,1467.0337,0.0,0.0,0.07
116,entrada,0,0,12383.9848,534.9949,9492.8316,2330.5748,0.0,0.0
116,melhoria,1,1,9844.4243,596.0585,5182.7385,4038.5549,0.0,0.001
116,melhoria,1,2,9843.131,596.0585,5182.7385,4038.5549,0.0,0.004
116,melhoria,1,3,9780.2131,596.0585,5118.4775,4038.5549,0.0,0.006
116,melhoria,3,6,588.7593,540.4886,21.1594,0.0,0.0,0.018
116,melhoria,3,9,586.4625,538.4276,21.1594,0.0,0.0,0.029
116,melhoria,3,12,565.6957,538.4276,0.0,0.0,0.0,0.061
116,melhoria,1,13,564.7845,538.4276,0.0,0.0,0.0,0.065
116,melhoria,1,14,563.9521,538.4276,0.0,0.0,0.0,0.066
116,melhoria,1,15,563.4753,538.9769,0.0,0.0,0.0,0.068
116,melhoria,1,16,562.808,538.4276,0.0,0.0,0.0,0.068
116,melhoria,3,19,561.3868,536.2307,0.0,0.0,0.0,0.101
116,melhoria,3,22,561.1284,536.2307,0.0,0.0,0.0,0.119
116,melhoria,3,25,561.1279,536.2307,0.0,0.0,0.0,0.156
116,saida,0,30,561.1279,536.2307,0.0,0.0,0.0,0.221
116,entrada,0,0,561.1279,536.2307,0.0,0.0,0.0,0.0
116,saida,0,5,561.1279,536.2307,0.0,0.0,0.0,0.066
116,entrada,0,0,561.1279,536.2307,0.0,0.0,0.0,0.0
116,saida,0,5,561.1279,536.2307,0.0,0.0,0.0,0.068
116,entrada,0,0,561.1279,536.2307,0.0,0.0,0.0,0.0
116,saida,0,5,561.1279,536.2307,0.0,0.0,0.0,0.062
117,entrada,0,0,25398.133,671.7647,12183.4117,12517.6414,0.0,0.0
117,melhoria,1,1,24535.952,667.5767,11791.4191,12048.5904,0.0,0.003
117,melhoria,3,4,23628.6822,663.1828,11380.1482,11556.4714,0.0,0.025
117,melhoria,3,7,23628.5615,663.1828,11380.1482,11556.4714,0.0,0.059
117,melhoria,4,11,16066.8994,626.5846,7954.5611,7457.4783,0.0,0.116
117,melhoria,3,14,16066.7826,626.5846,7954.5611,7457.4783,0.0,0.132
117,melhoria,1,15,16064.1768,626.5846,7954.5611,7457.4783,0.0,0.133
117,melhoria,2,17,15656.3696,622.4005,8019.2888,6988.8524,0.0,0.142
117,melhoria,1,18,15202.0643,622.4005,7562.9238,6988.8524,0.0,0.145
117,melhoria,1,19,14595.6627,619.4585,7287.5537,6659.3498,0.0,0.145
117,melhoria,3,22,14595.5706,619.4585,7287.5537,6659.3498,0.0,0.159
117,melhoria,3,25,14595.45,619.4585,7287.5537,6659.3498,0.0,0.203
117,melhoria,1,26,14587.8225,618.4124,7394.9209,6542.1933,0.0,0.207
117,melhoria,1,27,14586.7935,618.4124,7394.9209,6542.1933,0.0,0.208
117,melhoria,1,28,14584.0862,618.4124,7394.9209,6542.1933,0.0,0.209
117,melhoria,3,31,12896.3187,610.2403,6630.0041,5626.9083,0.0,0.224
117,melhoria,3,34,12896.1681,610.2403,6630.0041,5626.9083,0.0,0.234
117,melhoria,3,37,12896.1634,610.2403,6630.0041,5626.9083,0.0,0.256
117,melhoria,3,40,12896.0465,610.2403,6630.0041,5626.9083,0.0,0.301
117,melhoria,3,43,12690.5887,610.2403,6424.7276,5626.9083,0.0,0.316
117,melhoria,3,46,12690.4972,610.2403,6424.7276,5626.9083,0.0,0.335
117,melhoria,3,49,12690.4894,610.2403,6424.7276,5626.9083,0.0,0.376
117,melhoria,3,52,12690.3907,610.2403,6424.7276,5626.9083,0.0,0.421
117,melhoria,3,55,12690.2512,610.2403,6424.7276,5626.9083,0.0,0.478
117,saida,0,60,12690.2512,610.2403,6424.7276,5626.9083,0.0,0.547
117,entrada,0,0,12690.2512,610.2403,6424.7276,5626.9083,0.0,0.0
117,saida,0,5,12690.2512,610.2403,6424.7276,5626.9083,0.0,0.072
117,entrada,0,0,34495.6078,700.8744,16375.1152,17394.895,0.0,0.0
117,melhoria,1,1,34495.0328,700.8744,16375.1152,17394.895,0.0,0.001
117,melhoria,1,2,34494.0995,700.8744,16375.1152,17394.895,0.0,0.001
117,melhoria,1,3,34492.5895,700.8744,16375.1152,17394.895,0.0,0.002
117,melhoria,1,4,34492.0145,700.8744,16375.1152,17394.895,0.0,0.004
117,melhoria,1,5,34491.0812,700.8744,16375.1152,17394.895,0.0,0.005
117,melhoria,3,8,33277.6276,695.382,16089.0167,16472.1718,0.0,0.012
117,melhoria,1,9,32728.6428,695.382,15539.7212,16472.1718,0.0,0.013
117,melhoria,3,12,32728.4776,695.382,15539.7212,16472.1718,0.0,0.029
117,melhoria,1,13,32288.9324,694.0089,15330.8727,16241.491,0.0,0.029
117,melhoria,1,14,32287.5508,694.0089,15330.8727,16241.491,0.0,0.034
117,melhoria,3,17,30888.5174,689.615,14673.9975,15503.3124,0.0,0.045
117,melhoria,1,18,30877.4186,689.615,14662.5575,15503.3124,0.0,0.049
117,melhoria,1,19,30537.6418,688.5165,14506.9187,15318.7678,0.0,0.053
117,melhoria,1,20,30526.8544,688.5165,14495.4787,15318.7678,0.0,0.053
117,melhoria,1,21,30524.6791,688.5165,14495.4787,15318.7678,0.0,0.056
117,melhoria,1,22,30348.7292,687.1434,14550.2051,15088.087,0.0,0.058
117,melhoria,1,23,30348.1014,687.1434,14548.6451,15088.087,0.0,0.063
117,melhoria,3,26,30085.9738,687.1434,14286.6301,15088.087,0.0,0.071
117,melhoria,1,27,30085.0413,687.1434,14286.6301,15088.087,0.0,0.077
117,melhoria,3,30,30084.8794,687.1434,14286.6301,15088.087,0.0,0.084
117,melhoria,3,33,28977.6638,682.7495,13921.4912,14349.9084,0.0,0.092
117,melhoria,1,34,28625.8537,681.651,13754.4124,14165.3638,0.0,0.097
117,melhoria,3,37,28625.8472,681.651,13754.4124,14165.3638,0.0,0.106
117,melhoria,3,40,27110.1505,677.2571,12981.1481,13427.1852,0.0,0.113
117,melhoria,3,43,26911.4455,677.2571,12782.9209,13427.1852,0.0,0.138
117,melhoria,3,46,26911.3286,677.2571,12782.9209,13427.1852,0.0,0.173
117,melhoria,3,49,26600.1149,672.8631,13043.4794,12858.9122,0.0,0.188
117,melhoria,1,50,25657.4811,670.0483,12635.0129,12325.4074,0.0,0.188
117,melhoria,1,51,25387.5561,670.0483,12365.2239,12325.4074,0.0,0.189
117,melhoria,1,52,25386.0394,670.0483,12365.2239,12325.4074,0.0,0.193
117,melhoria,3,55,25385.8905,670.0483,12365.2239,12325.4074,0.0,0.234
117,melhoria,1,56,25385.3072,670.0483,12365.2239,12325.4074,0.0,0.237
117,melhoria,3,59,25385.249,670.0483,12365.2239,12325.4074,0.0,0.251
117,melhoria,3,62,25385.1906,670.0483,12365.2239,12325.4074,0.0,0.3
117,melhoria,1,63,13725.7132,595.1256,9172.6293,3934.0659,0.0,0.304
117,melhoria,3,66,12638.0076,595.1256,8084.9183,3934.0659,0.0,0.322
117,melhoria,3,69,11372.4015,595.1256,6819.4937,3934.0659,0.0,0.341
117,melhoria,3,72,11372.3172,595.1256,6819.4937,3934.0659,0.0,0.358
117,melhoria,3,75,2370.2849,537.5695,1809.4986,0.0,0.0,0.386
117,melhoria,1,76,2368.4145,537.5695,1809.4986,0.0,0.0,0.388
117,melhoria,3,79,2368.3279,537.5695,1809.4986,0.0,0.0,0.426
117,melhoria,3,82,2368.1695,537.5695,1809.4986,0.0,0.0,0.445
117,melhoria,1,83,2366.3229,537.5695,1809.4986,0.0,0.0,0.447
117,saida,0,88,2366.3229,537.5695,1809.4986,0.0,0.0,0.511
118,entrada,0,0,8265.5683,536.2307,4446.3705,3259.6433,0.0,0.0
118,melhoria,1,1,3196.4709,536.2307,2637.1976,0.0,0.0,0.001
118,melhoria,1,2,2063.6993,536.2307,1501.9717,0.0,0.0,0.002
118,melhoria,1,3,647.1051,536.2307,85.4205,0.0,0.0,0.01
118,melhoria,3,6,646.7923,536.2307,85.4205,0.0,0.0,0.024
118,melhoria,1,7,644.0016,536.2307,85.4205,0.0,0.0,0.028
118,melhoria,3,10,643.9329,536.2307,85.4205,0.0,0.0,0.052
118,melhoria,2,12,643.9244,536.2307,85.4205,0.0,0.0,0.059
118,melhoria,3,15,558.8424,536.2307,0.0,0.0,0.0,0.104
118,melhoria,2,17,558.8351,536.2307,0.0,0.0,0.0,0.112
118,melhoria,3,20,558.8052,536.2307,0.0,0.0,0.0,0.15
118,melhoria,3,23,558.7137,536.2307,0.0,0.0,0.0,0.177
118,melhoria,1,24,557.7736,536.2307,0.0,0.0,0.0,0.179
118,melhoria,3,27,557.6887,536.2307,0.0,0.0,0.0,0.204
118,saida,0,32,557.6887,536.2307,0.0,0.0,0.0,0.276
118,entrada,0,0,557.6887,536.2307,0.0,0.0,0.0,0.0
118,saida,0,5,557.6887,536.2307,0.0,0.0,0.0,0.063
118,entrada,0,0,557.6887,536.2307,0.0,0.0,0.0,0.0
118,saida,0,5,557.6887,536.2307,0.0,0.0,0.0,0.063
118,entrada,0,0,557.6887,536.2307,0.0,0.0,0.0,0.0
118,saida,0,5,557.6887,536.2307,0.0,0.0,0.0,0.067
119,entrada,0,0,1872.8263,538.4276,1311.6022,0.0,0.0,0.0
119,melhoria,1,1,1872.2438,539.6634,1311.6022,0.0,0.0,0.001
119,melhoria,1,2,727.912,539.6634,165.7469,0.0,0.0,0.001
119,melhoria,1,3,647.8083,538.9769,85.4205,0.0,0.0,0.004
119,melhoria,1,4,584.9021,538.9769,21.1594,0.0,0.0,0.011
119,melhoria,3,7,584.8793,538.9769,21.1594,0.0,0.0,0.025
119,melhoria,3,10,582.0022,536.2307,21.1594,0.0,0.0,0.044
119,melhoria,3,13,581.6683,536.2307,21.1594,0.0,0.0,0.081
119,melhoria,1,14,580.729,536.2307,21.1594,0.0,0.0,0.083
119,melhoria,1,15,578.309,536.2307,21.1594,0.0,0.0,0.087
119,melhoria,3,18,557.7223,536.2307,0.0,0.0,0.0,0.109
119,melhoria,3,21,556.8704,536.2307,0.0,0.0,0.0,0.136
119,saida,0,26,556.8704,536.2307,0.0,0.0,0.0,0.199
120,entrada,0,0,2398.8824,534.9949,1271.6199,565.6449,0.0,0.0
120,melhoria,1,1,726.9536,536.2307,165.7469,0.0,0.0,0.004
120,melhoria,1,2,559.7205,536.2307,0.0,0.0,0.0,0.006
120,melhoria,1,3,557.8984,536.2307,0.0,0.0,0.0,0.008
120,saida,0,8,557.8984,536.2307,0.0,0.0,0.0,0.072
120,entrada,0,0,557.8984,536.2307,0.0,0.0,0.0,0.0
120,melhoria,3,3,557.782,536.2307,0.0,0.0,0.0,0.034
120,saida,0,8,557.782,536.2307,0.0,0.0,0.0,0.104
120,entrada,0,0,557.782,536.2307,0.0,0.0,0.0,0.0
120,saida,0,5,557.782,536.2307,0.0,0.0,0.0,0.061
120,entrada,0,0,557.782,536.2307,0.0,0.0,0.0,0.0
120,saida,0,5,557.782,536.2307,0.0,0.0,0.0,0.069
121,entrada,0,0,2374.0057,534.9949,1250.4604,565.6449,0.0,0.0
121,melhoria,1,1,556.8704,536.2307,0.0,0.0,0.0,0.002
121,saida,0,6,556.8704,536.2307,0.0,0.0,0.0,0.073
121,entrada,0,0,556.8704,536.2307,0.0,0.0,0.0,0.0
121,saida,0,5,556.8704,536.2307,0.0,0.0,0.0,0.063
121,entrada,0,0,556.8704,536.2307,0.0,0.0,0.0,0.0
121,saida,0,5,556.8704,536.2307,0.0,0.0,0.0,0.072
121,entrada,0,0,556.8704,536.2307,0.0,0.0,0.0,0.0
121,saida,0,5,556.8704,536.2307,0.0,0.0,0.0,0.065
122,entrada,0,0,15835.7943,538.4276,7936.9945,7336.0381,0.0,0.0
122,melhoria,1,1,13949.1168,607.5442,7986.4856,5324.9497,0.0,0.0
122,melhoria,1,2,13945.8911,607.5442,7986.4856,5324.9497,0.0,0.001
122,melhoria,1,3,13484.2906,608.924,7368.7005,5479.4862,0.0,0.002
122,melhoria,1,4,13294.8769,608.3107,7247.0402,5410.8033,0.0,0.003
122,melhoria,1,5,13293.4427,608.3107,7247.0402,5410.8033,0.0,0.003
122,melhoria,1,6,12943.7432,608.3107,6896.9248,5410.8033,0.0,0.004
122,melhoria,1,7,3971.3545,538.4276,2880.0812,525.9528,0.0,0.009
122,melhoria,1,8,2961.5643,538.4276,2395.3064,0.0,0.0,0.01
122,melhoria,1,9,2729.4163,539.6634,2164.0637,0.0,0.0,0.012
122,melhoria,1,10,2380.2547,539.6634,1812.6477,0.0,0.0,0.014
122,melhoria,1,11,2378.4296,539.6634,1812.6477,0.0,0.0,0.016
122,melhoria,1,12,2377.9423,539.6634,1812.6477,0.0,0.0,0.018
122,melhoria,1,13,2376.0756,539.6634,1812.6477,0.0,0.0,0.022
122,melhoria,1,14,1666.1668,539.6634,1100.6089,0.0,0.0,0.025
122,melhoria,1,15,1119.0362,539.6634,551.3134,0.0,0.0,0.032
122,melhoria,1,16,1118.1029,539.6634,551.3134,0.0,0.0,0.036
122,melhoria,2,18,1118.0904,539.6634,551.3134,0.0,0.0,0.044
122,melhoria,2,20,1118.0311,539.6634,551.3134,0.0,0.0,0.052
122,melhoria,2,22,1117.9899,539.6634,551.3134,0.0,0.0,0.059
122,melhoria,2,24,1117.9774,539.6634,551.3134,0.0,0.0,0.067
122,melhoria,3,27,1105.4236,542.4096,535.7973,0.0,0.0,0.079
122,melhoria,1,28,1104.5691,542.4096,535.7973,0.0,0.0,0.083
122,melhoria,1,29,1104.062,542.4096,535.7973,0.0,0.0,0.085
122,melhoria,1,30,1104.0578,542.4096,535.7973,0.0,0.0,0.087
122,melhoria,1,31,1103.1245,542.4096,535.7973,0.0,0.0,0.089
122,melhoria,1,32,959.2612,541.7231,391.2099,0.0,0.0,0.092
122,melhoria,2,34,959.1293,541.7231,391.2099,0.0,0.0,0.1
122,melhoria,2,36,959.0519,541.7231,391.2099,0.0,0.0,0.108
122,melhoria,1,37,958.4585,541.7231,391.2099,0.0,0.0,0.11
122,melhoria,1,38,957.4499,541.7231,391.2099,0.0,0.0,0.115
122,melhoria,3,41,957.4434,541.7231,391.2099,0.0,0.0,0.124
122,melhoria,3,44,793.3555,538.9769,230.008,0.0,0.0,0.144
122,melhoria,1,45,792.7555,538.9769,230.008,0.0,0.0,0.146
122,melhoria,3,48,792.6932,538.9769,230.008,0.0,0.0,0.185
122,melhoria,1,49,730.8941,538.4276,165.7469,0.0,0.0,0.188
122,melhoria,1,50,729.0525,538.4276,165.7469,0.0,0.0,0.189
122,melhoria,1,51,728.3583,539.6634,165.7469,0.0,0.0,0.189
122,melhoria,1,52,726.8417,539.6634,165.7469,0.0,0.0,0.193
122,melhoria,3,55,726.7396,539.6634,165.7469,0.0,0.0,0.221
122,melhoria,1,56,646.7218,538.9769,85.4205,0.0,0.0,0.222
122,melhoria,1,57,646.1515,538.9769,85.4205,0.0,0.0,0.227
122,melhoria,1,58,582.3821,538.4276,21.1594,0.0,0.0,0.23
122,melhoria,1,59,580.8655,538.4276,21.1594,0.0,0.0,0.233
122,melhoria,3,62,560.1283,538.4276,0.0,0.0,0.0,0.244
122,melhoria,3,65,560.0416,538.4276,0.0,0.0,0.0,0.287
122,melhoria,3,68,559.8823,538.4276,0.0,0.0,0.0,0.304
122,melhoria,3,71,559.8311,538.4276,0.0,0.0,0.0,0.315
122,melhoria,3,74,559.7481,538.4276,0.0,0.0,0.0,0.339
122,melhoria,3,77,557.6887,536.2307,0.0,0.0,0.0,0.39
122,saida,0,82,557.6887,536.2307,0.0,0.0,0.0,0.46
122,entrada,0,0,557.6887,536.2307,0.0,0.0,0.0,0.0
122,saida,0,5,557.6887,536.2307,0.0,0.0,0.0,0.067
122,entrada,0,0,557.6887,536.2307,0.0,0.0,0.0,0.0
122,saida,0,5,557.6887,536.2307,0.0,0.0,0.0,0.075
122,entrada,0,0,557.6887,536.2307,0.0,0.0,0.0,0.0
122,saida,0,5,557.6887,536.2307,0.0,0.0,0.0,0.076
126,entrada,0,0,2895.2332,535.5441,1687.5829,646.6489,0.0,0.0
126,melhoria,1,1,1631.2841,534.6859,1070.4962,0.0,0.0,0.0
126,melhoria,1,2,1629.4379,534.6859,1070.4962,0.0,0.0,0.003
126,melhoria,3,5,1308.4898,534.6859,749.1908,0.0,0.0,0.033
126,melhoria,3,8,1308.3569,534.6859,749.1908,0.0,0.0,0.044
126,melhoria,3,11,1308.1989,534.6859,749.1908,0.0,0.0,0.09
126,melhoria,3,14,1308.1757,534.6859,749.1908,0.0,0.0,0.121
126,melhoria,3,17,1307.997,534.6859,749.1908,0.0,0.0,0.166
126,saida,0,22,1307.997,534.6859,749.1908,0.0,0.0,0.234
126,entrada,0,0,1307.997,534.6859,749.1908,0.0,0.0,0.0
126,saida,0,5,1307.997,534.6859,749.1908,0.0,0.0,0.069
127,entrada,0,0,23108.427,580.4948,15328.3642,7165.6997,0.0,0.0
127,melhoria,3,3,16938.7076,577.1209,9539.9589,6787.8314,0.0,0.017
127,melhoria,3,6,11652.2597,533.5271,6215.1999,4870.2873,0.0,0.026
127,melhoria,1,7,9786.9104,596.0585,5118.4775,4038.5549,0.0,0.031
127,melhoria,1,8,9784.6931,596.0585,5118.4775,4038.5549,0.0,0.032
127,melhoria,1,9,9783.3979,596.0585,5118.4775,4038.5549,0.0,0.032
127,melhoria,1,10,9780.9696,596.0585,5118.4775,4038.5549,0.0,0.036
127,melhoria,1,11,9778.1696,596.0585,5118.4775,4038.5549,0.0,0.037
127,melhoria,3,14,9742.1248,593.6702,5351.2957,3771.0631,0.0,0.046
127,melhoria,1,15,9351.629,593.6702,4959.1918,3771.0631,0.0,0.05
127,melhoria,3,18,9266.0997,593.6702,4873.7713,3771.0631,0.0,0.06
127,melhoria,3,21,9265.9951,593.6702,4873.7713,3771.0631,0.0,0.075
127,melhoria,3,24,563.2381,536.2307,0.0,0.0,0.0,0.094
127,melhoria,1,25,560.9148,536.2307,0.0,0.0,0.0,0.094
127,melhoria,2,27,560.6838,536.2307,0.0,0.0,0.0,0.102
127,melhoria,3,30,560.611,536.2307,0.0,0.0,0.0,0.118
127,saida,0,35,560.611,536.2307,0.0,0.0,0.0,0.181
127,entrada,0,0,560.611,536.2307,0.0,0.0,0.0,0.0
127,saida,0,5,560.611,536.2307,0.0,0.0,0.0,0.071
127,entrada,0,0,560.611,536.2307,0.0,0.0,0.0,0.0
127,melhoria,3,3,560.5823,536.2307,0.0,0.0,0.0,0.019
127,melhoria,3,6,560.578,536.2307,0.0,0.0,0.0,0.058
127,saida,0,11,560.578,536.2307,0.0,0.0,0.0,0.121
127,entrada,0,0,560.578,536.2307,0.0,0.0,0.0,0.0
127,saida,0,5,560.578,536.2307,0.0,0.0,0.0,0.067
128,entrada,0,0,17059.6795,541.1738,8492.8124,7999.327,0.0,0.0
128,melhoria,1,1,16407.0192,627.8268,8156.249,7596.6016,0.0,0.001
128,melhoria,1,2,16344.1138,627.8268,8091.9879,7596.6016,0.0,0.005
128,melhoria,2,4,15645.5928,623.6426,7866.0974,7127.9757,0.0,0.013
128,melhoria,1,5,15430.6803,622.5966,7768.1881,7010.8192,0.0,0.019
128,melhoria,1,6,14824.9639,619.6546,7492.8181,6681.3166,0.0,0.022
128,melhoria,3,9,14659.643,619.6546,7327.0712,6681.3166,0.0,0.033
128,melhoria,1,10,14656.8253,619.6546,7327.0712,6681.3166,0.0,0.039
128,melhoria,3,13,14656.7967,619.6546,7327.0712,6681.3166,0.0,0.056
128,melhoria,3,16,13771.3657,615.4705,6914.2744,6212.6907,0.0,0.083
128,melhoria,1,17,13579.6093,614.4244,6837.5245,6095.5342,0.0,0.091
128,melhoria,1,18,13554.742,614.4244,6816.365,6095.5342,0.0,0.097
128,melhoria,3,21,12690.8519,610.2403,6424.7276,5626.9083,0.0,0.108
128,melhoria,3,24,12690.8441,610.2403,6424.7276,5626.9083,0.0,0.12
128,melhoria,3,27,12690.732,610.2403,6424.7276,5626.9083,0.0,0.144
128,melhoria,3,30,12690.624,610.2403,6424.7276,5626.9083,0.0,0.192
128,melhoria,2,32,12690.5268,610.2403,6424.7276,5626.9083,0.0,0.203
128,melhoria,3,35,12690.4281,610.2403,6424.7276,5626.9083,0.0,0.254
128,saida,0,40,12690.4281,610.2403,6424.7276,5626.9083,0.0,0.321
129,entrada,0,0,3128.2706,564.2315,2061.0928,473.927,0.0,0.0
129,melhoria,3,3,3107.4453,564.0401,2061.0928,452.4947,0.0,0.01
129,melhoria,3,6,1647.3114,555.3415,1062.3336,0.0,0.0,0.019
129,melhoria,1,7,1070.0127,512.8832,529.3712,0.0,0.0,0.026
129,melhoria,3,10,1048.9523,492.1048,529.3712,0.0,0.0,0.04
129,melhoria,1,11,957.3239,541.8604,387.9968,0.0,0.0,0.045
129,melhoria,1,12,780.5938,541.8604,211.2788,0.0,0.0,0.049
129,melhoria,2,14,780.5116,541.8604,211.2788,0.0,0.0,0.057
129,melhoria,2,16,754.893,540.6246,186.9063,0.0,0.0,0.065
129,melhoria,3,19,589.4633,540.6246,21.1594,0.0,0.0,0.099
129,melhoria,2,21,589.3382,540.6246,21.1594,0.0,0.0,0.108
129,melhoria,2,23,587.1229,538.4276,21.1594,0.0,0.0,0.117
129,melhoria,3,26,587.0974,538.4276,21.1594,0.0,0.0,0.128
129,melhoria,2,28,586.8554,538.4276,21.1594,0.0,0.0,0.137
129,melhoria,3,31,565.9067,538.4276,0.0,0.0,0.0,0.168
129,melhoria,2,33,565.7787,538.4276,0.0,0.0,0.0,0.178
129,melhoria,2,35,565.7537,538.4276,0.0,0.0,0.0,0.189
129,melhoria,3,38,565.6437,538.4276,0.0,0.0,0.0,0.214
129,melhoria,3,41,565.5232,538.4276,0.0,0.0,0.0,0.26
129,melhoria,3,44,565.5211,538.4276,0.0,0.0,0.0,0.275
129,melhoria,3,47,565.289,538.4276,0.0,0.0,0.0,0.296
129,melhoria,3,50,565.2173,538.4276,0.0,0.0,0.0,0.344
129,melhoria,1,51,563.8982,538.4276,0.0,0.0,0.0,0.352
129,saida,0,56,563.8982,538.4276,0.0,0.0,0.0,0.421
129,entrada,0,0,563.8982,538.4276,0.0,0.0,0.0,0.0
129,saida,0,5,563.8982,538.4276,0.0,0.0,0.0,0.063
129,entrada,0,0,563.8982,538.4276,0.0,0.0,0.0,0.0
129,saida,0,5,563.8982,538.4276,0.0,0.0,0.0,0.064
129,entrada,0,0,563.8982,538.4276,0.0,0.0,0.0,0.0
129,saida,0,5,563.8982,538.4276,0.0,0.0,0.0,0.068
130,entrada,0,0,6157.5011,544.6066,4524.2075,1062.2889,0.0,0.0
130,melhoria,1,1,2744.373,545.8424,2174.4548,0.0,0.0,0.003
130,melhoria,1,2,2742.0848,545.8424,2174.4548,0.0,0.0,0.003
130,melhoria,1,3,2354.583,534.3014,1798.5275,0.0,0.0,0.005
130,melhoria,1,4,2210.9238,534.3014,1653.9401,0.0,0.0,0.007
130,melhoria,1,5,2129.657,534.3014,1573.6137,0.0,0.0,0.01
130,melhoria,2,7,2129.5539,534.3014,1573.6137,0.0,0.0,0.017
130,melhoria,1,8,2128.8509,534.3014,1573.6137,0.0,0.0,0.022
130,melhoria,2,10,2128.5984,534.3014,1573.6137,0.0,0.0,0.03
130,melhoria,3,13,2128.375,534.3014,1573.6137,0.0,0.0,0.039
130,melhoria,1,14,2127.7282,534.3014,1573.6137,0.0,0.0,0.044
130,melhoria,2,16,2127.7136,534.3014,1573.6137,0.0,0.0,0.051
130,melhoria,2,18,2127.5899,534.3014,1573.6137,0.0,0.0,0.058
130,melhoria,3,21,1319.717,534.3014,765.256,0.0,0.0,0.074
130,melhoria,2,23,1319.5932,534.3014,765.256,0.0,0.0,0.08
130,melhoria,3,26,1268.8212,483.949,765.256,0.0,0.0,0.088
130,melhoria,3,29,867.299,483.949,363.6243,0.0,0.0,0.124
130,melhoria,3,32,867.1709,483.949,363.6243,0.0,0.0,0.169
130,melhoria,3,35,866.4769,483.949,363.6243,0.0,0.0,0.221
130,melhoria,3,38,546.1449,483.949,42.3189,0.0,0.0,0.246
130,melhoria,3,41,546.1431,483.949,42.3189,0.0,0.0,0.264
130,melhoria,4,45,537.1195,475.0,42.3189,0.0,0.0,0.318
130,melhoria,2,47,536.8586,474.488,42.3189,0.0,0.0,0.325
130,melhoria,2,49,536.7555,474.488,42.3189,0.0,0.0,0.331
130,melhoria,3,52,536.7531,474.488,42.3189,0.0,0.0,0.371
130,saida,0,57,536.7531,474.488,42.3189,0.0,0.0,0.429
132,entrada,0,0,2374.0057,534.9949,1250.4604,565.6449,0.0,0.0
132,melhoria,1,1,556.8704,536.2307,0.0,0.0,0.0,0.004
132,saida,0,6,556.8704,536.2307,0.0,0.0,0.0,0.076
132,entrada,0,0,556.8704,536.2307,0.0,0.0,0.0,0.0
132,saida,0,5,556.8704,536.2307,0.0,0.0,0.0,0.059
132,entrada,0,0,556.8704,536.2307,0.0,0.0,0.0,0.0
132,saida,0,5,556.8704,536.2307,0.0,0.0,0.0,0.061
132,entrada,0,0,556.8704,536.2307,0.0,0.0,0.0,0.0
132,saida,0,5,556.8704,536.2307,0.0,0.0,0.0,0.063
133,entrada,0,0,3318.4522,537.4665,1676.0128,1080.1729,0.0,0.0
133,melhoria,1,1,563.3248,536.2307,0.0,0.0,0.0,0.0
133,melhoria,1,2,561.5784,536.2307,0.0,0.0,0.0,0.003
133,melhoria,1,3,559.7205,536.2307,0.0,0.0,0.0,0.003
133,melhoria,3,6,559.5876,536.2307,0.0,0.0,0.0,0.011
133,melhoria,3,9,559.46,536.2307,0.0,0.0,0.0,0.024
133,saida,0,14,559.46,536.2307,0.0,0.0,0.0,0.088
133,entrada,0,0,559.46,536.2307,0.0,0.0,0.0,0.0
133,saida,0,5,559.46,536.2307,0.0,0.0,0.0,0.067
133,entrada,0,0,559.46,536.2307,0.0,0.0,0.0,0.0
133,saida,0,5,559.46,536.2307,0.0,0.0,0.0,0.064
133,entrada,0,0,559.46,536.2307,0.0,0.0,0.0,0.0
133,melhoria,3,3,559.4088,536.2307,0.0,0.0,0.0,0.04
133,saida,0,8,559.4088,536.2307,0.0,0.0,0.0,0.11
134,entrada,0,0,2621.1455,537.1919,1372.0468,688.7329,0.0,0.0
134,melhoria,1,1,2029.2501,538.4276,1467.0337,0.0,0.0,0.003
134,melhoria,1,2,2014.2167,522.458,1467.0337,0.0,0.0,0.005
134,melhoria,3,5,1984.8714,493.3965,1467.0337,0.0,0.0,0.031
134,melhoria,3,8,1978.0279,486.6096,1467.0337,0.0,0.0,0.06
134,melhoria,1,9,1961.0914,470.608,1467.0337,0.0,0.0,0.065
134,melhoria,1,10,1958.7937,470.608,1467.0337,0.0,0.0,0.074
134,melhoria,2,12,1958.6831,470.608,1467.0337,0.0,0.0,0.081
134,melhoria,2,14,1958.4356,470.608,1467.0337,0.0,0.0,0.088
134,melhoria,2,16,1958.3325,470.608,1467.0337,0.0,0.0,0.096
134,melhoria,1,17,651.4625,541.1738,85.4205,0.0,0.0,0.098
134,melhoria,1,18,649.0158,541.1738,85.4205,0.0,0.0,0.104
134,melhoria,3,21,648.885,541.1738,85.4205,0.0,0.0,0.119
134,melhoria,1,22,648.0458,541.1738,85.4205,0.0,0.0,0.126
134,melhoria,3,25,559.9982,538.4276,0.0,0.0,0.0,0.152
134,melhoria,1,26,559.987,538.4276,0.0,0.0,0.0,0.152
134,melhoria,3,29,559.9771,538.4276,0.0,0.0,0.0,0.175
134,melhoria,3,32,559.904,538.4276,0.0,0.0,0.0,0.191
134,melhoria,3,35,559.7481,538.4276,0.0,0.0,0.0,0.222
134,saida,0,40,559.7481,538.4276,0.0,0.0,0.0,0.296
134,entrada,0,0,559.7481,538.4276,0.0,0.0,0.0,0.0
134,melhoria,3,3,559.1086,538.4276,0.0,0.0,0.0,0.019
134,melhoria,3,6,557.7575,536.2307,0.0,0.0,0.0,0.032
134,saida,0,11,557.7575,536.2307,0.0,0.0,0.0,0.097
134,entrada,0,0,557.7575,536.2307,0.0,0.0,0.0,0.0
134,saida,0,5,557.7575,536.2307,0.0,0.0,0.0,0.073
134,entrada,0,0,557.7575,536.2307,0.0,0.0,0.0,0.0
134,melhoria,3,3,557.5779,536.2307,0.0,0.0,0.0,0.053
134,saida,0,8,557.5779,536.2307,0.0,0.0,0.0,0.119
135,entrada,0,0,921.5916,541.8604,355.8663,0.0,0.0,0.0
135,melhoria,1,1,753.596,540.6246,186.9063,0.0,0.0,0.001
135,melhoria,1,2,586.5067,540.6246,21.1594,0.0,0.0,0.004
135,melhoria,2,4,586.3912,540.6246,21.1594,0.0,0.0,0.011
135,melhoria,3,7,584.8841,538.4276,21.1594,0.0,0.0,0.056
135,melhoria,3,10,563.4455,538.4276,0.0,0.0,0.0,0.091
135,melhoria,3,13,563.3553,538.4276,0.0,0.0,0.0,0.116
135,melhoria,3,16,563.2693,538.4276,0.0,0.0,0.0,0.144
135,melhoria,3,19,563.2426,538.4276,0.0,0.0,0.0,0.188
135,melhoria,1,20,562.7864,539.6634,0.0,0.0,0.0,0.189
135,melhoria,1,21,515.1922,470.896,21.1594,0.0,0.0,0.195
135,saida,0,26,515.1922,470.896,21.1594,0.0,0.0,0.261
137,entrada,0,0,2471.4232,537.4665,1906.0208,0.0,0.0,0.0
137,melhoria,1,1,650.9283,536.2307,85.4205,0.0,0.0,0.0
137,melhoria,1,2,649.9949,536.2307,85.4205,0.0,0.0,0.001
137,melhoria,1,3,649.0772,536.2307,85.4205,0.0,0.0,0.001
137,melhoria,1,4,647.4664,536.2307,85.4205,0.0,0.0,0.007
137,melhoria,1,5,559.664,536.2307,0.0,0.0,0.0,0.011
137,melhoria,1,6,558.8316,536.2307,0.0,0.0,0.0,0.012
137,melhoria,3,9,558.8236,536.2307,0.0,0.0,0.0,0.031
137,melhoria,3,12,558.8171,536.2307,0.0,0.0,0.0,0.05
137,melhoria,3,15,558.6905,536.2307,0.0,0.0,0.0,0.094
137,saida,0,20,558.6905,536.2307,0.0,0.0,0.0,0.162
137,entrada,0,0,558.6905,536.2307,0.0,0.0,0.0,0.0
137,melhoria,3,3,558.5746,536.2307,0.0,0.0,0.0,0.039
137,saida,0,8,558.5746,536.2307,0.0,0.0,0.0,0.108
137,entrada,0,0,558.5746,536.2307,0.0,0.0,0.0,0.0
137,saida,0,5,558.5746,536.2307,0.0,0.0,0.0,0.072
137,entrada,0,0,558.5746,536.2307,0.0,0.0,0.0,0.0
137,saida,0,5,558.5746,536.2307,0.0,0.0,0.0,0.066
138,entrada,0,0,4066.9356,533.2785,2993.0865,514.6905,0.0,0.0
138,melhoria,1,1,2046.2188,535.3725,1488.1932,0.0,0.0,0.007
138,melhoria,1,2,1244.7562,535.3725,684.9297,0.0,0.0,0.008
138,melhoria,3,5,924.1123,535.3725,363.6243,0.0,0.0,0.017
138,melhoria,3,8,923.9859,535.3725,363.6243,0.0,0.0,0.025
138,melhoria,3,11,923.8908,535.3725,363.6243,0.0,0.0,0.055
138,melhoria,3,14,923.8903,535.3725,363.6243,0.0,0.0,0.108
138,melhoria,1,15,923.3657,535.3725,363.6243,0.0,0.0,0.114
138,melhoria,1,16,588.3805,541.0022,21.1594,0.0,0.0,0.12
138,melhoria,3,19,588.2017,541.0022,21.1594,0.0,0.0,0.164
138,melhoria,3,22,588.0365,541.0022,21.1594,0.0,0.0,0.193
138,melhoria,3,25,587.9399,541.0022,21.1594,0.0,0.0,0.238
138,saida,0,30,587.9399,541.0022,21.1594,0.0,0.0,0.308
138,entrada,0,0,587.9399,541.0022,21.1594,0.0,0.0,0.0
138,saida,0,5,587.9399,541.0022,21.1594,0.0,0.0,0.064
138,entrada,0,0,587.9399,541.0022,21.1594,0.0,0.0,0.0
138,saida,0,5,587.9399,541.0022,21.1594,0.0,0.0,0.059
138,entrada,0,0,587.9399,541.0022,21.1594,0.0,0.0,0.0
138,saida,0,5,587.9399,541.0022,21.1594,0.0,0.0,0.063
139,entrada,0,0,17330.0301,534.9949,12959.8872,3810.9653,0.0,0.0
139,melhoria,1,1,10532.2181,596.0585,5871.966,4038.5549,0.0,0.0
139,melhoria,1,2,6878.487,535.6814,4190.6378,2128.9217,0.0,0.001
139,melhoria,1,3,560.857,536.2307,0.0,0.0,0.0,0.003
139,melhoria,1,4,560.7962,536.2307,0.0,0.0,0.0,0.006
139,melhoria,3,7,560.6638,536.2307,0.0,0.0,0.0,0.021
139,melhoria,3,10,560.3492,536.2307,0.0,0.0,0.0,0.052
139,melhoria,1,11,557.8072,536.2307,0.0,0.0,0.0,0.056
139,melhoria,3,14,557.6936,536.2307,0.0,0.0,0.0,0.074
139,saida,0,19,557.6936,536.2307,0.0,0.0,0.0,0.139
139,entrada,0,0,557.6936,536.2307,0.0,0.0,0.0,0.0
139,saida,0,5,557.6936,536.2307,0.0,0.0,0.0,0.065
139,entrada,0,0,557.6936,536.2307,0.0,0.0,0.0,0.0
139,saida,0,5,557.6936,536.2307,0.0,0.0,0.0,0.062
139,entrada,0,0,557.6936,536.2307,0.0,0.0,0.0,0.0
139,saida,0,5,557.6936,536.2307,0.0,0.0,0.0,0.064
140,entrada,0,0,2374.0057,534.9949,1250.4604,565.6449,0.0,0.0
140,melhoria,1,1,557.8984,536.2307,0.0,0.0,0.0,0.001
140,saida,0,6,557.8984,536.2307,0.0,0.0,0.0,0.065
140,entrada,0,0,557.8984,536.2307,0.0,0.0,0.0,0.0
140,melhoria,3,3,557.782,536.2307,0.0,0.0,0.0,0.045
140,saida,0,8,557.782,536.2307,0.0,0.0,0.0,0.109
140,entrada,0,0,557.782,536.2307,0.0,0.0,0.0,0.0
140,saida,0,5,557.782,536.2307,0.0,0.0,0.0,0.067
140,entrada,0,0,557.782,536.2307,0.0,0.0,0.0,0.0
140,saida,0,5,557.782,536.2307,0.0,0.0,0.0,0.067
141,entrada,0,0,597.0111,541.8604,24.3725,0.0,0.0,0.0
141,melhoria,1,1,596.4414,541.8604,24.3725,0.0,0.0,0.0
141,melhoria,1,2,596.4381,541.8604,24.3725,0.0,0.0,0.002
141,melhoria,1,3,595.5048,541.8604,24.3725,0.0,0.0,0.003
141,melhoria,1,4,593.644,541.8604,24.3725,0.0,0.0,0.009
141,melhoria,1,5,593.0612,541.8604,24.3725,0.0,0.0,0.009
141,melhoria,1,6,591.2008,541.8604,24.3725,0.0,0.0,0.009
141,melhoria,3,9,563.4467,538.4276,0.0,0.0,0.0,0.027
141,melhoria,1,10,563.2235,540.5216,0.0,0.0,0.0,0.034
141,melhoria,1,11,557.9643,536.2307,0.0,0.0,0.0,0.037
141,melhoria,3,14,557.8826,536.2307,0.0,0.0,0.0,0.06
141,melhoria,2,16,557.6887,536.2307,0.0,0.0,0.0,0.068
141,saida,0,21,557.6887,536.2307,0.0,0.0,0.0,0.138
141,entrada,0,0,557.6887,536.2307,0.0,0.0,0.0,0.0
141,saida,0,5,557.6887,536.2307,0.0,0.0,0.0,0.067
141,entrada,0,0,557.6887,536.2307,0.0,0.0,0.0,0.0
141,saida,0,5,557.6887,536.2307,0.0,0.0,0.0,0.071
141,entrada,0,0,557.6887,536.2307,0.0,0.0,0.0,0.0
141,saida,0,5,557.6887,536.2307,0.0,0.0,0.0,0.076
143,entrada,0,0,23089.1313,527.5947,13002.4142,9531.9264,0.0,0.0
143,melhoria,1,1,18871.8676,633.057,10027.409,8182.384,0.0,0.004
143,melhoria,1,2,18535.1594,631.4226,9874.4256,7999.327,0.0,0.006
143,melhoria,1,3,18534.5089,631.4226,9874.4256,7999.327,0.0,0.012
143,melhoria,1,4,18531.9446,631.4226,9874.4256,7999.327,0.0,0.015
143,melhoria,1,5,18132.1437,631.4226,9472.7939,7999.327,0.0,0.018
143,melhoria,2,7,17267.6377,627.2384,9081.1565,7530.7011,0.0,0.027
143,melhoria,1,8,17052.4481,626.1924,8983.2471,7413.5446,0.0,0.032
143,melhoria,2,10,17052.3367,626.1924,8983.2471,7413.5446,0.0,0.042
143,melhoria,3,13,16650.7256,626.1924,8581.6154,7413.5446,0.0,0.053
143,melhoria,1,14,16650.1585,626.1924,8581.6154,7413.5446,0.0,0.055
143,melhoria,1,15,16648.7752,626.1924,8581.6154,7413.5446,0.0,0.059
143,melhoria,3,18,16566.2859,620.9622,9089.7518,6827.7622,0.0,0.077
143,melhoria,1,19,16238.1843,622.0082,8643.1237,6944.9187,0.0,0.08
143,melhoria,1,20,15529.6697,622.0082,7932.9337,6944.9187,0.0,0.082
143,melhoria,3,23,15324.021,622.0082,7727.2982,6944.9187,0.0,0.092
143,melhoria,1,24,15321.6929,622.0082,7727.2982,6944.9187,0.0,0.097
143,melhoria,1,25,14988.1482,620.7007,7540.6505,6798.4731,0.0,0.102
143,melhoria,1,26,14987.5979,620.7007,7540.6505,6798.4731,0.0,0.104
143,melhoria,1,27,14720.9957,619.6546,7391.3323,6681.3166,0.0,0.109
143,melhoria,3,30,14720.8076,619.6546,7391.3323,6681.3166,0.0,0.131
143,melhoria,3,33,14647.2982,619.6546,7317.3517,6681.3166,0.0,0.142
143,melhoria,1,34,14636.648,619.6546,7305.9117,6681.3166,0.0,0.145
143,melhoria,3,37,14220.1616,614.4244,7480.327,6095.5342,0.0,0.161
143,melhoria,1,38,13841.5403,614.4244,7101.702,6095.5342,0.0,0.163
143,melhoria,1,39,13556.1091,614.4244,6816.365,6095.5342,0.0,0.164
143,melhoria,3,42,13556.0187,614.4244,6816.365,6095.5342,0.0,0.183
143,melhoria,3,45,13555.9004,614.4244,6816.365,6095.5342,0.0,0.202
143,melhoria,3,48,13555.8746,614.4244,6816.365,6095.5342,0.0,0.216
143,melhoria,3,51,13555.7855,614.4244,6816.365,6095.5342,0.0,0.248
143,melhoria,3,54,12994.8163,610.2403,6727.9039,5626.9083,0.0,0.283
143,melhoria,2,56,12994.8107,610.2403,6727.9039,5626.9083,0.0,0.293
143,melhoria,3,59,12994.7863,610.2403,6727.9039,5626.9083,0.0,0.308
143,melhoria,3,62,12691.2872,610.2403,6424.7276,5626.9083,0.0,0.335
143,melhoria,2,64,12691.2779,610.2403,6424.7276,5626.9083,0.0,0.343
143,melhoria,2,66,12691.1612,610.2403,6424.7276,5626.9083,0.0,0.352
143,saida,0,71,12691.1612,610.2403,6424.7276,5626.9083,0.0,0.429
144,entrada,0,0,17171.4095,534.9949,9933.4516,6675.4683,0.0,0.0
144,melhoria,1,1,11820.1107,604.478,6205.1822,4981.5353,0.0,0.0
144,melhoria,1,2,882.3479,536.2307,319.8019,0.0,0.0,0.001
144,melhoria,1,3,857.4743,536.2307,298.6425,0.0,0.0,0.008
144,melhoria,2,5,558.644,536.2307,0.0,0.0,0.0,0.015
144,melhoria,1,6,557.8151,536.2307,0.0,0.0,0.0,0.019
144,melhoria,2,8,557.7542,536.2307,0.0,0.0,0.0,0.029
144,melhoria,2,10,557.712,536.2307,0.0,0.0,0.0,0.038
144,melhoria,3,13,557.6337,536.2307,0.0,0.0,0.0,0.057
144,saida,0,18,557.6337,536.2307,0.0,0.0,0.0,0.127
144,entrada,0,0,557.6337,536.2307,0.0,0.0,0.0,0.0
144,saida,0,5,557.6337,536.2307,0.0,0.0,0.0,0.069
144,entrada,0,0,557.6337,536.2307,0.0,0.0,0.0,0.0
144,saida,0,5,557.6337,536.2307,0.0,0.0,0.0,0.078
144,entrada,0,0,557.6337,536.2307,0.0,0.0,0.0,0.0
144,saida,0,5,557.6337,536.2307,0.0,0.0,0.0,0.078
146,entrada,0,0,23104.0868,580.4948,15328.3642,7165.6997,0.0,0.0
146,melhoria,3,3,18495.2841,584.6761,10247.1203,7634.0075,0.0,0.014
146,melhoria,1,4,9781.8173,596.0585,5118.4775,4038.5549,0.0,0.016
146,melhoria,1,5,561.4246,536.2307,0.0,0.0,0.0,0.019
146,melhoria,1,6,560.4807,536.2307,0.0,0.0,0.0,0.02
146,melhoria,3,9,560.4529,536.2307,0.0,0.0,0.0,0.064
146,saida,0,14,560.4529,536.2307,0.0,0.0,0.0,0.127
146,entrada,0,0,560.4529,536.2307,0.0,0.0,0.0,0.0
146,saida,0,5,560.4529,536.2307,0.0,0.0,0.0,0.064
146,entrada,0,0,560.4529,536.2307,0.0,0.0,0.0,0.0
146,saida,0,5,560.4529,536.2307,0.0,0.0,0.0,0.063
146,entrada,0,0,560.4529,536.2307,0.0,0.0,0.0,0.0
146,saida,0,5,560.4529,536.2307,0.0,0.0,0.0,0.07
147,entrada,0,0,17947.0408,523.3327,9397.5617,7999.327,0.0,0.0
147,melhoria,2,2,1802.0015,523.6975,1252.3083,0.0,0.0,0.01
147,melhoria,1,3,1014.2974,483.2792,508.2117,0.0,0.0,0.014
147,melhoria,2,5,693.0617,483.2792,186.9063,0.0,0.0,0.024
147,melhoria,3,8,692.9288,483.2792,186.9063,0.0,0.0,0.037
147,melhoria,1,9,691.4122,483.2792,186.9063,0.0,0.0,0.039
147,melhoria,3,12,691.3591,482.9802,186.9063,0.0,0.0,0.077
147,melhoria,3,15,691.1841,482.9802,186.9063,0.0,0.0,0.11
147,melhoria,4,19,678.9992,470.896,186.9063,0.0,0.0,0.169
147,saida,0,24,678.9992,470.896,186.9063,0.0,0.0,0.232
147,entrada,0,0,678.9992,470.896,186.9063,0.0,0.0,0.0
147,saida,0,5,678.9992,470.896,186.9063,0.0,0.0,0.07
147,entrada,0,0,678.9992,470.896,186.9063,0.0,0.0,0.0
147,saida,0,5,678.9992,470.896,186.9063,0.0,0.0,0.064
147,entrada,0,0,678.9992,470.896,186.9063,0.0,0.0,0.0
147,melhoria,3,3,678.9258,470.896,186.9063,0.0,0.0,0.032
147,melhoria,3,6,678.9214,470.896,186.9063,0.0,0.0,0.045
147,saida,0,11,678.9214,470.896,186.9063,0.0,0.0,0.104
148,entrada,0,0,3841.1382,534.9949,2717.4942,565.6449,0.0,0.0
148,melhoria,1,1,2024.0029,536.2307,1467.0337,0.0,0.0,0.007
148,melhoria,1,2,581.7471,536.2307,21.1594,0.0,0.0,0.01
148,melhoria,3,5,561.1284,536.2307,0.0,0.0,0.0,0.019
148,melhoria,3,8,560.9492,536.2307,0.0,0.0,0.0,0.045
148,saida,0,13,560.9492,536.2307,0.0,0.0,0.0,0.115
148,entrada,0,0,560.9492,536.2307,0.0,0.0,0.0,0.0
148,saida,0,5,560.9492,536.2307,0.0,0.0,0.0,0.062
148,entrada,0,0,560.9492,536.2307,0.0,0.0,0.0,0.0
148,saida,0,5,560.9492,536.2307,0.0,0.0,0.0,0.063
148,entrada,0,0,560.9492,536.2307,0.0,0.0,0.0,0.0
148,saida,0,5,560.9492,536.2307,0.0,0.0,0.0,0.065
149,entrada,0,0,1824.7704,544.6066,1255.5214,0.0,0.0,0.0
149,melhoria,1,1,1745.7969,544.6066,1175.195,0.0,0.0,0.0
149,melhoria,1,2,1421.6705,544.6066,853.8896,0.0,0.0,0.001
149,melhoria,1,3,1419.3831,544.6066,853.8896,0.0,0.0,0.002
149,melhoria,1,4,1275.3806,543.92,709.3022,0.0,0.0,0.002
149,melhoria,1,5,1160.0824,543.3708,593.6323,0.0,0.0,0.006
149,melhoria,2,7,1159.9586,543.3708,593.6323,0.0,0.0,0.014
149,melhoria,2,9,1159.7349,543.3708,593.6323,0.0,0.0,0.021
149,melhoria,1,10,1158.5436,543.3708,593.6323,0.0,0.0,0.023
149,melhoria,3,13,854.1299,540.6246,290.9484,0.0,0.0,0.035
149,melhoria,1,14,837.117,541.8604,273.3324,0.0,0.0,0.035
149,melhoria,1,15,734.7302,541.1738,168.6335,0.0,0.0,0.038
149,melhoria,1,16,652.4342,541.1738,85.4205,0.0,0.0,0.039
149,melhoria,1,17,591.1245,540.6246,21.1594,0.0,0.0,0.045
149,melhoria,1,18,588.8806,540.6246,21.1594,0.0,0.0,0.046
149,melhoria,1,19,586.722,540.6246,21.1594,0.0,0.0,0.046
149,melhoria,1,20,585.2326,540.6246,21.1594,0.0,0.0,0.053
149,melhoria,3,23,584.9849,540.6246,21.1594,0.0,0.0,0.063
149,melhoria,3,26,584.899,540.6246,21.1594,0.0,0.0,0.073
149,melhoria,3,29,561.9946,538.4276,0.0,0.0,0.0,0.114
149,melhoria,1,30,561.3762,539.6634,0.0,0.0,0.0,0.118
149,melhoria,1,31,560.6955,538.9769,0.0,0.0,0.0,0.119
149,melhoria,2,33,560.5717,538.9769,0.0,0.0,0.0,0.127
149,melhoria,3,36,557.7629,536.2307,0.0,0.0,0.0,0.169
149,melhoria,1,37,557.7618,536.2307,0.0,0.0,0.0,0.17
149,melhoria,3,40,557.6887,536.2307,0.0,0.0,0.0,0.199
149,saida,0,45,557.6887,536.2307,0.0,0.0,0.0,0.265
149,entrada,0,0,557.6887,536.2307,0.0,0.0,0.0,0.0
149,saida,0,5,557.6887,536.2307,0.0,0.0,0.0,0.065
149,entrada,0,0,557.6887,536.2307,0.0,0.0,0.0,0.0
149,melhoria,3,3,557.5612,536.2307,0.0,0.0,0.0,0.011
149,saida,0,8,557.5612,536.2307,0.0,0.0,0.0,0.078
149,entrada,0,0,557.5612,536.2307,0.0,0.0,0.0,0.0
149,saida,0,5,557.5612,536.2307,0.0,0.0,0.0,0.067
150,entrada,0,0,2374.0057,534.9949,1250.4604,565.6449,0.0,0.0
150,melhoria,1,1,556.8704,536.2307,0.0,0.0,0.0,0.0
150,saida,0,6,556.8704,536.2307,0.0,0.0,0.0,0.064
150,entrada,0,0,556.8704,536.2307,0.0,0.0,0.0,0.0
150,saida,0,5,556.8704,536.2307,0.0,0.0,0.0,0.065
150,entrada,0,0,556.8704,536.2307,0.0,0.0,0.0,0.0
150,saida,0,5,556.8704,536.2307,0.0,0.0,0.0,0.066
150,entrada,0,0,556.8704,536.2307,0.0,0.0,0.0,0.0
150,saida,0,5,556.8704,536.2307,0.0,0.0,0.0,0.065
151,entrada,0,0,2374.0057,534.9949,1250.4604,565.6449,0.0,0.0
151,melhoria,1,1,556.8704,536.2307,0.0,0.0,0.0,0.002
151,saida,0,6,556.8704,536.2307,0.0,0.0,0.0,0.069
151,entrada,0,0,556.8704,536.2307,0.0,0.0,0.0,0.0
151,saida,0,5,556.8704,536.2307,0.0,0.0,0.0,0.079
151,entrada,0,0,556.8704,536.2307,0.0,0.0,0.0,0.0
151,saida,0,5,556.8704,536.2307,0.0,0.0,0.0,0.07
151,entrada,0,0,556.8704,536.2307,0.0,0.0,0.0,0.0
151,saida,0,5,556.8704,536.2307,0.0,0.0,0.0,0.066
151,entrada,0,0,9844.7397,596.0585,5182.7385,4038.5549,0.0,0.0
151,melhoria,1,1,9841.9397,596.0585,5182.7385,4038.5549,0.0,0.0
151,melhoria,1,2,9779.0218,596.0585,5118.4775,4038.5549,0.0,0.003
151,melhoria,1,3,6213.077,535.6814,3522.5697,2128.9217,0.0,0.011
151,melhoria,1,4,581.7471,536.2307,21.1594,0.0,0.0,0.011
151,melhoria,1,5,556.8797,536.2307,0.0,0.0,0.0,0.012
151,melhoria,1,6,556.8704,536.2307,0.0,0.0,0.0,0.012
151,saida,0,11,556.8704,536.2307,0.0,0.0,0.0,0.077
152,entrada,0,0,2374.0057,534.9949,1250.4604,565.6449,0.0,0.0
152,melhoria,1,1,557.7902,536.2307,0.0,0.0,0.0,0.002
152,melhoria,3,4,557.6767,536.2307,0.0,0.0,0.0,0.02
152,saida,0,9,557.6767,536.2307,0.0,0.0,0.0,0.082
152,entrada,0,0,557.6767,536.2307,0.0,0.0,0.0,0.0
152,saida,0,5,557.6767,536.2307,0.0,0.0,0.0,0.063
152,entrada,0,0,557.6767,536.2307,0.0,0.0,0.0,0.0
152,saida,0,5,557.6767,536.2307,0.0,0.0,0.0,0.067
152,entrada,0,0,557.6767,536.2307,0.0,0.0,0.0,0.0
152,saida,0,5,557.6767,536.2307,0.0,0.0,0.0,0.076
153,entrada,0,0,565.4543,538.4276,0.0,0.0,0.0,0.0
153,melhoria,1,1,563.1566,538.4276,0.0,0.0,0.0,0.002
153,melhoria,1,2,562.2143,538.4276,0.0,0.0,0.0,0.01
153,melhoria,3,5,560.7976,536.2307,0.0,0.0,0.0,0.051
153,melhoria,3,8,560.5523,536.2307,0.0,0.0,0.0,0.082
153,melhoria,2,10,560.1895,536.2307,0.0,0.0,0.0,0.09
153,saida,0,15,560.1895,536.2307,0.0,0.0,0.0,0.155
153,entrada,0,0,560.1895,536.2307,0.0,0.0,0.0,0.0
153,saida,0,5,560.1895,536.2307,0.0,0.0,0.0,0.067
153,entrada,0,0,560.1895,536.2307,0.0,0.0,0.0,0.0
153,melhoria,3,3,560.189,536.2307,0.0,0.0,0.0,0.055
153,saida,0,8,560.189,536.2307,0.0,0.0,0.0,0.123
153,entrada,0,0,560.189,536.2307,0.0,0.0,0.0,0.0
153,saida,0,5,560.189,536.2307,0.0,0.0,0.0,0.065
154,entrada,0,0,2374.0057,534.9949,1250.4604,565.6449,0.0,0.0
154,melhoria,1,1,556.8704,536.2307,0.0,0.0,0.0,0.002
154,saida,0,6,556.8704,536.2307,0.0,0.0,0.0,0.071
154,entrada,0,0,556.8704,536.2307,0.0,0.0,0.0,0.0
154,saida,0,5,556.8704,536.2307,0.0,0.0,0.0,0.066
154,entrada,0,0,556.8704,536.2307,0.0,0.0,0.0,0.0
154,saida,0,5,556.8704,536.2307,0.0,0.0,0.0,0.066
154,entrada,0,0,556.8704,536.2307,0.0,0.0,0.0,0.0
154,saida,0,5,556.8704,536.2307,0.0,0.0,0.0,0.067
156,entrada,0,0,25825.3444,668.6752,12959.6388,12171.6202,0.0,0.0
156,melhoria,1,1,24762.6404,668.6752,11894.2368,12171.6202,0.0,0.003
156,melhoria,1,2,24536.9724,667.5767,11791.4191,12048.5904,0.0,0.008
156,melhoria,3,5,24536.9152,667.5767,11791.4191,12048.5904,0.0,0.027
156,melhoria,1,6,2028.3856,536.8829,1467.0337,0.0,0.0,0.031
156,melhoria,3,9,2025.8839,534.1367,1467.0337,0.0,0.0,0.043
156,melhoria,1,10,2025.8727,534.1367,1467.0337,0.0,0.0,0.043
156,melhoria,1,11,2025.866,534.1367,1467.0337,0.0,0.0,0.047
156,melhoria,3,14,2025.7906,534.1367,1467.0337,0.0,0.0,0.07
156,saida,0,19,2025.7906,534.1367,1467.0337,0.0,0.0,0.139
156,entrada,0,0,2025.7906,534.1367,1467.0337,0.0,0.0,0.0
156,saida,0,5,2025.7906,534.1367,1467.0337,0.0,0.0,0.069
157,entrada,0,0,22126.5697,542.7186,10996.3225,10562.125,0.0,0.0
157,melhoria,1,1,18457.3496,635.999,9282.9089,8511.8866,0.0,0.0
157,melhoria,1,2,18401.1941,632.7301,9595.1805,8145.7726,0.0,0.002
157,melhoria,1,3,17997.185,632.7301,9193.5488,8145.7726,0.0,0.004
157,melhoria,1,4,17421.1557,632.7301,8615.1991,8145.7726,0.0,0.008
157,melhoria,1,5,17087.7381,631.4226,8428.5513,7999.327,0.0,0.01
157,melhoria,2,7,17066.4423,631.4226,8407.3918,7999.327,0.0,0.017
157,melhoria,1,8,17065.0891,631.4226,8407.3918,7999.327,0.0,0.02
157,melhoria,3,11,16589.7888,627.2384,8404.3513,7530.7011,0.0,0.028
157,melhoria,1,12,16334.3102,626.1924,8265.754,7413.5446,0.0,0.029
157,melhoria,1,13,16270.6116,626.1924,8201.4929,7413.5446,0.0,0.036
157,melhoria,2,15,16185.2031,626.1924,8116.0724,7413.5446,0.0,0.044
157,melhoria,1,16,16183.7323,626.1924,8116.0724,7413.5446,0.0,0.049
157,melhoria,3,19,16183.6483,626.1924,8116.0724,7413.5446,0.0,0.061
157,melhoria,3,22,15235.9238,622.0082,7640.4758,6944.9187,0.0,0.076
157,melhoria,3,25,14050.3536,616.778,7045.9801,6359.1363,0.0,0.098
157,melhoria,3,28,14050.3184,616.778,7045.9801,6359.1363,0.0,0.109
157,melhoria,2,30,14050.0357,616.778,7045.9801,6359.1363,0.0,0.117
157,melhoria,3,33,14049.9205,616.778,7045.9801,6359.1363,0.0,0.136
157,melhoria,3,36,14040.3467,616.778,7036.661,6359.1363,0.0,0.161
157,melhoria,1,37,13918.6609,614.4244,7178.4605,6095.5342,0.0,0.168
157,melhoria,3,40,13556.4706,614.4244,6816.365,6095.5342,0.0,0.195
157,melhoria,3,43,13556.3118,614.4244,6816.365,6095.5342,0.0,0.227
157,melhoria,3,46,13556.0309,614.4244,6816.365,6095.5342,0.0,0.239
157,melhoria,3,49,13555.83,614.4244,6816.365,6095.5342,0.0,0.257
157,melhoria,2,51,13555.8297,614.4244,6816.365,6095.5342,0.0,0.265
157,melhoria,3,54,13555.6401,614.4244,6816.365,6095.5342,0.0,0.288
157,melhoria,3,57,13555.5881,614.4244,6816.365,6095.5342,0.0,0.3
157,melhoria,2,59,13555.4849,614.4244,6816.365,6095.5342,0.0,0.309
157,melhoria,2,61,13555.3878,614.4244,6816.365,6095.5342,0.0,0.319
157,melhoria,2,63,12691.1184,610.2403,6424.7276,5626.9083,0.0,0.329
157,melhoria,3,66,12690.903,610.2403,6424.7276,5626.9083,0.0,0.353
157,saida,0,71,12690.903,610.2403,6424.7276,5626.9083,0.0,0.418
158,entrada,0,0,1984.3668,538.4276,1416.7208,0.0,0.0,0.0
158,melhoria,1,1,1056.6162,538.9769,487.0523,0.0,0.0,0.001
158,melhoria,1,2,992.3555,538.4276,422.7912,0.0,0.0,0.002
158,melhoria,1,3,989.5555,538.4276,422.7912,0.0,0.0,0.006
158,melhoria,1,4,586.0712,538.4276,21.1594,0.0,0.0,0.006
158,melhoria,1,5,585.5847,539.6634,21.1594,0.0,0.0,0.008
158,melhoria,3,8,564.9538,539.6634,0.0,0.0,0.0,0.024
158,melhoria,2,10,563.7077,538.4276,0.0,0.0,0.0,0.032
158,melhoria,3,13,563.3724,538.4276,0.0,0.0,0.0,0.068
158,melhoria,1,14,562.4347,538.4276,0.0,0.0,0.0,0.073
158,melhoria,1,15,560.0064,538.4276,0.0,0.0,0.0,0.081
158,melhoria,3,18,559.987,538.4276,0.0,0.0,0.0,0.13
158,melhoria,3,21,559.904,538.4276,0.0,0.0,0.0,0.168
158,saida,0,26,559.904,538.4276,0.0,0.0,0.0,0.236
158,entrada,0,0,559.904,538.4276,0.0,0.0,0.0,0.0
158,melhoria,3,3,559.7764,538.4276,0.0,0.0,0.0,0.037
158,melhoria,4,7,557.5612,536.2307,0.0,0.0,0.0,0.105
158,saida,0,12,557.5612,536.2307,0.0,0.0,0.0,0.17
158,entrada,0,0,557.5612,536.2307,0.0,0.0,0.0,0.0
158,saida,0,5,557.5612,536.2307,0.0,0.0,0.0,0.067
158,entrada,0,0,557.5612,536.2307,0.0,0.0,0.0,0.0
158,saida,0,5,557.5612,536.2307,0.0,0.0,0.0,0.067
159,entrada,0,0,10049.5035,534.9949,6242.5384,3246.0966,0.0,0.0
159,melhoria,1,1,9456.8547,587.4903,5762.3684,3078.9167,0.0,0.0
159,melhoria,1,2,8014.5988,587.4903,4316.4941,3078.9167,0.0,0.001
159,melhoria,1,3,8011.7988,587.4903,4316.4941,3078.9167,0.0,0.002
159,melhoria,1,4,6213.077,535.6814,3522.5697,2128.9217,0.0,0.004
159,melhoria,1,5,581.7471,536.2307,21.1594,0.0,0.0,0.006
159,melhoria,3,8,561.2533,536.2307,0.0,0.0,0.0,0.036
159,melhoria,3,11,561.1279,536.2307,0.0,0.0,0.0,0.053
159,saida,0,16,561.1279,536.2307,0.0,0.0,0.0,0.12
159,entrada,0,0,561.1279,536.2307,0.0,0.0,0.0,0.0
159,melhoria,3,3,561.121,536.2307,0.0,0.0,0.0,0.017
159,melhoria,3,6,561.0004,536.2307,0.0,0.0,0.0,0.047
159,saida,0,11,561.0004,536.2307,0.0,0.0,0.0,0.112
159,entrada,0,0,561.0004,536.2307,0.0,0.0,0.0,0.0
159,saida,0,5,561.0004,536.2307,0.0,0.0,0.0,0.072
159,entrada,0,0,561.0004,536.2307,0.0,0.0,0.0,0.0
159,saida,0,5,561.0004,536.2307,0.0,0.0,0.0,0.061
160,entrada,0,0,24620.9442,532.9009,17952.6585,6108.0907,0.0,0.0
160,melhoria,1,1,9757.7383,596.0585,5097.318,4038.5549,0.0,0.001
160,melhoria,1,2,9757.6395,596.0585,5097.318,4038.5549,0.0,0.007
160,melhoria,1,3,7419.675,584.7427,4038.1531,2771.178,0.0,0.013
160,melhoria,3,6,7419.5141,584.7427,4038.1531,2771.178,0.0,0.049
160,melhoria,2,8,7419.3306,584.7427,4038.1531,2771.178,0.0,0.058
160,melhoria,3,11,563.5459,538.4276,0.0,0.0,0.0,0.091
160,melhoria,3,14,563.3743,538.4276,0.0,0.0,0.0,0.11
160,melhoria,3,17,563.1987,538.4276,0.0,0.0,0.0,0.128
160,melhoria,3,20,563.1182,538.4276,0.0,0.0,0.0,0.185
160,melhoria,1,21,562.1743,538.4276,0.0,0.0,0.0,0.185
160,saida,0,26,562.1743,538.4276,0.0,0.0,0.0,0.251
160,entrada,0,0,562.1743,538.4276,0.0,0.0,0.0,0.0
160,saida,0,5,562.1743,538.4276,0.0,0.0,0.0,0.068
160,entrada,0,0,562.1743,538.4276,0.0,0.0,0.0,0.0
160,saida,0,5,562.1743,538.4276,0.0,0.0,0.0,0.068
160,entrada,0,0,562.1743,538.4276,0.0,0.0,0.0,0.0
160,saida,0,5,562.1743,538.4276,0.0,0.0,0.0,0.067
161,entrada,0,0,2940.4472,533.2785,1868.5176,514.6905,0.0,0.0
161,melhoria,1,1,599.4037,535.3725,42.3189,0.0,0.0,0.0
161,melhoria,3,4,599.2877,535.3725,42.3189,0.0,0.0,0.01
161,melhoria,3,7,599.258,535.3725,42.3189,0.0,0.0,0.039
161,saida,0,12,599.258,535.3725,42.3189,0.0,0.0,0.096
161,entrada,0,0,599.258,535.3725,42.3189,0.0,0.0,0.0
161,saida,0,5,599.258,535.3725,42.3189,0.0,0.0,0.061
161,entrada,0,0,599.258,535.3725,42.3189,0.0,0.0,0.0
161,saida,0,5,599.258,535.3725,42.3189,0.0,0.0,0.059
161,entrada,0,0,599.258,535.3725,42.3189,0.0,0.0,0.0
161,saida,0,5,599.258,535.3725,42.3189,0.0,0.0,0.058
162,entrada,0,0,25710.8806,670.0483,12686.5293,12325.4074,0.0,0.0
162,melhoria,1,1,25202.547,667.5767,12455.1894,12048.5904,0.0,0.001
162,melhoria,1,2,25091.9467,667.5767,12342.7325,12048.5904,0.0,0.001
162,melhoria,1,3,12702.6676,583.8502,8039.8044,4044.7325,0.0,0.002
162,melhoria,1,4,8667.5816,586.4321,5090.0665,2960.3997,0.0,0.003
162,melhoria,1,5,8667.0213,586.4321,5090.0665,2960.3997,0.0,0.007
162,melhoria,1,6,1145.5389,547.4901,572.4728,0.0,0.0,0.01
162,melhoria,1,7,1142.7349,547.4901,572.4728,0.0,0.0,0.011
162,melhoria,3,10,736.9572,543.1992,170.8411,0.0,0.0,0.027
162,melhoria,3,13,585.6232,541.0022,21.1594,0.0,0.0,0.044
162,melhoria,1,14,585.4655,539.7664,21.1594,0.0,0.0,0.047
162,melhoria,3,17,583.8103,537.5695,21.1594,0.0,0.0,0.057
162,melhoria,3,20,583.7404,537.5695,21.1594,0.0,0.0,0.082
162,melhoria,3,23,583.6763,537.5695,21.1594,0.0,0.0,0.121
162,melhoria,3,26,583.497,537.5695,21.1594,0.0,0.0,0.154
162,saida,0,31,583.497,537.5695,21.1594,0.0,0.0,0.228
162,entrada,0,0,583.497,537.5695,21.1594,0.0,0.0,0.0
162,saida,0,5,583.497,537.5695,21.1594,0.0,0.0,0.066
162,entrada,0,0,583.497,537.5695,21.1594,0.0,0.0,0.0
162,saida,0,5,583.497,537.5695,21.1594,0.0,0.0,0.066
162,entrada,0,0,583.497,537.5695,21.1594,0.0,0.0,0.0
162,saida,0,5,583.497,537.5695,21.1594,0.0,0.0,0.064
163,entrada,0,0,31182.874,690.9881,14726.8185,15733.9932,0.0,0.0
163,melhoria,1,1,30535.66,688.5165,14495.4787,15318.7678,0.0,0.0
163,melhoria,1,2,30534.2397,688.5165,14495.4787,15318.7678,0.0,0.002
163,melhoria,1,3,30095.0316,687.1434,14286.6301,15088.087,0.0,0.005
163,melhoria,1,4,29645.233,685.427,14125.9774,14799.736,0.0,0.009
163,melhoria,1,5,29644.7954,685.427,14125.9774,14799.736,0.0,0.01
163,melhoria,1,6,29320.6855,685.427,13804.672,14799.736,0.0,0.011
163,melhoria,1,7,29318.8304,685.427,13804.672,14799.736,0.0,0.014
163,melhoria,2,9,29318.8181,685.427,13804.672,14799.736,0.0,0.022
163,melhoria,3,12,27515.738,678.5615,13162.0613,13646.332,0.0,0.033
163,melhoria,3,15,25752.5105,673.0691,12326.6672,12723.6088,0.0,0.054
163,melhoria,3,18,24856.6287,667.5767,12111.2211,12048.5904,0.0,0.071
163,melhoria,1,19,24851.0136,668.6752,11979.6574,12171.6202,0.0,0.072
163,melhoria,1,20,10597.9722,592.9777,6281.0784,3693.4997,0.0,0.077
163,melhoria,1,21,10596.1011,592.9777,6281.0784,3693.4997,0.0,0.084
163,melhoria,3,24,2037.0669,536.8829,1472.1279,0.0,0.0,0.091
163,melhoria,1,25,1636.3857,538.9769,1070.4962,0.0,0.0,0.092
163,melhoria,1,26,1312.7129,538.9769,749.1908,0.0,0.0,0.093
163,melhoria,1,27,648.8856,538.9769,85.4205,0.0,0.0,0.094
163,melhoria,2,29,648.8638,538.9769,85.4205,0.0,0.0,0.102
163,melhoria,3,32,648.8278,538.9769,85.4205,0.0,0.0,0.124
163,melhoria,3,35,563.3683,538.9769,0.0,0.0,0.0,0.138
163,melhoria,3,38,563.2848,538.9769,0.0,0.0,0.0,0.156
163,melhoria,1,39,562.513,538.9769,0.0,0.0,0.0,0.158
163,melhoria,3,42,560.0353,536.2307,0.0,0.0,0.0,0.179
163,melhoria,3,45,559.8856,536.2307,0.0,0.0,0.0,0.191
163,melhoria,2,47,559.702,536.2307,0.0,0.0,0.0,0.2
163,melhoria,3,50,559.4223,536.2307,0.0,0.0,0.0,0.22
163,melhoria,3,53,559.0323,536.2307,0.0,0.0,0.0,0.279
163,saida,0,58,559.0323,536.2307,0.0,0.0,0.0,0.338
163,entrada,0,0,559.0323,536.2307,0.0,0.0,0.0,0.0
163,saida,0,5,559.0323,536.2307,0.0,0.0,0.0,0.067
163,entrada,0,0,559.0323,536.2307,0.0,0.0,0.0,0.0
163,saida,0,5,559.0323,536.2307,0.0,0.0,0.0,0.067
163,entrada,0,0,559.0323,536.2307,0.0,0.0,0.0,0.0
163,saida,0,5,559.0323,536.2307,0.0,0.0,0.0,0.062
164,entrada,0,0,1427.9145,538.4276,864.1425,0.0,0.0,0.0
164,melhoria,1,1,864.2635,538.4276,298.6425,0.0,0.0,0.001
164,melhoria,1,2,654.8094,538.4276,85.4205,0.0,0.0,0.003
164,melhoria,1,3,654.4626,538.9769,85.4205,0.0,0.0,0.004
164,melhoria,1,4,653.6302,538.9769,85.4205,0.0,0.0,0.005
164,melhoria,1,5,652.5855,538.9769,85.4205,0.0,0.0,0.006
164,melhoria,1,6,563.4847,538.9769,0.0,0.0,0.0,0.008
164,melhoria,1,7,563.2609,539.6634,0.0,0.0,0.0,0.01
164,melhoria,1,8,562.8174,538.4276,0.0,0.0,0.0,0.015
164,melhoria,1,9,562.8081,538.4276,0.0,0.0,0.0,0.016
164,melhoria,3,12,562.7925,538.4276,0.0,0.0,0.0,0.027
164,melhoria,3,15,561.3695,536.2307,0.0,0.0,0.0,0.075
164,saida,0,20,561.3695,536.2307,0.0,0.0,0.0,0.153
164,entrada,0,0,561.3695,536.2307,0.0,0.0,0.0,0.0
164,melhoria,3,3,561.1205,536.2307,0.0,0.0,0.0,0.04
164,saida,0,8,561.1205,536.2307,0.0,0.0,0.0,0.107
164,entrada,0,0,561.1205,536.2307,0.0,0.0,0.0,0.0
164,saida,0,5,561.1205,536.2307,0.0,0.0,0.0,0.068
164,entrada,0,0,561.1205,536.2307,0.0,0.0,0.0,0.0
164,saida,0,5,561.1205,536.2307,0.0,0.0,0.0,0.067
165,entrada,0,0,16952.01,630.7688,8367.358,7926.1042,0.0,0.0
165,melhoria,1,1,16949.7553,630.7688,8367.358,7926.1042,0.0,0.001
165,melhoria,1,2,16948.8114,630.7688,8367.358,7926.1042,0.0,0.002
165,melhoria,2,4,16105.5114,626.5846,7996.88,7457.4783,0.0,0.01
165,melhoria,1,5,15284.3217,622.5966,7623.6007,7010.8192,0.0,0.017
165,melhoria,2,7,15263.0236,622.5966,7602.4412,7010.8192,0.0,0.025
165,melhoria,3,10,14377.3882,618.4124,7189.6444,6542.1933,0.0,0.061
165,melhoria,3,13,14377.387,618.4124,7189.6444,6542.1933,0.0,0.116
165,saida,0,18,14377.387,618.4124,7189.6444,6542.1933,0.0,0.188
166,entrada,0,0,2374.0057,534.9949,1250.4604,565.6449,0.0,0.0
166,melhoria,1,1,557.8984,536.2307,0.0,0.0,0.0,0.004
166,saida,0,6,557.8984,536.2307,0.0,0.0,0.0,0.065
166,entrada,0,0,557.8984,536.2307,0.0,0.0,0.0,0.0
166,saida,0,5,557.8984,536.2307,0.0,0.0,0.0,0.066
166,entrada,0,0,557.8984,536.2307,0.0,0.0,0.0,0.0
166,saida,0,5,557.8984,536.2307,0.0,0.0,0.0,0.059
166,entrada,0,0,557.8984,536.2307,0.0,0.0,0.0,0.0
166,melhoria,3,3,557.7824,536.2307,0.0,0.0,0.0,0.052
166,saida,0,8,557.7824,536.2307,0.0,0.0,0.0,0.116
167,entrada,0,0,2374.0057,534.9949,1250.4604,565.6449,0.0,0.0
167,melhoria,1,1,557.8984,536.2307,0.0,0.0,0.0,0.001
167,melhoria,3,4,557.782,536.2307,0.0,0.0,0.0,0.04
167,saida,0,9,557.782,536.2307,0.0,0.0,0.0,0.11
167,entrada,0,0,557.782,536.2307,0.0,0.0,0.0,0.0
167,saida,0,5,557.782,536.2307,0.0,0.0,0.0,0.062
167,entrada,0,0,557.782,536.2307,0.0,0.0,0.0,0.0
167,saida,0,5,557.782,536.2307,0.0,0.0,0.0,0.06
167,entrada,0,0,557.782,536.2307,0.0,0.0,0.0,0.0
167,saida,0,5,557.782,536.2307,0.0,0.0,0.0,0.063
168,entrada,0,0,17093.8708,534.9949,12720.7363,3810.9653,0.0,0.0
168,melhoria,1,1,14443.9814,605.5818,8348.3551,5458.0977,0.0,0.0
168,melhoria,1,2,14441.1814,605.5818,8348.3551,5458.0977,0.0,0.003
168,melhoria,3,5,12070.7346,605.5818,6331.1653,5105.1663,0.0,0.02
168,melhoria,1,6,6229.1914,524.5319,4508.8909,1169.2421,0.0,0.022
168,melhoria,1,7,2362.8351,524.5319,1809.4986,0.0,0.0,0.022
168,melhoria,1,8,2358.2323,521.3075,1809.4986,0.0,0.0,0.027
168,melhoria,1,9,2356.6469,521.3075,1809.4986,0.0,0.0,0.034
168,melhoria,1,10,2355.8056,521.3075,1809.4986,0.0,0.0,0.037
168,melhoria,3,13,2034.618,521.3075,1488.1932,0.0,0.0,0.046
168,melhoria,3,16,2024.796,511.7575,1488.1932,0.0,0.0,0.067
168,melhoria,1,17,1982.7097,470.608,1488.1932,0.0,0.0,0.07
168,melhoria,3,20,1982.4572,470.608,1488.1932,0.0,0.0,0.102
168,melhoria,3,23,1961.84,470.608,1467.0337,0.0,0.0,0.132
168,melhoria,1,24,1349.3173,501.4683,818.546,0.0,0.0,0.132
168,melhoria,1,25,1348.8245,501.4683,818.546,0.0,0.0,0.133
168,melhoria,1,26,1204.6327,501.4683,673.9586,0.0,0.0,0.137
168,melhoria,1,27,1202.57,501.4683,673.9586,0.0,0.0,0.139
168,melhoria,1,28,693.616,483.2194,186.9063,0.0,0.0,0.14
168,melhoria,2,30,693.4153,483.028,186.9063,0.0,0.0,0.148
168,melhoria,3,33,692.3837,482.005,186.9063,0.0,0.0,0.17
168,melhoria,1,34,471.8725,428.6246,21.1594,0.0,0.0,0.171
168,melhoria,1,35,469.9454,428.6246,21.1594,0.0,0.0,0.176
168,melhoria,3,38,469.864,428.6246,21.1594,0.0,0.0,0.197
168,melhoria,3,41,469.4775,428.6246,21.1594,0.0,0.0,0.221
168,melhoria,3,44,469.3117,428.6246,21.1594,0.0,0.0,0.257
168,melhoria,1,45,467.9461,428.6246,21.1594,0.0,0.0,0.258
168,saida,0,50,467.9461,428.6246,21.1594,0.0,0.0,0.325
170,entrada,0,0,23742.4215,640.7062,12628.3629,10446.2949,0.0,0.0
170,melhoria,1,1,20139.4557,639.6601,10550.4747,8921.9343,0.0,0.001
170,melhoria,3,4,18788.8133,633.1224,9938.5413,8189.7063,0.0,0.008
170,melhoria,3,7,18772.6546,633.1224,9922.4514,8189.7063,0.0,0.02
170,melhoria,2,9,17447.1988,633.1224,8596.856,8189.7063,0.0,0.027
170,melhoria,3,12,17447.1087,633.1224,8596.856,8189.7063,0.0,0.036
170,melhoria,3,15,17446.8884,633.1224,8596.856,8189.7063,0.0,0.054
170,melhoria,3,18,17446.8865,633.1224,8596.856,8189.7063,0.0,0.063
170,melhoria,3,21,15758.849,624.9502,7831.9393,7274.4213,0.0,0.098
170,melhoria,3,24,15758.7743,624.9502,7831.9393,7274.4213,0.0,0.124
170,melhoria,3,27,15728.2602,624.9502,7801.5778,7274.4213,0.0,0.144
170,melhoria,2,29,15728.0999,624.9502,7801.5778,7274.4213,0.0,0.152
170,melhoria,3,32,15727.9584,624.9502,7801.5778,7274.4213,0.0,0.179
170,melhoria,3,35,15727.5539,624.9502,7801.5778,7274.4213,0.0,0.19
170,melhoria,1,36,15121.8516,622.0082,7526.2078,6944.9187,0.0,0.194
170,melhoria,3,39,14402.6835,616.778,7397.8725,6359.1363,0.0,0.21
170,melhoria,1,40,14258.0761,617.824,7134.5704,6476.2928,0.0,0.212
170,melhoria,3,43,14257.7057,617.824,7134.5704,6476.2928,0.0,0.24
170,melhoria,3,46,14257.6239,617.824,7134.5704,6476.2928,0.0,0.253
170,melhoria,3,49,14257.4903,617.824,7134.5704,6476.2928,0.0,0.271
170,melhoria,3,52,13177.249,612.5938,6645.0237,5890.5104,0.0,0.315
170,melhoria,3,55,13177.1464,612.5938,6645.0237,5890.5104,0.0,0.352
170,melhoria,3,58,13177.1357,612.5938,6645.0237,5890.5104,0.0,0.369
170,melhoria,3,61,13177.0603,612.5938,6645.0237,5890.5104,0.0,0.417
170,saida,0,66,13177.0603,612.5938,6645.0237,5890.5104,0.0,0.494
171,entrada,0,0,13071.5088,534.9949,7359.6744,5149.291,0.0,0.0
171,melhoria,1,1,10693.5136,593.7226,6295.3951,3776.9299,0.0,0.003
171,melhoria,1,2,9079.8715,540.4886,6385.1648,2128.9217,0.0,0.003
171,melhoria,1,3,3454.4926,540.4886,2883.7546,0.0,0.0,0.004
171,melhoria,1,4,3451.6926,540.4886,2883.7546,0.0,0.0,0.007
171,melhoria,1,5,3063.9783,540.8115,2496.9231,0.0,0.0,0.01
171,melhoria,1,6,2201.3875,540.8115,1632.7806,0.0,0.0,0.013
171,melhoria,3,9,2171.9077,511.7842,1632.7806,0.0,0.0,0.022
171,melhoria,3,12,2171.547,511.7842,1632.7806,0.0,0.0,0.033
171,melhoria,3,15,2005.9279,511.7842,1467.0337,0.0,0.0,0.047
171,melhoria,3,18,1985.8268,491.9613,1467.0337,0.0,0.0,0.081
171,melhoria,1,19,1787.0911,532.2085,1223.2541,0.0,0.0,0.081
171,melhoria,1,20,1235.2939,532.2085,673.9586,0.0,0.0,0.086
171,melhoria,3,23,1235.1603,532.4263,673.9586,0.0,0.0,0.097
171,melhoria,2,25,1234.9881,532.2085,673.9586,0.0,0.0,0.108
171,melhoria,1,26,1232.8365,532.2085,673.9586,0.0,0.0,0.111
171,melhoria,1,27,1231.4891,532.2085,673.9586,0.0,0.0,0.111
171,melhoria,2,29,1231.4251,532.2085,673.9586,0.0,0.0,0.119
171,melhoria,3,32,1231.264,532.2085,673.9586,0.0,0.0,0.136
171,melhoria,1,33,1172.2406,532.2085,612.5842,0.0,0.0,0.136
171,melhoria,3,36,1089.0752,532.2085,529.3712,0.0,0.0,0.149
171,melhoria,3,39,1089.0441,532.1776,529.3712,0.0,0.0,0.167
171,melhoria,2,41,1088.8343,531.9216,529.3712,0.0,0.0,0.178
171,melhoria,3,44,1085.1254,528.0201,529.3712,0.0,0.0,0.201
171,melhoria,3,47,1063.8098,528.0201,508.2117,0.0,0.0,0.219
171,melhoria,3,50,1051.9328,516.2412,508.2117,0.0,0.0,0.234
171,melhoria,1,51,1046.2971,511.8118,508.2117,0.0,0.0,0.238
171,melhoria,2,53,1046.2719,511.8118,508.2117,0.0,0.0,0.246
171,melhoria,3,56,1045.1947,510.7435,508.2117,0.0,0.0,0.26
171,melhoria,3,59,1017.393,483.1716,508.2117,0.0,0.0,0.275
171,melhoria,2,61,1017.2252,482.9802,508.2117,0.0,0.0,0.284
171,melhoria,3,64,1015.0359,480.809,508.2117,0.0,0.0,0.316
171,melhoria,2,66,1015.0107,480.809,508.2117,0.0,0.0,0.324
171,melhoria,3,69,1014.9387,480.809,508.2117,0.0,0.0,0.368
171,melhoria,1,70,1013.9984,480.809,508.2117,0.0,0.0,0.374
171,melhoria,3,73,1013.7138,480.809,508.2117,0.0,0.0,0.384
171,melhoria,1,74,1012.1561,481.2395,508.2117,0.0,0.0,0.386
171,melhoria,2,76,690.7405,481.2395,186.9063,0.0,0.0,0.392
171,melhoria,3,79,525.5377,481.2395,21.1594,0.0,0.0,0.427
171,melhoria,4,83,525.1035,480.809,21.1594,0.0,0.0,0.49
171,saida,0,88,525.1035,480.809,21.1594,0.0,0.0,0.553
172,entrada,0,0,2490.1919,542.7186,1355.1593,565.6449,0.0,0.0
172,melhoria,1,1,789.287,543.9544,220.3688,0.0,0.0,0.001
172,melhoria,1,2,676.7609,542.7186,104.6989,0.0,0.0,0.002
172,melhoria,1,3,617.9954,541.8604,45.532,0.0,0.0,0.003
172,melhoria,1,4,615.1036,541.8604,45.532,0.0,0.0,0.005
172,melhoria,1,5,613.8048,541.8604,45.532,0.0,0.0,0.01
172,melhoria,1,6,589.9284,541.0022,21.1594,0.0,0.0,0.011
172,melhoria,1,7,588.4185,541.0022,21.1594,0.0,0.0,0.016
172,melhoria,3,10,588.3192,541.0022,21.1594,0.0,0.0,0.037
172,melhoria,3,13,588.2813,541.0022,21.1594,0.0,0.0,0.054
172,saida,0,18,588.2813,541.0022,21.1594,0.0,0.0,0.121
172,entrada,0,0,588.2813,541.0022,21.1594,0.0,0.0,0.0
172,saida,0,5,588.2813,541.0022,21.1594,0.0,0.0,0.062
172,entrada,0,0,588.2813,541.0022,21.1594,0.0,0.0,0.0
172,melhoria,3,3,588.2108,541.0022,21.1594,0.0,0.0,0.045
172,saida,0,8,588.2108,541.0022,21.1594,0.0,0.0,0.104
172,entrada,0,0,588.2108,541.0022,21.1594,0.0,0.0,0.0
172,saida,0,5,588.2108,541.0022,21.1594,0.0,0.0,0.093
173,entrada,0,0,2374.0057,534.9949,1250.4604,565.6449,0.0,0.0
173,melhoria,1,1,557.8984,536.2307,0.0,0.0,0.0,0.004
173,melhoria,3,4,557.7824,536.2307,0.0,0.0,0.0,0.065
173,saida,0,9,557.7824,536.2307,0.0,0.0,0.0,0.134
173,entrada,0,0,557.7824,536.2307,0.0,0.0,0.0,0.0
173,saida,0,5,557.7824,536.2307,0.0,0.0,0.0,0.072
173,entrada,0,0,557.7824,536.2307,0.0,0.0,0.0,0.0
173,saida,0,5,557.7824,536.2307,0.0,0.0,0.0,0.073
173,entrada,0,0,557.7824,536.2307,0.0,0.0,0.0,0.0
173,saida,0,5,557.7824,536.2307,0.0,0.0,0.0,0.06
174,entrada,0,0,2374.0057,534.9949,1250.4604,565.6449,0.0,0.0
174,melhoria,1,1,556.8704,536.2307,0.0,0.0,0.0,0.005
174,saida,0,6,556.8704,536.2307,0.0,0.0,0.0,0.067
174,entrada,0,0,556.8704,536.2307,0.0,0.0,0.0,0.0
174,saida,0,5,556.8704,536.2307,0.0,0.0,0.0,0.068
174,entrada,0,0,556.8704,536.2307,0.0,0.0,0.0,0.0
174,saida,0,5,556.8704,536.2307,0.0,0.0,0.0,0.067
174,entrada,0,0,556.8704,536.2307,0.0,0.0,0.0,0.0
174,saida,0,5,556.8704,536.2307,0.0,0.0,0.0,0.06
175,entrada,0,0,12381.5003,534.9949,9492.8316,2330.5748,0.0,0.0
175,melhoria,1,1,7503.9713,584.7427,4123.5736,2771.178,0.0,0.001
175,melhoria,1,2,7441.0516,584.7427,4059.3125,2771.178,0.0,0.004
175,melhoria,1,3,2106.5338,535.6814,1545.1893,0.0,0.0,0.005
175,melhoria,1,4,646.634,536.2307,85.4205,0.0,0.0,0.006
175,melhoria,1,5,558.8223,536.2307,0.0,0.0,0.0,0.008
175,melhoria,1,6,557.909,536.2307,0.0,0.0,0.0,0.008
175,melhoria,3,9,557.7922,536.2307,0.0,0.0,0.0,0.021
175,saida,0,14,557.7922,536.2307,0.0,0.0,0.0,0.089
175,entrada,0,0,557.7922,536.2307,0.0,0.0,0.0,0.0
175,saida,0,5,557.7922,536.2307,0.0,0.0,0.0,0.064
175,entrada,0,0,557.7922,536.2307,0.0,0.0,0.0,0.0
175,saida,0,5,557.7922,536.2307,0.0,0.0,0.0,0.065
175,entrada,0,0,557.7922,536.2307,0.0,0.0,0.0,0.0
175,saida,0,5,557.7922,536.2307,0.0,0.0,0.0,0.064
177,entrada,0,0,42554.1114,679.7238,28439.1894,13409.0681,0.0,0.0
177,melhoria,2,2,42423.9331,679.7238,28308.6436,13409.0681,0.0,0.008
177,melhoria,1,3,42301.8572,679.7238,28184.2171,13409.0681,0.0,0.01
177,melhoria,2,5,42216.1986,679.7238,28098.5357,13409.0681,0.0,0.018
177,melhoria,3,8,41692.8344,677.9804,27772.1712,13213.8073,0.0,0.03
177,melhoria,1,9,41690.5114,677.9804,27772.1712,13213.8073,0.0,0.03
177,melhoria,1,10,41689.5431,677.9804,27772.1712,13213.8073,0.0,0.038
177,melhoria,2,12,41401.4052,676.5857,27641.6254,13057.5987,0.0,0.047
177,melhoria,1,13,41129.2587,675.2564,27517.1989,12908.7123,0.0,0.052
177,melhoria,3,16,41129.2518,675.2564,27517.1989,12908.7123,0.0,0.07
177,melhoria,2,18,41129.0,675.2564,27517.1989,12908.7123,0.0,0.08
177,melhoria,3,21,40874.7308,675.2564,27262.2267,12908.7123,0.0,0.114
177,melhoria,3,24,23476.8646,627.4117,15271.2089,7550.1072,0.0,0.148
177,melhoria,3,27,12689.8698,610.2403,6424.7276,5626.9083,0.0,0.192
177,melhoria,3,30,12689.7179,610.2403,6424.7276,5626.9083,0.0,0.244
177,melhoria,3,33,12689.6486,610.2403,6424.7276,5626.9083,0.0,0.268
177,melhoria,4,37,565.6017,538.4276,0.0,0.0,0.0,0.329
177,melhoria,3,40,565.5603,538.4276,0.0,0.0,0.0,0.357
177,melhoria,1,41,562.9236,538.4276,0.0,0.0,0.0,0.361
177,melhoria,2,43,562.7743,538.4276,0.0,0.0,0.0,0.369
177,melhoria,2,45,562.6712,538.4276,0.0,0.0,0.0,0.376
177,melhoria,3,48,560.5654,536.2307,0.0,0.0,0.0,0.413
177,melhoria,3,51,560.449,536.2307,0.0,0.0,0.0,0.423
177,melhoria,3,54,560.3927,536.2307,0.0,0.0,0.0,0.436
177,melhoria,3,57,560.3772,536.2307,0.0,0.0,0.0,0.471
177,melhoria,3,60,560.1039,536.2307,0.0,0.0,0.0,0.5
177,melhoria,3,63,560.1034,536.2307,0.0,0.0,0.0,0.521
177,saida,0,68,560.1034,536.2307,0.0,0.0,0.0,0.589
177,entrada,0,0,560.1034,536.2307,0.0,0.0,0.0,0.0
177,saida,0,5,560.1034,536.2307,0.0,0.0,0.0,0.066
177,entrada,0,0,560.1034,536.2307,0.0,0.0,0.0,0.0
177,saida,0,5,560.1034,536.2307,0.0,0.0,0.0,0.066
177,entrada,0,0,560.1034,536.2307,0.0,0.0,0.0,0.0
177,saida,0,5,560.1034,536.2307,0.0,0.0,0.0,0.065
179,entrada,0,0,19799.7556,532.9009,13843.81,5386.6977,0.0,0.0
179,melhoria,1,1,11575.8558,596.0585,6906.8166,4038.5549,0.0,0.0
179,melhoria,1,2,11573.0558,596.0585,6906.8166,4038.5549,0.0,0.001
179,melhoria,1,3,11227.9092,594.3792,6749.6353,3850.4747,0.0,0.005
179,melhoria,1,4,10966.742,594.3792,6492.591,3850.4747,0.0,0.005
179,melhoria,1,5,10963.942,594.3792,6492.591,3850.4747,0.0,0.005
179,melhoria,1,6,2024.6706,534.1367,1467.0337,0.0,0.0,0.005
179,melhoria,1,7,2024.6612,534.1367,1467.0337,0.0,0.0,0.006
179,saida,0,12,2024.6612,534.1367,1467.0337,0.0,0.0,0.07
179,entrada,0,0,2024.6612,534.1367,1467.0337,0.0,0.0,0.0
179,saida,0,5,2024.6612,534.1367,1467.0337,0.0,0.0,0.064
180,entrada,0,0,1140.1657,541.1738,572.4728,0.0,0.0,0.0
180,melhoria,1,1,1136.9446,541.1738,572.4728,0.0,0.0,0.0
180,melhoria,1,2,1073.4277,540.6246,508.2117,0.0,0.0,0.001
180,melhoria,1,3,1010.5051,540.6246,443.9506,0.0,0.0,0.005
180,melhoria,1,4,607.4031,540.6246,42.3189,0.0,0.0,0.008
180,melhoria,3,7,586.519,540.6246,21.1594,0.0,0.0,0.019
180,melhoria,3,10,586.5139,540.6246,21.1594,0.0,0.0,0.028
180,melhoria,3,13,586.3388,540.6246,21.1594,0.0,0.0,0.038
180,melhoria,3,16,562.6716,538.4276,0.0,0.0,0.0,0.052
180,melhoria,3,19,562.6387,538.4276,0.0,0.0,0.0,0.092
180,melhoria,1,20,562.3831,538.9769,0.0,0.0,0.0,0.095
180,melhoria,3,23,559.4925,536.2307,0.0,0.0,0.0,0.108
180,saida,0,28,559.4925,536.2307,0.0,0.0,0.0,0.169
180,entrada,0,0,559.4925,536.2307,0.0,0.0,0.0,0.0
180,saida,0,5,559.4925,536.2307,0.0,0.0,0.0,0.062
180,entrada,0,0,559.4925,536.2307,0.0,0.0,0.0,0.0
180,saida,0,5,559.4925,536.2307,0.0,0.0,0.0,0.06
180,entrada,0,0,559.4925,536.2307,0.0,0.0,0.0,0.0
180,saida,0,5,559.4925,536.2307,0.0,0.0,0.0,0.063
181,entrada,0,0,2398.8824,534.9949,1271.6199,565.6449,0.0,0.0
181,melhoria,1,1,581.7471,536.2307,21.1594,0.0,0.0,0.0
181,melhoria,3,4,560.9492,536.2307,0.0,0.0,0.0,0.009
181,saida,0,9,560.9492,536.2307,0.0,0.0,0.0,0.077
181,entrada,0,0,560.9492,536.2307,0.0,0.0,0.0,0.0
181,saida,0,5,560.9492,536.2307,0.0,0.0,0.0,0.069
181,entrada,0,0,560.9492,536.2307,0.0,0.0,0.0,0.0
181,saida,0,5,560.9492,536.2307,0.0,0.0,0.0,0.065
181,entrada,0,0,560.9492,536.2307,0.0,0.0,0.0,0.0
181,saida,0,5,560.9492,536.2307,0.0,0.0,0.0,0.066
182,entrada,0,0,23862.1576,657.0725,11915.7028,11261.548,0.0,0.0
182,melhoria,3,3,23474.6686,657.0725,11917.4555,10872.1183,0.0,0.01
182,melhoria,3,6,23474.6313,657.0725,11917.4555,10872.1183,0.0,0.022
182,melhoria,2,8,23474.5641,657.0725,11917.4555,10872.1183,0.0,0.029
182,melhoria,4,12,16649.7457,623.3158,8907.5069,7091.3643,0.0,0.09
182,melhoria,1,13,15651.3894,623.3158,7908.9382,7091.3643,0.0,0.093
182,melhoria,1,14,15588.8029,620.7007,8140.907,6798.4731,0.0,0.098
182,melhoria,2,16,15074.138,616.5165,8098.7451,6329.8472,0.0,0.105
182,melhoria,1,17,15058.6068,615.4705,8196.8321,6212.6907,0.0,0.106
182,melhoria,2,19,8883.7527,585.5856,5399.609,2865.5861,0.0,0.114
182,melhoria,1,20,7201.548,543.92,4653.1152,1972.3457,0.0,0.115
182,melhoria,1,21,1870.06,545.1558,1295.2384,0.0,0.0,0.117
182,melhoria,1,22,1571.2839,545.1558,996.5959,0.0,0.0,0.117
182,melhoria,1,23,1568.9533,545.1558,996.5959,0.0,0.0,0.121
182,melhoria,2,25,1309.1732,542.4096,739.5516,0.0,0.0,0.129
182,melhoria,1,26,1308.3499,542.4096,739.5516,0.0,0.0,0.134
182,melhoria,2,28,1308.1184,542.4096,739.5516,0.0,0.0,0.142
182,melhoria,3,31,1307.9409,542.4096,739.5516,0.0,0.0,0.152
182,melhoria,1,32,1252.5167,541.5514,684.9297,0.0,0.0,0.156
182,melhoria,2,34,1246.2863,535.3725,684.9297,0.0,0.0,0.167
182,melhoria,1,35,1244.411,535.3725,684.9297,0.0,0.0,0.171
182,melhoria,1,36,588.8763,540.8649,21.1594,0.0,0.0,0.174
182,melhoria,3,39,588.8751,540.8649,21.1594,0.0,0.0,0.189
182,melhoria,3,42,588.8619,540.8649,21.1594,0.0,0.0,0.211
182,melhoria,3,45,588.7916,540.8649,21.1594,0.0,0.0,0.227
182,melhoria,3,48,586.266,538.1187,21.1594,0.0,0.0,0.244
182,saida,0,53,586.266,538.1187,21.1594,0.0,0.0,0.321
182,entrada,0,0,586.266,538.1187,21.1594,0.0,0.0,0.0
182,melhoria,3,3,586.1519,538.1187,21.1594,0.0,0.0,0.015
182,melhoria,2,5,586.1347,538.1187,21.1594,0.0,0.0,0.027
182,melhoria,3,8,586.1312,538.1187,21.1594,0.0,0.0,0.06
182,melhoria,3,11,586.1282,538.1187,21.1594,0.0,0.0,0.109
182,saida,0,16,586.1282,538.1187,21.1594,0.0,0.0,0.18
182,entrada,0,0,586.1282,538.1187,21.1594,0.0,0.0,0.0
182,melhoria,3,3,586.0124,538.1187,21.1594,0.0,0.0,0.017
182,melhoria,3,6,586.0113,538.1187,21.1594,0.0,0.0,0.028
182,saida,0,11,586.0113,538.1187,21.1594,0.0,0.0,0.097
182,entrada,0,0,586.0113,538.1187,21.1594,0.0,0.0,0.0
182,melhoria,3,3,585.9614,538.1187,21.1594,0.0,0.0,0.036
182,saida,0,8,585.9614,538.1187,21.1594,0.0,0.0,0.106
183,entrada,0,0,6215.1445,538.9769,3601.0115,2049.7731,0.0,0.0
183,melhoria,1,1,2085.7524,538.2903,1518.2605,0.0,0.0,0.0
183,melhoria,1,2,1709.5469,530.6551,1150.8225,0.0,0.0,0.001
183,melhoria,1,3,1401.5771,483.4586,893.7782,0.0,0.0,0.003
183,melhoria,1,4,1400.1367,483.4586,893.7782,0.0,0.0,0.008
183,melhoria,1,5,1399.134,483.4586,893.7782,0.0,0.0,0.011
183,melhoria,3,8,1169.0305,483.2194,663.7702,0.0,0.0,0.049
183,melhoria,3,11,1168.8851,483.1596,663.7702,0.0,0.0,0.062
183,melhoria,3,14,1156.358,470.736,663.7702,0.0,0.0,0.115
183,melhoria,3,17,1156.1928,470.736,663.7702,0.0,0.0,0.124
183,melhoria,3,20,1156.0202,470.736,663.7702,0.0,0.0,0.137
183,melhoria,3,23,1155.9076,470.736,663.7702,0.0,0.0,0.188
183,melhoria,4,27,1155.8419,470.736,663.7702,0.0,0.0,0.259
183,melhoria,1,28,727.0311,541.7231,161.2019,0.0,0.0,0.261
183,melhoria,1,29,727.0261,541.7231,161.2019,0.0,0.0,0.261
183,melhoria,1,30,651.2111,541.1738,85.4205,0.0,0.0,0.263
183,melhoria,1,31,649.8441,541.1738,85.4205,0.0,0.0,0.267
183,melhoria,1,32,648.8759,541.1738,85.4205,0.0,0.0,0.27
183,melhoria,2,34,648.7604,541.1738,85.4205,0.0,0.0,0.277
183,melhoria,1,35,587.2566,540.6246,21.1594,0.0,0.0,0.282
183,melhoria,1,36,587.1957,540.6246,21.1594,0.0,0.0,0.286
183,melhoria,1,37,586.3714,540.6246,21.1594,0.0,0.0,0.288
183,melhoria,1,38,584.8179,540.6246,21.1594,0.0,0.0,0.294
183,melhoria,1,39,583.8497,540.6246,21.1594,0.0,0.0,0.299
183,melhoria,3,42,561.168,538.4276,0.0,0.0,0.0,0.323
183,melhoria,1,43,560.472,538.4276,0.0,0.0,0.0,0.327
183,melhoria,2,45,560.2917,538.4276,0.0,0.0,0.0,0.335
183,melhoria,2,47,560.0979,538.4276,0.0,0.0,0.0,0.343
183,melhoria,3,50,560.0652,538.4276,0.0,0.0,0.0,0.352
183,melhoria,3,53,559.9888,538.4276,0.0,0.0,0.0,0.393
183,melhoria,3,56,559.9823,538.4276,0.0,0.0,0.0,0.438
183,melhoria,3,59,559.904,538.4276,0.0,0.0,0.0,0.457
183,melhoria,3,62,559.7252,538.4276,0.0,0.0,0.0,0.475
183,melhoria,3,65,559.1011,538.4276,0.0,0.0,0.0,0.528
183,melhoria,3,68,557.9568,536.2307,0.0,0.0,0.0,0.547
183,melhoria,1,69,557.9475,536.2307,0.0,0.0,0.0,0.551
183,melhoria,3,72,557.8311,536.2307,0.0,0.0,0.0,0.563
183,saida,0,77,557.8311,536.2307,0.0,0.0,0.0,0.629
183,entrada,0,0,557.8311,536.2307,0.0,0.0,0.0,0.0
183,saida,0,5,557.8311,536.2307,0.0,0.0,0.0,0.065
183,entrada,0,0,557.8311,536.2307,0.0,0.0,0.0,0.0
183,saida,0,5,557.8311,536.2307,0.0,0.0,0.0,0.066
183,entrada,0,0,557.8311,536.2307,0.0,0.0,0.0,0.0
183,saida,0,5,557.8311,536.2307,0.0,0.0,0.0,0.068
183,entrada,0,0,34495.6078,700.8744,16375.1152,17394.895,0.0,0.0
183,melhoria,1,1,34495.0328,700.8744,16375.1152,17394.895,0.0,0.0
183,melhoria,1,2,34493.5228,700.8744,16375.1152,17394.895,0.0,0.001
183,melhoria,1,3,34492.9478,700.8744,16375.1152,17394.895,0.0,0.004
183,melhoria,1,4,34492.0145,700.8744,16375.1152,17394.895,0.0,0.004
183,melhoria,1,5,34491.0812,700.8744,16375.1152,17394.895,0.0,0.007
183,melhoria,3,8,33277.6276,695.382,16089.0167,16472.1718,0.0,0.014
183,melhoria,1,9,33255.5144,695.382,16065.3827,16472.1718,0.0,0.014
183,melhoria,1,10,32853.1382,694.0089,15894.1614,16241.491,0.0,0.015
183,melhoria,1,11,32690.8857,694.0089,15732.5044,16241.491,0.0,0.016
183,melhoria,1,12,32690.3107,694.0089,15732.5044,16241.491,0.0,0.02
183,melhoria,1,13,32689.3774,694.0089,15732.5044,16241.491,0.0,0.02
183,melhoria,3,16,31214.5947,689.615,14999.9281,15503.3124,0.0,0.031
183,melhoria,1,17,30847.3451,688.5165,14816.7841,15318.7678,0.0,0.032
183,melhoria,1,18,30847.3391,688.5165,14816.7841,15318.7678,0.0,0.032
183,melhoria,1,19,30845.8224,688.5165,14816.7841,15318.7678,0.0,0.037
183,melhoria,3,22,30845.6505,688.5165,14816.7841,15318.7678,0.0,0.051
183,melhoria,3,25,29370.8081,684.1226,14084.2077,14580.5892,0.0,0.065
183,melhoria,3,28,29370.642,684.1226,14084.2077,14580.5892,0.0,0.087
183,melhoria,3,31,29370.4866,684.1226,14084.2077,14580.5892,0.0,0.134
183,melhoria,1,32,28963.0203,681.0331,14196.6646,14061.5574,0.0,0.14
183,melhoria,1,33,28595.1402,679.9346,14013.5206,13877.0128,0.0,0.144
183,melhoria,1,34,28594.1295,679.9346,14013.5206,13877.0128,0.0,0.148
183,melhoria,3,37,27130.8216,675.5407,13292.3842,13138.8342,0.0,0.158
183,melhoria,1,38,27120.6563,675.5407,13280.9442,13138.8342,0.0,0.162
183,melhoria,1,39,27119.7222,675.5407,13280.9442,13138.8342,0.0,0.169
183,melhoria,3,42,27119.6841,675.5407,13280.9442,13138.8342,0.0,0.185
183,melhoria,3,45,27119.5997,675.5407,13280.9442,13138.8342,0.0,0.202
183,melhoria,3,48,26579.7725,670.0483,13559.633,12325.4074,0.0,0.226
183,melhoria,1,49,26475.8817,670.0483,13455.7335,12325.4074,0.0,0.227
183,melhoria,1,50,25387.3208,670.0483,12365.2239,12325.4074,0.0,0.227
183,melhoria,3,53,25387.137,670.0483,12365.2239,12325.4074,0.0,0.251
183,melhoria,3,56,25386.496,670.0483,12365.2239,12325.4074,0.0,0.26
183,melhoria,1,57,25384.9793,670.0483,12365.2239,12325.4074,0.0,0.262
183,melhoria,3,60,24156.4584,665.6544,11632.6475,11833.2883,0.0,0.279
183,melhoria,1,61,24156.347,665.6544,11632.6475,11833.2883,0.0,0.283
183,melhoria,1,62,24156.3407,665.6544,11632.6475,11833.2883,0.0,0.289
183,melhoria,3,65,24156.3334,665.6544,11632.6475,11833.2883,0.0,0.314
183,melhoria,3,68,24156.2612,665.6544,11632.6475,11833.2883,0.0,0.345
183,saida,0,73,24156.2612,665.6544,11632.6475,11833.2883,0.0,0.419
184,entrada,0,0,25829.0811,668.6752,12959.6388,12171.6202,0.0,0.0
184,melhoria,1,1,24766.3753,668.6752,11894.2368,12171.6202,0.0,0.004
184,melhoria,1,2,24762.6419,668.6752,11894.2368,12171.6202,0.0,0.004
184,melhoria,1,3,3033.2717,539.6291,2467.8454,0.0,0.0,0.007
184,melhoria,1,4,1226.9371,539.6291,663.7702,0.0,0.0,0.007
184,melhoria,1,5,1226.9356,539.6291,663.7702,0.0,0.0,0.008
184,melhoria,3,8,1225.8311,537.4321,663.7702,0.0,0.0,0.042
184,melhoria,1,9,1225.7839,536.8829,663.7702,0.0,0.0,0.049
184,melhoria,3,12,1225.651,536.8829,663.7702,0.0,0.0,0.085
184,saida,0,17,1225.651,536.8829,663.7702,0.0,0.0,0.168
184,entrada,0,0,1225.651,536.8829,663.7702,0.0,0.0,0.0
184,saida,0,5,1225.651,536.8829,663.7702,0.0,0.0,0.062
185,entrada,0,0,12593.3698,534.9949,9601.4222,2431.0387,0.0,0.0
185,melhoria,1,1,9843.2329,596.0585,5182.7385,4038.5549,0.0,0.0
185,melhoria,1,2,5927.854,483.1118,4251.8466,1169.2421,0.0,0.003
185,melhoria,1,3,2090.1028,511.7842,1552.4543,0.0,0.0,0.003
185,melhoria,1,4,2027.1818,511.7842,1488.1932,0.0,0.0,0.003
185,melhoria,1,5,2025.8916,511.7842,1488.1932,0.0,0.0,0.006
185,melhoria,3,8,2006.1121,492.2803,1488.1932,0.0,0.0,0.033
185,melhoria,1,9,1638.299,534.3364,1075.5904,0.0,0.0,0.034
185,melhoria,1,10,1412.4319,534.3364,850.6766,0.0,0.0,0.036
185,melhoria,1,11,921.7196,534.3364,363.6243,0.0,0.0,0.038
185,melhoria,1,12,869.2753,483.2792,363.6243,0.0,0.0,0.045
185,melhoria,1,13,545.5837,483.2792,42.3189,0.0,0.0,0.053
185,melhoria,3,16,545.5814,483.2792,42.3189,0.0,0.0,0.108
185,melhoria,4,20,533.095,470.896,42.3189,0.0,0.0,0.171
185,melhoria,3,23,533.0877,470.896,42.3189,0.0,0.0,0.191
185,saida,0,28,533.0877,470.896,42.3189,0.0,0.0,0.256
187,entrada,0,0,1075.8449,540.6246,508.2117,0.0,0.0,0.0
187,melhoria,1,1,1074.2792,540.6246,508.2117,0.0,0.0,0.0
187,melhoria,1,2,1073.5617,540.6246,508.2117,0.0,0.0,0.008
187,melhoria,1,3,1010.6407,540.6246,443.9506,0.0,0.0,0.008
187,melhoria,1,4,931.9229,540.6246,363.6243,0.0,0.0,0.008
187,melhoria,1,5,931.228,540.6246,363.6243,0.0,0.0,0.011
187,melhoria,1,6,928.7969,540.6246,363.6243,0.0,0.0,0.011
187,melhoria,1,7,927.5067,540.6246,363.6243,0.0,0.0,0.017
187,melhoria,2,9,903.9823,538.4276,342.4648,0.0,0.0,0.026
187,melhoria,1,10,903.3852,539.6634,342.4648,0.0,0.0,0.028
187,melhoria,3,13,646.6234,539.6634,85.4205,0.0,0.0,0.037
187,melhoria,3,16,561.3155,539.6634,0.0,0.0,0.0,0.06
187,melhoria,1,17,559.4607,539.6634,0.0,0.0,0.0,0.066
187,melhoria,3,20,559.3928,539.6634,0.0,0.0,0.0,0.093
187,saida,0,25,559.3928,539.6634,0.0,0.0,0.0,0.162
187,entrada,0,0,559.3928,539.6634,0.0,0.0,0.0,0.0
187,saida,0,5,559.3928,539.6634,0.0,0.0,0.0,0.062
187,entrada,0,0,559.3928,539.6634,0.0,0.0,0.0,0.0
187,saida,0,5,559.3928,539.6634,0.0,0.0,0.0,0.063
187,entrada,0,0,559.3928,539.6634,0.0,0.0,0.0,0.0
187,saida,0,5,559.3928,539.6634,0.0,0.0,0.0,0.062
189,entrada,0,0,11927.9406,534.9949,9160.3556,2204.9947,0.0,0.0
189,melhoria,1,1,9763.8693,596.0585,5097.318,4038.5549,0.0,0.0
189,melhoria,1,2,6554.0744,536.2307,3664.9763,2324.6417,0.0,0.005
189,melhoria,1,3,566.2584,536.2307,0.0,0.0,0.0,0.006
189,melhoria,4,7,566.1839,536.2307,0.0,0.0,0.0,0.073
189,melhoria,1,8,565.5517,536.2307,0.0,0.0,0.0,0.074
189,melhoria,3,11,565.4087,536.2307,0.0,0.0,0.0,0.093
189,melhoria,1,12,564.8365,536.2307,0.0,0.0,0.0,0.097
189,melhoria,1,13,563.9334,536.2307,0.0,0.0,0.0,0.099
189,melhoria,3,16,563.8011,536.2307,0.0,0.0,0.0,0.114
189,melhoria,1,17,563.7872,536.2307,0.0,0.0,0.0,0.121
189,melhoria,3,20,563.6753,536.2307,0.0,0.0,0.0,0.145
189,melhoria,1,21,563.1885,536.2307,0.0,0.0,0.0,0.151
189,melhoria,3,24,563.1878,536.2307,0.0,0.0,0.0,0.199
189,melhoria,3,27,563.1049,536.2307,0.0,0.0,0.0,0.239
189,melhoria,3,30,563.0122,536.2307,0.0,0.0,0.0,0.27
189,saida,0,35,563.0122,536.2307,0.0,0.0,0.0,0.334
189,entrada,0,0,563.0122,536.2307,0.0,0.0,0.0,0.0
189,saida,0,5,563.0122,536.2307,0.0,0.0,0.0,0.064
189,entrada,0,0,563.0122,536.2307,0.0,0.0,0.0,0.0
189,saida,0,5,563.0122,536.2307,0.0,0.0,0.0,0.066
189,entrada,0,0,563.0122,536.2307,0.0,0.0,0.0,0.0
189,saida,0,5,563.0122,536.2307,0.0,0.0,0.0,0.066
190,entrada,0,0,2490.2897,542.7186,1355.1593,565.6449,0.0,0.0
190,melhoria,1,1,789.5428,543.9544,220.3688,0.0,0.0,0.005
190,melhoria,1,2,789.4903,543.9544,220.3688,0.0,0.0,0.008
190,melhoria,1,3,593.7391,541.8604,24.3725,0.0,0.0,0.012
190,melhoria,1,4,593.0766,541.8604,24.3725,0.0,0.0,0.017
190,melhoria,3,7,565.4055,538.4276,0.0,0.0,0.0,0.04
190,melhoria,1,8,563.8746,536.2307,0.0,0.0,0.0,0.046
190,melhoria,3,11,563.8647,536.2307,0.0,0.0,0.0,0.068
190,melhoria,3,14,563.7916,536.2307,0.0,0.0,0.0,0.089
190,melhoria,1,15,560.4933,536.2307,0.0,0.0,0.0,0.096
190,melhoria,3,18,560.3886,536.2307,0.0,0.0,0.0,0.134
190,melhoria,1,19,557.9672,536.2307,0.0,0.0,0.0,0.141
190,melhoria,2,21,557.8464,536.2307,0.0,0.0,0.0,0.155
190,melhoria,3,24,556.8704,536.2307,0.0,0.0,0.0,0.186
190,saida,0,29,556.8704,536.2307,0.0,0.0,0.0,0.254
190,entrada,0,0,556.8704,536.2307,0.0,0.0,0.0,0.0
190,saida,0,5,556.8704,536.2307,0.0,0.0,0.0,0.067
190,entrada,0,0,556.8704,536.2307,0.0,0.0,0.0,0.0
190,saida,0,5,556.8704,536.2307,0.0,0.0,0.0,0.066
190,entrada,0,0,556.8704,536.2307,0.0,0.0,0.0,0.0
190,saida,0,5,556.8704,536.2307,0.0,0.0,0.0,0.066
191,entrada,0,0,9607.1638,579.7989,5781.1,3214.6571,0.0,0.0
191,melhoria,1,1,9464.4146,579.7989,5636.5126,3214.6571,0.0,0.002
191,melhoria,1,2,3127.9521,564.2315,2061.0928,473.927,0.0,0.006
191,melhoria,1,3,992.5361,524.0802,443.9506,0.0,0.0,0.006
191,melhoria,3,6,747.3849,524.0802,198.3463,0.0,0.0,0.02
191,melhoria,3,9,747.0279,523.4822,198.3463,0.0,0.0,0.038
191,melhoria,3,12,746.8562,523.4822,198.3463,0.0,0.0,0.059
191,melhoria,3,15,569.8209,523.0995,21.1594,0.0,0.0,0.071
191,melhoria,4,19,529.8554,483.5,21.1594,0.0,0.0,0.138
191,melhoria,2,21,529.7692,483.5,21.1594,0.0,0.0,0.146
191,saida,0,26,529.7692,483.5,21.1594,0.0,0.0,0.216
192,entrada,0,0,2374.0057,534.9949,1250.4604,565.6449,0.0,0.0
192,melhoria,1,1,557.8984,536.2307,0.0,0.0,0.0,0.007
192,melhoria,3,4,557.7824,536.2307,0.0,0.0,0.0,0.041
192,saida,0,9,557.7824,536.2307,0.0,0.0,0.0,0.113
192,entrada,0,0,557.7824,536.2307,0.0,0.0,0.0,0.0
192,saida,0,5,557.7824,536.2307,0.0,0.0,0.0,0.08
192,entrada,0,0,557.7824,536.2307,0.0,0.0,0.0,0.0
192,saida,0,5,557.7824,536.2307,0.0,0.0,0.0,0.059
192,entrada,0,0,557.7824,536.2307,0.0,0.0,0.0,0.0
192,saida,0,5,557.7824,536.2307,0.0,0.0,0.0,0.066
193,entrada,0,0,726.9536,536.2307,165.7469,0.0,0.0,0.0
193,melhoria,1,1,559.7205,536.2307,0.0,0.0,0.0,0.0
193,melhoria,1,2,557.8984,536.2307,0.0,0.0,0.0,0.001
193,saida,0,7,557.8984,536.2307,0.0,0.0,0.0,0.064
193,entrada,0,0,557.8984,536.2307,0.0,0.0,0.0,0.0
193,melhoria,3,3,557.7824,536.2307,0.0,0.0,0.0,0.027
193,saida,0,8,557.7824,536.2307,0.0,0.0,0.0,0.096
193,entrada,0,0,557.7824,536.2307,0.0,0.0,0.0,0.0
193,saida,0,5,557.7824,536.2307,0.0,0.0,0.0,0.066
193,entrada,0,0,557.7824,536.2307,0.0,0.0,0.0,0.0
193,saida,0,5,557.7824,536.2307,0.0,0.0,0.0,0.073
194,entrada,0,0,2374.0057,534.9949,1250.4604,565.6449,0.0,0.0
194,melhoria,1,1,557.8984,536.2307,0.0,0.0,0.0,0.002
194,melhoria,3,4,557.7824,536.2307,0.0,0.0,0.0,0.015
194,saida,0,9,557.7824,536.2307,0.0,0.0,0.0,0.077
194,entrada,0,0,557.7824,536.2307,0.0,0.0,0.0,0.0
194,saida,0,5,557.7824,536.2307,0.0,0.0,0.0,0.062
194,entrada,0,0,557.7824,536.2307,0.0,0.0,0.0,0.0
194,saida,0,5,557.7824,536.2307,0.0,0.0,0.0,0.063
194,entrada,0,0,557.7824,536.2307,0.0,0.0,0.0,0.0
194,saida,0,5,557.7824,536.2307,0.0,0.0,0.0,0.062
196,entrada,0,0,3270.7013,564.2315,2205.6802,473.927,0.0,0.0
196,melhoria,1,1,3044.8342,564.2315,1980.7665,473.927,0.0,0.003
196,melhoria,1,2,909.4181,524.0802,363.6243,0.0,0.0,0.005
196,melhoria,3,5,898.8765,513.6469,363.6243,0.0,0.0,0.02
196,melhoria,3,8,870.4375,485.4614,363.6243,0.0,0.0,0.042
196,melhoria,1,9,864.34,481.2395,363.6243,0.0,0.0,0.048
196,melhoria,1,10,862.9926,481.2395,363.6243,0.0,0.0,0.051
196,melhoria,2,12,862.972,481.2395,363.6243,0.0,0.0,0.058
196,melhoria,2,14,862.8689,481.2395,363.6243,0.0,0.0,0.065
196,saida,0,19,862.8689,481.2395,363.6243,0.0,0.0,0.123
196,entrada,0,0,862.8689,481.2395,363.6243,0.0,0.0,0.0
196,melhoria,3,3,542.5334,481.2395,42.3189,0.0,0.0,0.049
196,melhoria,2,5,542.4092,481.2395,42.3189,0.0,0.0,0.056
196,saida,0,10,542.4092,481.2395,42.3189,0.0,0.0,0.114
197,entrada,0,0,2374.0057,534.9949,1250.4604,565.6449,0.0,0.0
197,melhoria,1,1,557.8984,536.2307,0.0,0.0,0.0,0.001
197,melhoria,3,4,557.7824,536.2307,0.0,0.0,0.0,0.027
197,saida,0,9,557.7824,536.2307,0.0,0.0,0.0,0.095
197,entrada,0,0,557.7824,536.2307,0.0,0.0,0.0,0.0
197,saida,0,5,557.7824,536.2307,0.0,0.0,0.0,0.07
197,entrada,0,0,557.7824,536.2307,0.0,0.0,0.0,0.0
197,saida,0,5,557.7824,536.2307,0.0,0.0,0.0,0.064
197,entrada,0,0,557.7824,536.2307,0.0,0.0,0.0,0.0
197,saida,0,5,557.7824,536.2307,0.0,0.0,0.0,0.066
198,entrada,0,0,23862.1576,657.0725,11915.7028,11261.548,0.0,0.0
198,saida,0,5,23862.1576,657.0725,11915.7028,11261.548,0.0,0.063
199,entrada,0,0,1243.8178,541.8604,677.1717,0.0,0.0,0.0
199,melhoria,1,1,1059.0081,541.1738,492.1465,0.0,0.0,0.0
199,melhoria,1,2,995.6728,541.1738,427.8854,0.0,0.0,0.001
199,melhoria,1,3,993.3982,541.1738,427.8854,0.0,0.0,0.002
199,melhoria,1,4,992.4582,541.1738,427.8854,0.0,0.0,0.006
199,melhoria,1,5,990.612,541.1738,427.8854,0.0,0.0,0.007
199,melhoria,1,6,927.0831,540.6246,363.6243,0.0,0.0,0.013
199,melhoria,2,8,926.9841,540.6246,363.6243,0.0,0.0,0.02
199,melhoria,3,11,606.3781,540.6246,42.3189,0.0,0.0,0.033
199,melhoria,2,13,606.3719,540.6246,42.3189,0.0,0.0,0.04
199,melhoria,3,16,606.3656,540.6246,42.3189,0.0,0.0,0.053
199,melhoria,2,18,585.277,540.6246,21.1594,0.0,0.0,0.062
199,melhoria,2,20,583.0523,538.4276,21.1594,0.0,0.0,0.07
199,saida,0,25,583.0523,538.4276,21.1594,0.0,0.0,0.134
199,entrada,0,0,583.0523,538.4276,21.1594,0.0,0.0,0.0
199,melhoria,3,3,582.6674,538.4276,21.1594,0.0,0.0,0.045
199,melhoria,2,5,582.5643,538.4276,21.1594,0.0,0.0,0.052
199,melhoria,3,8,562.109,538.4276,0.0,0.0,0.0,0.061
199,melhoria,3,11,562.102,538.4276,0.0,0.0,0.0,0.081
199,melhoria,3,14,561.8514,538.4276,0.0,0.0,0.0,0.104
199,melhoria,1,15,560.9587,538.4276,0.0,0.0,0.0,0.111
199,melhoria,1,16,560.6001,538.9769,0.0,0.0,0.0,0.112
199,melhoria,3,19,557.909,536.2307,0.0,0.0,0.0,0.137
199,saida,0,24,557.909,536.2307,0.0,0.0,0.0,0.205
199,entrada,0,0,557.909,536.2307,0.0,0.0,0.0,0.0
199,saida,0,5,557.909,536.2307,0.0,0.0,0.0,0.06
199,entrada,0,0,557.909,536.2307,0.0,0.0,0.0,0.0
199,melhoria,3,3,557.7922,536.2307,0.0,0.0,0.0,0.053
199,saida,0,8,557.7922,536.2307,0.0,0.0,0.0,0.119
200,entrada,0,0,23094.4814,544.6066,13332.9503,9190.8849,0.0,0.0
200,melhoria,1,1,4094.3038,543.3708,3522.8565,0.0,0.0,0.0
200,melhoria,1,2,4008.0617,543.3708,3438.8973,0.0,0.0,0.001
200,melhoria,1,3,3315.9523,544.6066,2745.1143,0.0,0.0,0.004
200,melhoria,1,4,3280.4276,544.6066,2707.3327,0.0,0.0,0.005
200,melhoria,1,5,3279.4857,544.6066,2707.3327,0.0,0.0,0.005
200,melhoria,1,6,2417.9316,544.6066,1843.1902,0.0,0.0,0.009
200,melhoria,2,8,2311.1163,544.6066,1736.3844,0.0,0.0,0.018
200,melhoria,2,10,2310.9708,544.6066,1736.3844,0.0,0.0,0.027
200,melhoria,2,12,2310.7795,544.6066,1736.3844,0.0,0.0,0.042
200,melhoria,1,13,2309.6163,544.6066,1736.3844,0.0,0.0,0.05
200,melhoria,3,16,2052.2824,544.6066,1479.34,0.0,0.0,0.059
200,melhoria,1,17,2048.9215,544.6066,1479.34,0.0,0.0,0.061
200,melhoria,3,20,2001.5805,544.6066,1432.2394,0.0,0.0,0.069
200,melhoria,3,23,2001.4502,544.6066,1432.2394,0.0,0.0,0.08
200,melhoria,3,26,2001.4419,544.6066,1432.2394,0.0,0.0,0.093
200,melhoria,2,28,2001.4295,544.6066,1432.2394,0.0,0.0,0.101
200,melhoria,2,30,2001.3305,544.6066,1432.2394,0.0,0.0,0.113
200,melhoria,2,32,2001.1996,544.6066,1432.2394,0.0,0.0,0.122
200,melhoria,3,35,1741.9493,541.8604,1175.195,0.0,0.0,0.147
200,melhoria,3,38,1741.8688,541.8604,1175.195,0.0,0.0,0.164
200,melhoria,3,41,1714.5703,538.4276,1150.8225,0.0,0.0,0.183
200,melhoria,2,43,1629.1261,538.4276,1065.402,0.0,0.0,0.19
200,melhoria,3,46,1629.1092,538.4276,1065.402,0.0,0.0,0.202
200,melhoria,2,48,1629.0734,538.4276,1065.402,0.0,0.0,0.211
200,melhoria,3,51,1628.9789,538.4276,1065.402,0.0,0.0,0.235
200,melhoria,3,54,1628.9633,538.4276,1065.402,0.0,0.0,0.252
200,melhoria,3,57,1628.7577,538.4276,1065.402,0.0,0.0,0.283
200,melhoria,3,60,1628.6076,538.4276,1065.402,0.0,0.0,0.298
200,melhoria,3,63,1627.9815,538.4276,1065.402,0.0,0.0,0.339
200,melhoria,1,64,1626.4684,538.4276,1065.402,0.0,0.0,0.34
200,melhoria,1,65,1372.2024,538.4276,808.3577,0.0,0.0,0.343
200,melhoria,1,66,1371.8739,538.9769,808.3577,0.0,0.0,0.346
200,melhoria,1,67,1371.826,539.6634,808.3577,0.0,0.0,0.349
200,melhoria,3,70,1371.6849,539.6634,808.3577,0.0,0.0,0.385
200,melhoria,1,71,1047.8723,539.6634,487.0523,0.0,0.0,0.385
200,melhoria,2,73,1047.5163,539.6634,487.0523,0.0,0.0,0.393
200,melhoria,1,74,968.5111,539.6634,406.7259,0.0,0.0,0.397
200,melhoria,3,77,955.2614,542.4096,391.2099,0.0,0.0,0.406
200,melhoria,2,79,955.1624,542.4096,391.2099,0.0,0.0,0.412
200,melhoria,3,82,646.0325,538.9769,85.4205,0.0,0.0,0.431
200,melhoria,2,84,645.8566,538.9769,85.4205,0.0,0.0,0.439
200,melhoria,3,87,643.7942,536.2307,85.4205,0.0,0.0,0.448
200,melhoria,3,90,643.6512,536.2307,85.4205,0.0,0.0,0.481
200,melhoria,3,93,643.5983,536.2307,85.4205,0.0,0.0,0.494
200,melhoria,3,96,643.4577,536.2307,85.4205,0.0,0.0,0.516
200,melhoria,3,99,643.4437,536.2307,85.4205,0.0,0.0,0.531
200,melhoria,3,102,643.3737,536.2307,85.4205,0.0,0.0,0.575
200,melhoria,3,105,557.7829,536.2307,0.0,0.0,0.0,0.597
200,melhoria,3,108,557.7629,536.2307,0.0,0.0,0.0,0.619
200,melhoria,3,111,557.6887,536.2307,0.0,0.0,0.0,0.652
200,saida,0,116,557.6887,536.2307,0.0,0.0,0.0,0.72
200,entrada,0,0,557.6887,536.2307,0.0,0.0,0.0,0.0
200,saida,0,5,557.6887,536.2307,0.0,0.0,0.0,0.071
200,entrada,0,0,557.6887,536.2307,0.0,0.0,0.0,0.0
200,saida,0,5,557.6887,536.2307,0.0,0.0,0.0,0.079
200,entrada,0,0,557.6887,536.2307,0.0,0.0,0.0,0.0
200,saida,0,5,557.6887,536.2307,0.0,0.0,0.0,0.072
201,entrada,0,0,25398.1311,671.7647,12183.4117,12517.6414,0.0,0.0
201,melhoria,1,1,24535.952,667.5767,11791.4191,12048.5904,0.0,0.007
201,melhoria,3,4,23628.6822,663.1828,11380.1482,11556.4714,0.0,0.054
201,melhoria,1,5,10284.1039,591.3938,6148.8965,3516.1099,0.0,0.054
201,melhoria,3,8,2049.5379,534.1367,1488.1932,0.0,0.0,0.118
201,melhoria,1,9,2024.6612,534.1367,1467.0337,0.0,0.0,0.118
201,saida,0,14,2024.6612,534.1367,1467.0337,0.0,0.0,0.196
201,entrada,0,0,2024.6612,534.1367,1467.0337,0.0,0.0,0.0
201,saida,0,5,2024.6612,534.1367,1467.0337,0.0,0.0,0.063
202,entrada,0,0,12591.8631,534.9949,9601.4222,2431.0387,0.0,0.0
202,melhoria,1,1,9843.2329,596.0585,5182.7385,4038.5549,0.0,0.002
202,melhoria,1,2,7964.9157,535.6814,5177.4231,2227.9658,0.0,0.002
202,melhoria,1,3,7505.1626,584.7427,4123.5736,2771.178,0.0,0.003
202,melhoria,1,4,7442.2429,584.7427,4059.3125,2771.178,0.0,0.003
202,melhoria,1,5,7441.0516,584.7427,4059.3125,2771.178,0.0,0.004
202,melhoria,1,6,7301.6756,523.841,4778.4243,1972.3457,0.0,0.005
202,melhoria,1,7,1700.0599,524.0563,1150.8225,0.0,0.0,0.005
202,melhoria,1,8,1621.0778,524.0563,1070.4962,0.0,0.0,0.009
202,melhoria,3,11,1615.4729,518.5189,1070.4962,0.0,0.0,0.021
202,melhoria,1,12,1578.5533,483.4586,1070.4962,0.0,0.0,0.027
202,melhoria,1,13,1577.3406,483.4586,1070.4962,0.0,0.0,0.03
202,melhoria,3,16,1574.8618,481.0003,1070.4962,0.0,0.0,0.059
202,melhoria,3,19,1574.7414,481.0003,1070.4962,0.0,0.0,0.067
202,melhoria,1,20,1574.3025,481.0003,1070.4962,0.0,0.0,0.073
202,melhoria,2,22,1574.2488,481.0003,1070.4962,0.0,0.0,0.081
202,melhoria,1,23,1510.9116,481.0003,1006.2351,0.0,0.0,0.086
202,melhoria,3,26,1253.5091,481.0003,749.1908,0.0,0.0,0.102
202,melhoria,3,29,1253.3763,481.0003,749.1908,0.0,0.0,0.13
202,melhoria,4,33,1246.5193,474.2,749.1908,0.0,0.0,0.186
202,melhoria,1,34,814.256,541.7231,246.6224,0.0,0.0,0.187
202,melhoria,1,35,811.4627,541.7231,246.6224,0.0,0.0,0.187
202,melhoria,1,36,735.583,541.1738,170.8411,0.0,0.0,0.192
202,melhoria,1,37,734.9996,541.1738,170.8411,0.0,0.0,0.198
202,melhoria,3,40,650.2599,541.1738,85.4205,0.0,0.0,0.208
202,melhoria,1,41,609.9636,540.6246,42.3189,0.0,0.0,0.212
202,melhoria,3,44,609.9363,540.6246,42.3189,0.0,0.0,0.224
202,melhoria,1,45,585.0509,540.6246,21.1594,0.0,0.0,0.229
202,melhoria,3,48,584.8484,540.6246,21.1594,0.0,0.0,0.259
202,melhoria,1,49,584.8108,540.6246,21.1594,0.0,0.0,0.26
202,melhoria,3,52,584.7752,540.6246,21.1594,0.0,0.0,0.283
202,melhoria,3,55,583.2128,538.4276,21.1594,0.0,0.0,0.312
202,melhoria,3,58,562.4063,538.4276,0.0,0.0,0.0,0.329
202,saida,0,63,562.4063,538.4276,0.0,0.0,0.0,0.393
202,entrada,0,0,562.4063,538.4276,0.0,0.0,0.0,0.0
202,melhoria,3,3,561.7593,538.4276,0.0,0.0,0.0,0.026
202,saida,0,8,561.7593,538.4276,0.0,0.0,0.0,0.089
202,entrada,0,0,561.7593,538.4276,0.0,0.0,0.0,0.0
202,saida,0,5,561.7593,538.4276,0.0,0.0,0.0,0.064
202,entrada,0,0,561.7593,538.4276,0.0,0.0,0.0,0.0
202,saida,0,5,561.7593,538.4276,0.0,0.0,0.0,0.063
205,entrada,0,0,2374.0057,534.9949,1250.4604,565.6449,0.0,0.0
205,melhoria,1,1,556.8704,536.2307,0.0,0.0,0.0,0.001
205,saida,0,6,556.8704,536.2307,0.0,0.0,0.0,0.063
205,entrada,0,0,556.8704,536.2307,0.0,0.0,0.0,0.0
205,saida,0,5,556.8704,536.2307,0.0,0.0,0.0,0.063
205,entrada,0,0,556.8704,536.2307,0.0,0.0,0.0,0.0
205,saida,0,5,556.8704,536.2307,0.0,0.0,0.0,0.061
205,entrada,0,0,556.8704,536.2307,0.0,0.0,0.0,0.0
205,saida,0,5,556.8704,536.2307,0.0,0.0,0.0,0.062
206,entrada,0,0,2401.8886,534.9949,1271.6199,565.6449,0.0,0.0
206,melhoria,1,1,729.6494,536.2307,165.7469,0.0,0.0,0.006
206,melhoria,1,2,729.0015,536.2307,165.7469,0.0,0.0,0.006
206,melhoria,1,3,565.2147,536.2307,0.0,0.0,0.0,0.006
206,melhoria,1,4,561.8939,536.2307,0.0,0.0,0.0,0.01
206,melhoria,3,7,561.7155,536.2307,0.0,0.0,0.0,0.022
206,melhoria,2,9,561.6124,536.2307,0.0,0.0,0.0,0.03
206,melhoria,3,12,561.6027,536.2307,0.0,0.0,0.0,0.063
206,melhoria,3,15,561.5891,536.2307,0.0,0.0,0.0,0.083
206,saida,0,20,561.5891,536.2307,0.0,0.0,0.0,0.145
206,entrada,0,0,561.5891,536.2307,0.0,0.0,0.0,0.0
206,melhoria,3,3,561.5826,536.2307,0.0,0.0,0.0,0.022
206,saida,0,8,561.5826,536.2307,0.0,0.0,0.0,0.084
206,entrada,0,0,561.5826,536.2307,0.0,0.0,0.0,0.0
206,saida,0,5,561.5826,536.2307,0.0,0.0,0.0,0.082
206,entrada,0,0,561.5826,536.2307,0.0,0.0,0.0,0.0
206,saida,0,5,561.5826,536.2307,0.0,0.0,0.0,0.067
207,entrada,0,0,2940.4472,533.2785,1868.5176,514.6905,0.0,0.0
207,melhoria,1,1,919.7304,535.3725,363.6243,0.0,0.0,0.002
207,melhoria,1,2,909.4181,524.0802,363.6243,0.0,0.0,0.003
207,melhoria,3,5,589.083,524.0802,42.3189,0.0,0.0,0.024
207,melhoria,2,7,588.8237,523.6975,42.3189,0.0,0.0,0.033
207,melhoria,3,10,578.6696,513.6469,42.3189,0.0,0.0,0.066
207,melhoria,2,12,578.5413,513.6469,42.3189,0.0,0.0,0.075
207,melhoria,3,15,557.4605,492.7587,42.3189,0.0,0.0,0.087
207,melhoria,2,17,557.3936,492.7587,42.3189,0.0,0.0,0.094
207,melhoria,2,19,557.2688,492.5035,42.3189,0.0,0.0,0.102
207,melhoria,1,20,556.3328,492.5035,42.3189,0.0,0.0,0.103
207,melhoria,1,21,555.3961,492.5035,42.3189,0.0,0.0,0.107
207,melhoria,3,24,555.3119,492.1048,42.3189,0.0,0.0,0.127
207,melhoria,3,27,547.4071,484.2654,42.3189,0.0,0.0,0.159
207,melhoria,1,28,490.3445,428.6246,42.3189,0.0,0.0,0.161
207,melhoria,2,30,490.208,428.6246,42.3189,0.0,0.0,0.169
207,saida,0,35,490.208,428.6246,42.3189,0.0,0.0,0.233
208,entrada,0,0,17548.8209,582.1094,13198.2879,3740.1364,0.0,0.0
208,melhoria,1,1,17342.9937,582.1094,13086.0799,3645.4896,0.0,0.003
208,melhoria,3,4,9828.9628,573.3603,6560.8413,2665.5967,0.0,0.015
208,melhoria,3,7,9828.9361,573.3603,6560.8413,2665.5967,0.0,0.029
208,melhoria,1,8,6091.3756,573.584,3967.8059,1521.4068,0.0,0.029
208,melhoria,1,9,6027.5498,573.584,3903.5449,1521.4068,0.0,0.03
208,melhoria,1,10,3534.8222,563.0715,2598.2744,344.0126,0.0,0.032
208,melhoria,1,11,3533.2136,563.0715,2598.2744,344.0126,0.0,0.039
208,melhoria,1,12,3307.3464,563.0715,2373.3606,344.0126,0.0,0.04
208,melhoria,3,15,3307.2141,563.0715,2373.3606,344.0126,0.0,0.058
208,melhoria,3,18,2681.7132,560.0437,2089.9502,4.8891,0.0,0.067
208,melhoria,3,21,2279.7845,556.1451,1697.0559,0.0,0.0,0.094
208,melhoria,1,22,902.6956,512.1798,363.6243,0.0,0.0,0.094
208,melhoria,3,25,902.6311,512.1798,363.6243,0.0,0.0,0.106
208,melhoria,1,26,901.0786,512.1798,363.6243,0.0,0.0,0.107
208,melhoria,3,29,880.6242,492.0052,363.6243,0.0,0.0,0.127
208,melhoria,2,31,880.3248,491.6065,363.6243,0.0,0.0,0.137
208,melhoria,1,32,879.7863,491.6065,363.6243,0.0,0.0,0.142
208,melhoria,1,33,878.458,491.6065,363.6243,0.0,0.0,0.145
208,melhoria,3,36,878.4515,491.6065,363.6243,0.0,0.0,0.18
208,melhoria,3,39,869.3764,482.6064,363.6243,0.0,0.0,0.191
208,melhoria,3,42,869.2125,482.6064,363.6243,0.0,0.0,0.205
208,melhoria,3,45,869.1308,482.6064,363.6243,0.0,0.0,0.221
208,melhoria,3,48,859.162,472.72,363.6243,0.0,0.0,0.235
208,melhoria,1,49,813.1981,428.6246,363.6243,0.0,0.0,0.235
208,melhoria,1,50,811.6996,428.6246,363.6243,0.0,0.0,0.239
208,melhoria,3,53,811.6308,428.6246,363.6243,0.0,0.0,0.269
208,melhoria,1,54,810.6905,428.6246,363.6243,0.0,0.0,0.275
208,saida,0,59,810.6905,428.6246,363.6243,0.0,0.0,0.332
208,entrada,0,0,810.6905,428.6246,363.6243,0.0,0.0,0.0
208,saida,0,5,810.6905,428.6246,363.6243,0.0,0.0,0.059
209,entrada,0,0,24771.0008,544.6066,13231.4549,10964.3851,0.0,0.0
209,melhoria,2,2,7170.4602,544.6066,4546.1986,2049.7731,0.0,0.007
209,melhoria,1,3,2664.7556,543.92,2090.9154,0.0,0.0,0.008
209,melhoria,1,4,2662.9169,543.92,2090.9154,0.0,0.0,0.008
209,melhoria,1,5,2257.5564,543.92,1689.2837,0.0,0.0,0.008
209,melhoria,1,6,2116.5723,545.1558,1547.9093,0.0,0.0,0.009
209,melhoria,1,7,2114.2622,545.1558,1547.9093,0.0,0.0,0.009
209,melhoria,1,8,1786.0882,545.1558,1216.9647,0.0,0.0,0.01
209,melhoria,1,9,1672.2777,545.1558,1101.2948,0.0,0.0,0.01
209,melhoria,1,10,1557.203,544.6066,985.6248,0.0,0.0,0.011
209,melhoria,1,11,1413.2054,543.92,841.0374,0.0,0.0,0.012
209,melhoria,1,12,1245.9227,543.3708,673.9586,0.0,0.0,0.015
209,melhoria,1,13,1244.7314,543.3708,673.9586,0.0,0.0,0.017
209,melhoria,2,15,1244.7034,543.3708,673.9586,0.0,0.0,0.024
209,melhoria,3,18,1244.3726,543.3708,673.9586,0.0,0.0,0.033
209,melhoria,3,21,821.7465,543.3708,251.1674,0.0,0.0,0.041
209,melhoria,3,24,653.7738,541.1738,85.4205,0.0,0.0,0.05
209,melhoria,3,27,653.6883,541.1738,85.4205,0.0,0.0,0.068
209,melhoria,2,29,653.5993,541.1738,85.4205,0.0,0.0,0.074
209,melhoria,3,32,653.3077,541.1738,85.4205,0.0,0.0,0.09
209,saida,0,37,653.3077,541.1738,85.4205,0.0,0.0,0.152
209,entrada,0,0,653.3077,541.1738,85.4205,0.0,0.0,0.0
209,melhoria,3,3,653.1419,541.1738,85.4205,0.0,0.0,0.048
209,melhoria,2,5,653.0217,541.1738,85.4205,0.0,0.0,0.056
209,melhoria,3,8,565.5625,538.9769,0.0,0.0,0.0,0.064
209,melhoria,1,9,565.1677,539.6634,0.0,0.0,0.0,0.066
209,saida,0,14,565.1677,539.6634,0.0,0.0,0.0,0.129
209,entrada,0,0,565.1677,539.6634,0.0,0.0,0.0,0.0
209,melhoria,4,4,562.094,536.2307,0.0,0.0,0.0,0.055
209,saida,0,9,562.094,536.2307,0.0,0.0,0.0,0.132
209,entrada,0,0,562.094,536.2307,0.0,0.0,0.0,0.0
209,saida,0,5,562.094,536.2307,0.0,0.0,0.0,0.074
211,entrada,0,0,43870.738,674.2362,21470.7928,21695.1762,0.0,0.0
211,melhoria,1,1,43109.0363,671.1468,21181.618,21223.9258,0.0,0.001
211,melhoria,1,2,43108.2485,671.1468,21181.618,21223.9258,0.0,0.002
211,melhoria,1,3,22558.2542,636.7181,12072.6273,9818.3748,0.0,0.006
211,melhoria,3,6,21693.9118,632.534,11680.9899,9349.7489,0.0,0.015
211,melhoria,3,9,20517.0352,632.534,11145.2851,8708.7346,0.0,0.024
211,melhoria,1,10,17722.8502,632.534,8934.2117,8123.8058,0.0,0.024
211,melhoria,1,11,17722.7483,632.534,8934.2117,8123.8058,0.0,0.024
211,melhoria,1,12,17721.815,632.534,8934.2117,8123.8058,0.0,0.025
211,melhoria,1,13,17719.9429,632.534,8934.2117,8123.8058,0.0,0.025
211,melhoria,1,14,17318.2884,632.534,8532.58,8123.8058,0.0,0.028
211,melhoria,2,16,17318.1844,632.534,8532.58,8123.8058,0.0,0.036
211,melhoria,1,17,16711.3214,629.592,8257.2099,7794.3032,0.0,0.037
211,melhoria,1,18,16708.5214,629.592,8257.2099,7794.3032,0.0,0.04
211,melhoria,3,21,16708.4537,629.592,8257.2099,7794.3032,0.0,0.053
211,melhoria,3,24,16708.3696,629.592,8257.2099,7794.3032,0.0,0.067
211,melhoria,3,27,15991.4809,624.3618,8130.7402,7208.5208,0.0,0.088
211,melhoria,1,28,15799.659,624.3618,7937.945,7208.5208,0.0,0.09
211,melhoria,1,29,15711.6244,624.3618,7850.8762,7208.5208,0.0,0.093
211,melhoria,1,30,15630.6904,624.3618,7767.6632,7208.5208,0.0,0.097
211,melhoria,1,31,15630.1645,624.3618,7767.6632,7208.5208,0.0,0.098
211,melhoria,2,33,15630.0243,624.3618,7767.6632,7208.5208,0.0,0.108
211,melhoria,1,34,15628.7355,624.3618,7767.6632,7208.5208,0.0,0.11
211,melhoria,1,35,15628.1321,624.3618,7767.6632,7208.5208,0.0,0.111
211,melhoria,3,38,14578.898,619.1316,7309.3035,6622.7384,0.0,0.122
211,melhoria,1,39,14547.7151,619.1316,7278.1165,6622.7384,0.0,0.128
211,melhoria,3,42,14547.5935,619.1316,7278.1165,6622.7384,0.0,0.147
211,saida,0,47,14547.5935,619.1316,7278.1165,6622.7384,0.0,0.208
211,entrada,0,0,14547.5935,619.1316,7278.1165,6622.7384,0.0,0.0
211,saida,0,5,14547.5935,619.1316,7278.1165,6622.7384,0.0,0.068
212,entrada,0,0,2398.8824,534.9949,1271.6199,565.6449,0.0,0.0
212,melhoria,1,1,726.8454,536.2307,165.7469,0.0,0.0,0.001
212,melhoria,1,2,559.6253,536.2307,0.0,0.0,0.0,0.003
212,melhoria,1,3,557.7902,536.2307,0.0,0.0,0.0,0.004
212,saida,0,8,557.7902,536.2307,0.0,0.0,0.0,0.069
212,entrada,0,0,557.7902,536.2307,0.0,0.0,0.0,0.0
212,melhoria,3,3,557.6767,536.2307,0.0,0.0,0.0,0.043
212,saida,0,8,557.6767,536.2307,0.0,0.0,0.0,0.108
212,entrada,0,0,557.6767,536.2307,0.0,0.0,0.0,0.0
212,saida,0,5,557.6767,536.2307,0.0,0.0,0.0,0.068
212,entrada,0,0,557.6767,536.2307,0.0,0.0,0.0,0.0
212,saida,0,5,557.6767,536.2307,0.0,0.0,0.0,0.063
213,entrada,0,0,23177.101,540.4873,16291.2467,6315.3909,0.0,0.0
213,melhoria,1,1,9818.788,595.5396,5209.9474,3980.4339,0.0,0.002
213,melhoria,1,2,9818.7738,595.5396,5209.9474,3980.4339,0.0,0.003
213,melhoria,3,5,735.0832,541.7231,161.2019,0.0,0.0,0.02
213,melhoria,1,6,733.2491,541.7231,161.2019,0.0,0.0,0.021
213,melhoria,3,9,728.6155,543.2678,156.1077,0.0,0.0,0.03
213,melhoria,1,10,678.3683,542.7186,104.6989,0.0,0.0,0.03
213,melhoria,3,13,678.1875,542.7186,104.6989,0.0,0.0,0.07
213,melhoria,1,14,573.879,541.1738,0.0,0.0,0.0,0.071
213,melhoria,1,15,572.4227,541.1738,0.0,0.0,0.0,0.071
213,melhoria,1,16,571.5267,541.1738,0.0,0.0,0.0,0.072
213,melhoria,1,17,570.491,541.1738,0.0,0.0,0.0,0.075
213,melhoria,1,18,568.4586,541.1738,0.0,0.0,0.0,0.076
213,melhoria,2,20,568.3123,541.1738,0.0,0.0,0.0,0.084
213,melhoria,1,21,566.4596,541.1738,0.0,0.0,0.0,0.086
213,melhoria,3,24,564.58,538.9769,0.0,0.0,0.0,0.098
213,melhoria,3,27,564.4877,538.9769,0.0,0.0,0.0,0.13
213,melhoria,3,30,564.4812,538.9769,0.0,0.0,0.0,0.148
213,melhoria,3,33,564.34,538.9769,0.0,0.0,0.0,0.157
213,melhoria,3,36,564.3137,538.9769,0.0,0.0,0.0,0.174
213,melhoria,2,38,564.2334,538.9769,0.0,0.0,0.0,0.183
213,melhoria,3,41,564.0567,538.9769,0.0,0.0,0.0,0.215
213,melhoria,1,42,563.9071,538.4276,0.0,0.0,0.0,0.217
213,melhoria,1,43,562.7158,538.4276,0.0,0.0,0.0,0.221
213,melhoria,1,44,562.6971,538.4276,0.0,0.0,0.0,0.224
213,melhoria,3,47,562.6955,538.4276,0.0,0.0,0.0,0.244
213,melhoria,3,50,562.62,538.4276,0.0,0.0,0.0,0.274
213,melhoria,3,53,562.5461,538.4276,0.0,0.0,0.0,0.29
213,saida,0,58,562.5461,538.4276,0.0,0.0,0.0,0.359
213,entrada,0,0,562.5461,538.4276,0.0,0.0,0.0,0.0
213,saida,0,5,562.5461,538.4276,0.0,0.0,0.0,0.062
213,entrada,0,0,562.5461,538.4276,0.0,0.0,0.0,0.0
213,saida,0,5,562.5461,538.4276,0.0,0.0,0.0,0.065
213,entrada,0,0,562.5461,538.4276,0.0,0.0,0.0,0.0
213,saida,0,5,562.5461,538.4276,0.0,0.0,0.0,0.067
214,entrada,0,0,2613.3906,534.9949,1486.4693,565.6449,0.0,0.0
214,melhoria,1,1,796.2553,536.2307,236.0089,0.0,0.0,0.002
214,melhoria,3,4,559.6704,536.2307,0.0,0.0,0.0,0.02
214,melhoria,1,5,556.8704,536.2307,0.0,0.0,0.0,0.022
214,saida,0,10,556.8704,536.2307,0.0,0.0,0.0,0.089
214,entrada,0,0,556.8704,536.2307,0.0,0.0,0.0,0.0
214,saida,0,5,556.8704,536.2307,0.0,0.0,0.0,0.072
214,entrada,0,0,556.8704,536.2307,0.0,0.0,0.0,0.0
214,saida,0,5,556.8704,536.2307,0.0,0.0,0.0,0.073
214,entrada,0,0,556.8704,536.2307,0.0,0.0,0.0,0.0
214,saida,0,5,556.8704,536.2307,0.0,0.0,0.0,0.06
215,entrada,0,0,2374.0057,534.9949,1250.4604,565.6449,0.0,0.0
215,melhoria,1,1,557.7902,536.2307,0.0,0.0,0.0,0.001
215,melhoria,3,4,557.6767,536.2307,0.0,0.0,0.0,0.043
215,saida,0,9,557.6767,536.2307,0.0,0.0,0.0,0.11
215,entrada,0,0,557.6767,536.2307,0.0,0.0,0.0,0.0
215,saida,0,5,557.6767,536.2307,0.0,0.0,0.0,0.067
215,entrada,0,0,557.6767,536.2307,0.0,0.0,0.0,0.0
215,saida,0,5,557.6767,536.2307,0.0,0.0,0.0,0.061
215,entrada,0,0,557.6767,536.2307,0.0,0.0,0.0,0.0
215,saida,0,5,557.6767,536.2307,0.0,0.0,0.0,0.061
215,entrada,0,0,3127.9521,564.2315,2061.0928,473.927,0.0,0.0
215,melhoria,1,1,724.1472,512.1798,186.9063,0.0,0.0,0.002
215,melhoria,3,4,724.0148,512.1798,186.9063,0.0,0.0,0.015
215,melhoria,3,7,724.0143,512.1798,186.9063,0.0,0.0,0.029
215,melhoria,3,10,704.3197,492.7587,186.9063,0.0,0.0,0.037
215,melhoria,1,11,515.3109,470.896,21.1594,0.0,0.0,0.042
215,saida,0,16,515.3109,470.896,21.1594,0.0,0.0,0.103
216,entrada,0,0,14057.7473,534.9949,11068.4559,2431.0387,0.0,0.0
216,melhoria,1,1,11311.8897,596.0585,6649.7723,4038.5549,0.0,0.0
216,melhoria,1,2,9844.7397,596.0585,5182.7385,4038.5549,0.0,0.0
216,melhoria,1,3,9781.8218,596.0585,5118.4775,4038.5549,0.0,0.001
216,melhoria,1,4,9780.3119,596.0585,5118.4775,4038.5549,0.0,0.005
216,melhoria,1,5,9779.0218,596.0585,5118.4775,4038.5549,0.0,0.009
216,melhoria,1,6,6213.077,535.6814,3522.5697,2128.9217,0.0,0.016
216,melhoria,1,7,581.7471,536.2307,21.1594,0.0,0.0,0.016
216,melhoria,3,10,563.4852,538.4276,0.0,0.0,0.0,0.032
216,melhoria,3,13,563.3617,538.4276,0.0,0.0,0.0,0.056
216,melhoria,2,15,563.2322,538.4276,0.0,0.0,0.0,0.063
216,melhoria,3,18,563.1905,538.4276,0.0,0.0,0.0,0.109
216,saida,0,23,563.1905,538.4276,0.0,0.0,0.0,0.173
216,entrada,0,0,563.1905,538.4276,0.0,0.0,0.0,0.0
216,melhoria,3,3,562.5403,538.4276,0.0,0.0,0.0,0.045
216,melhoria,3,6,561.1279,536.2307,0.0,0.0,0.0,0.084
216,melhoria,3,9,561.0004,536.2307,0.0,0.0,0.0,0.099
216,melhoria,3,12,560.9492,536.2307,0.0,0.0,0.0,0.123
216,saida,0,17,560.9492,536.2307,0.0,0.0,0.0,0.188
216,entrada,0,0,560.9492,536.2307,0.0,0.0,0.0,0.0
216,saida,0,5,560.9492,536.2307,0.0,0.0,0.0,0.065
216,entrada,0,0,560.9492,536.2307,0.0,0.0,0.0,0.0
216,saida,0,5,560.9492,536.2307,0.0,0.0,0.0,0.064
218,entrada,0,0,2607.5372,541.0022,1526.0527,514.6905,0.0,0.0
218,melhoria,1,1,584.7264,541.0022,21.1594,0.0,0.0,0.001
218,melhoria,3,4,583.6201,538.8052,21.1594,0.0,0.0,0.018
218,melhoria,3,7,583.51,538.8052,21.1594,0.0,0.0,0.042
218,saida,0,12,583.51,538.8052,21.1594,0.0,0.0,0.109
218,entrada,0,0,583.51,538.8052,21.1594,0.0,0.0,0.0
218,saida,0,5,583.51,538.8052,21.1594,0.0,0.0,0.064
218,entrada,0,0,583.51,538.8052,21.1594,0.0,0.0,0.0
218,saida,0,5,583.51,538.8052,21.1594,0.0,0.0,0.069
218,entrada,0,0,583.51,538.8052,21.1594,0.0,0.0,0.0
218,saida,0,5,583.51,538.8052,21.1594,0.0,0.0,0.066
219,entrada,0,0,12672.8689,535.5441,9657.4418,2456.1548,0.0,0.0
219,melhoria,1,1,9968.4516,596.6556,5238.6252,4105.4279,0.0,0.0
219,melhoria,1,2,561.3736,536.2307,0.0,0.0,0.0,0.003
219,melhoria,1,3,560.4585,536.2307,0.0,0.0,0.0,0.009
219,melhoria,1,4,558.9486,536.2307,0.0,0.0,0.0,0.014
219,melhoria,1,5,557.9164,536.2307,0.0,0.0,0.0,0.016
219,saida,0,10,557.9164,536.2307,0.0,0.0,0.0,0.081
219,entrada,0,0,557.9164,536.2307,0.0,0.0,0.0,0.0
219,melhoria,3,3,557.7997,536.2307,0.0,0.0,0.0,0.012
219,saida,0,8,557.7997,536.2307,0.0,0.0,0.0,0.093
219,entrada,0,0,557.7997,536.2307,0.0,0.0,0.0,0.0
219,saida,0,5,557.7997,536.2307,0.0,0.0,0.0,0.068
219,entrada,0,0,557.7997,536.2307,0.0,0.0,0.0,0.0
219,saida,0,5,557.7997,536.2307,0.0,0.0,0.0,0.069
220,entrada,0,0,17324.1521,541.8604,9486.0882,7267.099,0.0,0.0
220,melhoria,2,2,17324.0473,541.8604,9486.0882,7267.099,0.0,0.008
220,melhoria,1,3,16934.3103,622.5966,9271.9115,7010.8192,0.0,0.009
220,melhoria,1,4,16872.3925,622.5966,9207.9006,7010.8192,0.0,0.009
220,melhoria,1,5,16535.679,620.9622,9054.9172,6827.7622,0.0,0.015
220,melhoria,1,6,15209.9809,622.0082,7611.6283,6944.9187,0.0,0.016
220,melhoria,1,7,15208.5373,622.0082,7611.6283,6944.9187,0.0,0.017
220,melhoria,1,8,15207.1809,622.0082,7611.6283,6944.9187,0.0,0.023
220,melhoria,2,10,14342.7911,617.824,7219.9909,6476.2928,0.0,0.03
220,melhoria,1,11,13858.4928,615.4705,6999.6949,6212.6907,0.0,0.034
220,melhoria,1,12,13858.3832,615.4705,6999.6949,6212.6907,0.0,0.036
220,melhoria,2,14,13858.2925,615.4705,6999.6949,6212.6907,0.0,0.045
220,melhoria,3,17,13773.1116,615.4705,6914.2744,6212.6907,0.0,0.061
220,melhoria,1,18,13772.5351,615.4705,6914.2744,6212.6907,0.0,0.066
220,melhoria,1,19,13770.4324,615.4705,6914.2744,6212.6907,0.0,0.073
220,melhoria,3,22,13770.423,615.4705,6914.2744,6212.6907,0.0,0.085
220,melhoria,3,25,13770.2698,615.4705,6914.2744,6212.6907,0.0,0.119
220,melhoria,3,28,13770.1066,615.4705,6914.2744,6212.6907,0.0,0.148
220,melhoria,3,31,13769.8958,615.4705,6914.2744,6212.6907,0.0,0.169
220,melhoria,3,34,13769.743,615.4705,6914.2744,6212.6907,0.0,0.182
220,melhoria,3,37,13432.0124,611.2863,7048.8932,5744.0648,0.0,0.209
220,melhoria,1,38,12814.8429,610.2403,6549.3586,5626.9083,0.0,0.214
220,melhoria,1,39,12690.104,610.2403,6424.7276,5626.9083,0.0,0.215
220,melhoria,3,42,12690.0285,610.2403,6424.7276,5626.9083,0.0,0.224
220,melhoria,3,45,12689.9546,610.2403,6424.7276,5626.9083,0.0,0.254
220,saida,0,50,12689.9546,610.2403,6424.7276,5626.9083,0.0,0.322
221,entrada,0,0,1183.3054,541.8604,612.9106,0.0,0.0,0.0
221,melhoria,1,1,998.4974,541.1738,427.8854,0.0,0.0,0.0
221,melhoria,1,2,996.1558,541.1738,427.8854,0.0,0.0,0.001
221,melhoria,1,3,995.2908,541.1738,427.8854,0.0,0.0,0.003
221,melhoria,1,4,671.6252,541.1738,106.58,0.0,0.0,0.006
221,melhoria,1,5,670.1925,541.1738,106.58,0.0,0.0,0.008
221,melhoria,2,7,670.18,541.1738,106.58,0.0,0.0,0.015
221,melhoria,3,10,561.6877,538.9769,0.0,0.0,0.0,0.029
221,melhoria,2,12,561.6642,538.9769,0.0,0.0,0.0,0.038
221,melhoria,3,15,558.8586,536.2307,0.0,0.0,0.0,0.051
221,melhoria,2,17,558.6983,536.2307,0.0,0.0,0.0,0.06
221,melhoria,3,20,558.5811,536.2307,0.0,0.0,0.0,0.105
221,melhoria,3,23,558.5746,536.2307,0.0,0.0,0.0,0.129
221,saida,0,28,558.5746,536.2307,0.0,0.0,0.0,0.196
221,entrada,0,0,558.5746,536.2307,0.0,0.0,0.0,0.0
221,saida,0,5,558.5746,536.2307,0.0,0.0,0.0,0.063
221,entrada,0,0,558.5746,536.2307,0.0,0.0,0.0,0.0
221,melhoria,3,3,558.5234,536.2307,0.0,0.0,0.0,0.011
221,saida,0,8,558.5234,536.2307,0.0,0.0,0.0,0.072
221,entrada,0,0,558.5234,536.2307,0.0,0.0,0.0,0.0
221,saida,0,5,558.5234,536.2307,0.0,0.0,0.0,0.064
222,entrada,0,0,1511.5549,536.2307,949.563,0.0,0.0,0.0
222,melhoria,2,2,647.3882,536.2307,85.4205,0.0,0.0,0.008
222,melhoria,2,4,647.1025,536.2307,85.4205,0.0,0.0,0.016
222,melhoria,3,7,561.8022,536.2307,0.0,0.0,0.0,0.038
222,melhoria,3,10,561.7312,536.2307,0.0,0.0,0.0,0.069
222,saida,0,15,561.7312,536.2307,0.0,0.0,0.0,0.132
222,entrada,0,0,561.7312,536.2307,0.0,0.0,0.0,0.0
222,saida,0,5,561.7312,536.2307,0.0,0.0,0.0,0.069
222,entrada,0,0,561.7312,536.2307,0.0,0.0,0.0,0.0
222,saida,0,5,561.7312,536.2307,0.0,0.0,0.0,0.067
222,entrada,0,0,561.7312,536.2307,0.0,0.0,0.0,0.0
222,saida,0,5,561.7312,536.2307,0.0,0.0,0.0,0.068
223,entrada,0,0,2377.739,534.9949,1250.4604,565.6449,0.0,0.0
223,melhoria,1,1,560.6037,536.2307,0.0,0.0,0.0,0.001
223,melhoria,1,2,559.6704,536.2307,0.0,0.0,0.0,0.001
223,melhoria,1,3,556.8704,536.2307,0.0,0.0,0.0,0.004
223,saida,0,8,556.8704,536.2307,0.0,0.0,0.0,0.065
223,entrada,0,0,556.8704,536.2307,0.0,0.0,0.0,0.0
223,saida,0,5,556.8704,536.2307,0.0,0.0,0.0,0.065
223,entrada,0,0,556.8704,536.2307,0.0,0.0,0.0,0.0
223,saida,0,5,556.8704,536.2307,0.0,0.0,0.0,0.066
223,entrada,0,0,556.8704,536.2307,0.0,0.0,0.0,0.0
223,saida,0,5,556.8704,536.2307,0.0,0.0,0.0,0.069
224,entrada,0,0,4862.8341,536.2307,2476.1231,1822.8323,0.0,0.0
224,melhoria,3,3,4697.2005,536.2307,2310.3762,1822.8323,0.0,0.027
224,melhoria,2,5,4663.7299,536.2307,2310.3762,1789.3443,0.0,0.037
224,melhoria,3,8,919.1862,539.6634,0.0,351.8107,0.0,0.05
224,melhoria,1,9,588.2724,539.6634,21.1594,0.0,0.0,0.051
224,melhoria,2,11,588.0505,539.6634,21.1594,0.0,0.0,0.061
224,melhoria,1,12,588.0453,539.6634,21.1594,0.0,0.0,0.062
224,melhoria,2,14,588.0203,539.6634,21.1594,0.0,0.0,0.072
224,melhoria,3,17,587.9243,539.6634,21.1594,0.0,0.0,0.083
224,melhoria,2,19,587.8482,539.6634,21.1594,0.0,0.0,0.094
224,melhoria,1,20,587.3476,539.6634,21.1594,0.0,0.0,0.098
224,melhoria,3,23,587.2719,539.6634,21.1594,0.0,0.0,0.124
224,melhoria,3,26,587.062,539.6634,21.1594,0.0,0.0,0.143
224,melhoria,3,29,587.0555,539.6634,21.1594,0.0,0.0,0.163
224,melhoria,3,32,586.6536,539.6634,21.1594,0.0,0.0,0.207
224,saida,0,37,586.6536,539.6634,21.1594,0.0,0.0,0.287
224,entrada,0,0,586.6536,539.6634,21.1594,0.0,0.0,0.0
224,melhoria,3,3,586.4705,539.6634,21.1594,0.0,0.0,0.026
224,melhoria,1,4,584.7542,539.6634,21.1594,0.0,0.0,0.028
224,saida,0,9,584.7542,539.6634,21.1594,0.0,0.0,0.096
224,entrada,0,0,584.7542,539.6634,21.1594,0.0,0.0,0.0
224,saida,0,5,584.7542,539.6634,21.1594,0.0,0.0,0.069
224,entrada,0,0,584.7542,539.6634,21.1594,0.0,0.0,0.0
224,saida,0,5,584.7542,539.6634,21.1594,0.0,0.0,0.079
225,entrada,0,0,25398.276,671.7647,12183.4117,12517.6414,0.0,0.0
225,melhoria,1,1,25396.7153,671.7647,12183.4117,12517.6414,0.0,0.007
225,melhoria,1,2,25395.9977,671.7647,12183.4117,12517.6414,0.0,0.01
225,melhoria,1,3,25384.8262,670.0483,12365.2239,12325.4074,0.0,0.015
225,melhoria,2,5,25384.7231,670.0483,12365.2239,12325.4074,0.0,0.022
225,melhoria,2,7,25384.4756,670.0483,12365.2239,12325.4074,0.0,0.028
225,melhoria,3,10,24612.7325,665.6544,12089.0125,11833.2883,0.0,0.049
225,melhoria,1,11,24158.1394,665.6544,11632.6475,11833.2883,0.0,0.049
225,melhoria,1,12,13540.5787,600.4477,7802.6154,5109.641,0.0,0.056
225,melhoria,3,15,11118.1046,588.722,6705.0899,3796.3626,0.0,0.065
225,melhoria,3,18,10294.1035,593.3867,5933.7995,3739.3139,0.0,0.077
225,melhoria,1,19,10291.8137,593.3867,5933.7995,3739.3139,0.0,0.08
225,melhoria,1,20,10183.0118,587.1094,6533.6498,3036.2506,0.0,0.084
225,melhoria,2,22,10182.9169,587.1094,6533.6498,3036.2506,0.0,0.091
225,melhoria,1,23,10028.2319,586.4321,6453.4309,2960.3997,0.0,0.092
225,melhoria,1,24,9192.1888,589.0141,5203.2174,3374.8103,0.0,0.092
225,melhoria,1,25,8857.6219,586.4321,5282.8498,2960.3997,0.0,0.092
225,melhoria,1,26,8856.3286,586.4321,5282.8498,2960.3997,0.0,0.095
225,melhoria,1,27,8777.3441,586.4321,5202.5234,2960.3997,0.0,0.096
225,melhoria,3,30,8455.8244,586.4321,4881.218,2960.3997,0.0,0.126
225,melhoria,1,31,8354.7086,587.1094,4703.6286,3036.2506,0.0,0.132
225,melhoria,1,32,8135.4992,586.4321,4559.9126,2960.3997,0.0,0.135
225,melhoria,1,33,1643.1731,533.2785,1082.4723,0.0,0.0,0.137
225,melhoria,1,34,601.8889,535.3725,42.3189,0.0,0.0,0.139
225,melhoria,1,35,601.7911,535.3725,42.3189,0.0,0.0,0.143
225,melhoria,3,38,601.7756,535.3725,42.3189,0.0,0.0,0.178
225,saida,0,43,601.7756,535.3725,42.3189,0.0,0.0,0.237
225,entrada,0,0,601.7756,535.3725,42.3189,0.0,0.0,0.0
225,melhoria,3,3,601.7691,535.3725,42.3189,0.0,0.0,0.011
225,saida,0,8,601.7691,535.3725,42.3189,0.0,0.0,0.073
225,entrada,0,0,601.7691,535.3725,42.3189,0.0,0.0,0.0
225,saida,0,5,601.7691,535.3725,42.3189,0.0,0.0,0.062
225,entrada,0,0,601.7691,535.3725,42.3189,0.0,0.0,0.0
225,saida,0,5,601.7691,535.3725,42.3189,0.0,0.0,0.058
226,entrada,0,0,2374.0057,534.9949,1250.4604,565.6449,0.0,0.0
226,melhoria,1,1,556.8704,536.2307,0.0,0.0,0.0,0.0
226,saida,0,6,556.8704,536.2307,0.0,0.0,0.0,0.059
226,entrada,0,0,556.8704,536.2307,0.0,0.0,0.0,0.0
226,saida,0,5,556.8704,536.2307,0.0,0.0,0.0,0.06
226,entrada,0,0,556.8704,536.2307,0.0,0.0,0.0,0.0
226,saida,0,5,556.8704,536.2307,0.0,0.0,0.0,0.064
226,entrada,0,0,556.8704,536.2307,0.0,0.0,0.0,0.0
226,saida,0,5,556.8704,536.2307,0.0,0.0,0.0,0.062
227,entrada,0,0,24620.9442,532.9009,17952.6585,6108.0907,0.0,0.0
227,melhoria,1,1,7419.7738,584.7427,4038.1531,2771.178,0.0,0.0
227,melhoria,3,4,7419.4538,584.7427,4038.1531,2771.178,0.0,0.032
227,melhoria,3,7,7419.2397,584.7427,4038.1531,2771.178,0.0,0.042
227,melhoria,2,9,7419.1493,584.7427,4038.1531,2771.178,0.0,0.052
227,melhoria,3,12,563.5176,538.4276,0.0,0.0,0.0,0.069
227,melhoria,3,15,563.1929,538.4276,0.0,0.0,0.0,0.079
227,melhoria,3,18,563.1188,538.4276,0.0,0.0,0.0,0.127
227,melhoria,1,19,562.1765,538.4276,0.0,0.0,0.0,0.134
227,melhoria,1,20,559.9158,538.4276,0.0,0.0,0.0,0.135
227,melhoria,2,22,559.7587,538.4276,0.0,0.0,0.0,0.143
227,melhoria,3,25,559.1011,538.4276,0.0,0.0,0.0,0.192
227,melhoria,3,28,557.6887,536.2307,0.0,0.0,0.0,0.223
227,saida,0,33,557.6887,536.2307,0.0,0.0,0.0,0.288
227,entrada,0,0,557.6887,536.2307,0.0,0.0,0.0,0.0
227,saida,0,5,557.6887,536.2307,0.0,0.0,0.0,0.064
227,entrada,0,0,557.6887,536.2307,0.0,0.0,0.0,0.0
227,saida,0,5,557.6887,536.2307,0.0,0.0,0.0,0.068
227,entrada,0,0,557.6887,536.2307,0.0,0.0,0.0,0.0
227,melhoria,3,3,557.5612,536.2307,0.0,0.0,0.0,0.018
227,saida,0,8,557.5612,536.2307,0.0,0.0,0.0,0.081
228,entrada,0,0,11222.5315,536.2307,5792.4087,4870.2873,0.0,0.0
228,melhoria,1,1,591.2008,541.8604,24.3725,0.0,0.0,0.0
228,melhoria,3,4,563.5198,538.4276,0.0,0.0,0.0,0.023
228,melhoria,1,5,563.2915,540.5216,0.0,0.0,0.0,0.025
228,melhoria,1,6,558.0324,536.2307,0.0,0.0,0.0,0.028
228,melhoria,3,9,557.9643,536.2307,0.0,0.0,0.0,0.042
228,melhoria,3,12,557.9078,536.2307,0.0,0.0,0.0,0.059
228,saida,0,17,557.9078,536.2307,0.0,0.0,0.0,0.122
228,entrada,0,0,557.9078,536.2307,0.0,0.0,0.0,0.0
228,saida,0,5,557.9078,536.2307,0.0,0.0,0.0,0.06
228,entrada,0,0,557.9078,536.2307,0.0,0.0,0.0,0.0
228,saida,0,5,557.9078,536.2307,0.0,0.0,0.0,0.067
228,entrada,0,0,557.9078,536.2307,0.0,0.0,0.0,0.0
228,melhoria,3,3,557.791,536.2307,0.0,0.0,0.0,0.025
228,saida,0,8,557.791,536.2307,0.0,0.0,0.0,0.1
229,entrada,0,0,12678.9142,534.9949,9685.3814,2431.0387,0.0,0.0
229,melhoria,1,1,11832.6441,596.6556,7101.1289,4105.4279,0.0,0.001
229,melhoria,1,2,6575.4153,536.7799,4577.4722,1435.1021,0.0,0.007
229,melhoria,3,5,5269.9322,536.7799,3917.5687,789.5465,0.0,0.021
229,melhoria,3,8,3734.2375,536.7799,2382.0753,789.5465,0.0,0.045
229,melhoria,3,11,3734.1579,536.7799,2382.0753,789.5465,0.0,0.06
229,melhoria,3,14,649.6443,538.9769,85.4205,0.0,0.0,0.096
229,melhoria,3,17,649.5189,538.9769,85.4205,0.0,0.0,0.136
229,melhoria,3,20,649.453,538.9769,85.4205,0.0,0.0,0.18
229,melhoria,1,21,561.9207,538.4276,0.0,0.0,0.0,0.182
229,melhoria,1,22,561.2156,538.4276,0.0,0.0,0.0,0.188
229,melhoria,2,24,561.0844,538.4276,0.0,0.0,0.0,0.196
229,melhoria,1,25,560.8267,538.9769,0.0,0.0,0.0,0.198
229,melhoria,2,27,560.7731,538.9769,0.0,0.0,0.0,0.205
229,melhoria,1,28,560.5237,538.9769,0.0,0.0,0.0,0.205
229,melhoria,1,29,560.2709,538.4276,0.0,0.0,0.0,0.21
229,melhoria,2,31,560.0347,538.4276,0.0,0.0,0.0,0.218
229,melhoria,1,32,559.1953,538.4276,0.0,0.0,0.0,0.223
229,melhoria,1,33,559.184,538.4276,0.0,0.0,0.0,0.225
229,melhoria,3,36,557.7722,536.2307,0.0,0.0,0.0,0.253
229,melhoria,3,39,557.6892,536.2307,0.0,0.0,0.0,0.276
229,melhoria,3,42,557.6887,536.2307,0.0,0.0,0.0,0.309
229,saida,0,47,557.6887,536.2307,0.0,0.0,0.0,0.382
229,entrada,0,0,557.6887,536.2307,0.0,0.0,0.0,0.0
229,melhoria,3,3,557.5099,536.2307,0.0,0.0,0.0,0.05
229,saida,0,8,557.5099,536.2307,0.0,0.0,0.0,0.119
229,entrada,0,0,557.5099,536.2307,0.0,0.0,0.0,0.0
229,saida,0,5,557.5099,536.2307,0.0,0.0,0.0,0.064
229,entrada,0,0,557.5099,536.2307,0.0,0.0,0.0,0.0
229,saida,0,5,557.5099,536.2307,0.0,0.0,0.0,0.066
231,entrada,0,0,8763.0584,544.6066,5567.9847,2618.8276,0.0,0.0
231,melhoria,1,1,2682.4518,531.3592,2119.8329,0.0,0.0,0.002
231,melhoria,1,2,2474.4915,531.2317,1910.9844,0.0,0.0,0.005
231,melhoria,1,3,2471.7189,531.2317,1910.9844,0.0,0.0,0.005
231,melhoria,1,4,2471.4379,531.431,1910.9844,0.0,0.0,0.007
231,melhoria,1,5,2322.7084,531.431,1763.5936,0.0,0.0,0.007
231,melhoria,1,6,2210.6658,531.431,1653.9401,0.0,0.0,0.008
231,melhoria,1,7,1985.732,531.431,1429.0263,0.0,0.0,0.013
231,melhoria,1,8,1984.2302,531.718,1429.0263,0.0,0.0,0.019
231,melhoria,1,9,1803.7637,544.0574,1236.2431,0.0,0.0,0.02
231,melhoria,2,11,1803.7557,544.0574,1236.2431,0.0,0.0,0.029
231,melhoria,1,12,1803.2609,544.0574,1236.2431,0.0,0.0,0.035
231,melhoria,1,13,1680.0119,546.1513,1110.934,0.0,0.0,0.04
231,melhoria,1,14,1304.0175,431.3708,850.6766,0.0,0.0,0.041
231,melhoria,2,16,1303.9143,431.3708,850.6766,0.0,0.0,0.049
231,melhoria,2,18,1303.7849,431.3708,850.6766,0.0,0.0,0.057
231,melhoria,2,20,1303.7208,431.3708,850.6766,0.0,0.0,0.064
231,melhoria,3,23,1026.4685,428.6246,575.1239,0.0,0.0,0.085
231,melhoria,2,25,831.5519,428.6246,380.7739,0.0,0.0,0.094
231,melhoria,2,27,831.4983,428.6246,380.7739,0.0,0.0,0.104
231,melhoria,3,30,825.3645,428.6246,375.0643,0.0,0.0,0.129
231,melhoria,1,31,823.4345,428.6246,375.0643,0.0,0.0,0.13
231,melhoria,2,33,811.8902,428.6246,363.6243,0.0,0.0,0.14
231,melhoria,3,36,811.5042,428.6246,363.6243,0.0,0.0,0.163
231,melhoria,3,39,490.7779,428.6246,42.3189,0.0,0.0,0.21
231,saida,0,44,490.7779,428.6246,42.3189,0.0,0.0,0.269
232,entrada,0,0,2940.4472,533.2785,1868.5176,514.6905,0.0,0.0
232,melhoria,1,1,599.2984,535.3725,42.3189,0.0,0.0,0.001
232,melhoria,3,4,599.2662,535.3725,42.3189,0.0,0.0,0.021
232,saida,0,9,599.2662,535.3725,42.3189,0.0,0.0,0.08
232,entrada,0,0,599.2662,535.3725,42.3189,0.0,0.0,0.0
232,melhoria,3,3,599.1502,535.3725,42.3189,0.0,0.0,0.014
232,saida,0,8,599.1502,535.3725,42.3189,0.0,0.0,0.072
232,entrada,0,0,599.1502,535.3725,42.3189,0.0,0.0,0.0
232,saida,0,5,599.1502,535.3725,42.3189,0.0,0.0,0.061
232,entrada,0,0,599.1502,535.3725,42.3189,0.0,0.0,0.0
232,saida,0,5,599.1502,535.3725,42.3189,0.0,0.0,0.055
233,entrada,0,0,12590.5698,534.9949,9601.4222,2431.0387,0.0,0.0
233,melhoria,1,1,9841.9397,596.0585,5182.7385,4038.5549,0.0,0.0
233,melhoria,1,2,9779.0218,596.0585,5118.4775,4038.5549,0.0,0.002
233,melhoria,1,3,6213.077,535.6814,3522.5697,2128.9217,0.0,0.008
233,melhoria,1,4,646.634,536.2307,85.4205,0.0,0.0,0.008
233,melhoria,1,5,558.8316,536.2307,0.0,0.0,0.0,0.015
233,melhoria,1,6,557.9164,536.2307,0.0,0.0,0.0,0.021
233,melhoria,3,9,557.8071,536.2307,0.0,0.0,0.0,0.069
233,saida,0,14,557.8071,536.2307,0.0,0.0,0.0,0.127
233,entrada,0,0,557.8071,536.2307,0.0,0.0,0.0,0.0
233,saida,0,5,557.8071,536.2307,0.0,0.0,0.0,0.065
233,entrada,0,0,557.8071,536.2307,0.0,0.0,0.0,0.0
233,saida,0,5,557.8071,536.2307,0.0,0.0,0.0,0.066
233,entrada,0,0,557.8071,536.2307,0.0,0.0,0.0,0.0
233,saida,0,5,557.8071,536.2307,0.0,0.0,0.0,0.068
234,entrada,0,0,6123.0409,536.2307,3469.0715,2090.2257,0.0,0.0
234,melhoria,1,1,2240.6575,536.7799,1676.0128,0.0,0.0,0.001
234,melhoria,1,2,566.2385,536.2307,0.0,0.0,0.0,0.004
234,melhoria,1,3,563.7953,536.2307,0.0,0.0,0.0,0.005
234,melhoria,1,4,561.2533,536.2307,0.0,0.0,0.0,0.008
234,melhoria,3,7,561.154,536.2307,0.0,0.0,0.0,0.024
234,melhoria,3,10,561.1205,536.2307,0.0,0.0,0.0,0.046
234,saida,0,15,561.1205,536.2307,0.0,0.0,0.0,0.119
234,entrada,0,0,561.1205,536.2307,0.0,0.0,0.0,0.0
234,saida,0,5,561.1205,536.2307,0.0,0.0,0.0,0.073
234,entrada,0,0,561.1205,536.2307,0.0,0.0,0.0,0.0
234,saida,0,5,561.1205,536.2307,0.0,0.0,0.0,0.066
234,entrada,0,0,561.1205,536.2307,0.0,0.0,0.0,0.0
234,saida,0,5,561.1205,536.2307,0.0,0.0,0.0,0.066
235,entrada,0,0,646.634,536.2307,85.4205,0.0,0.0,0.0
235,melhoria,1,1,558.8316,536.2307,0.0,0.0,0.0,0.003
235,melhoria,1,2,557.9164,536.2307,0.0,0.0,0.0,0.01
235,melhoria,3,5,557.7997,536.2307,0.0,0.0,0.0,0.062
235,saida,0,10,557.7997,536.2307,0.0,0.0,0.0,0.122
235,entrada,0,0,557.7997,536.2307,0.0,0.0,0.0,0.0
235,saida,0,5,557.7997,536.2307,0.0,0.0,0.0,0.062
235,entrada,0,0,557.7997,536.2307,0.0,0.0,0.0,0.0
235,saida,0,5,557.7997,536.2307,0.0,0.0,0.0,0.068
235,entrada,0,0,557.7997,536.2307,0.0,0.0,0.0,0.0
235,saida,0,5,557.7997,536.2307,0.0,0.0,0.0,0.063
236,entrada,0,0,8410.8417,534.9949,4522.9524,3325.9607,0.0,0.0
236,melhoria,1,1,3251.4491,536.2307,1650.2293,1038.3129,0.0,0.001
236,melhoria,1,2,596.5662,536.2307,32.5994,0.0,0.0,0.002
236,melhoria,1,3,571.6896,536.2307,11.44,0.0,0.0,0.005
236,melhoria,1,4,560.7194,536.2307,0.0,0.0,0.0,0.007
236,melhoria,1,5,560.1026,536.2307,0.0,0.0,0.0,0.011
236,melhoria,3,8,559.9703,536.2307,0.0,0.0,0.0,0.03
236,melhoria,3,11,559.9656,536.2307,0.0,0.0,0.0,0.049
236,melhoria,2,13,559.9606,536.2307,0.0,0.0,0.0,0.057
236,melhoria,2,15,559.5891,536.2307,0.0,0.0,0.0,0.067
236,melhoria,3,18,559.5885,536.2307,0.0,0.0,0.0,0.122
236,saida,0,23,559.5885,536.2307,0.0,0.0,0.0,0.184
236,entrada,0,0,559.5885,536.2307,0.0,0.0,0.0,0.0
236,saida,0,5,559.5885,536.2307,0.0,0.0,0.0,0.063
236,entrada,0,0,559.5885,536.2307,0.0,0.0,0.0,0.0
236,saida,0,5,559.5885,536.2307,0.0,0.0,0.0,0.063
236,entrada,0,0,559.5885,536.2307,0.0,0.0,0.0,0.0
236,saida,0,5,559.5885,536.2307,0.0,0.0,0.0,0.063
237,entrada,0,0,737.5516,541.1738,170.8411,0.0,0.0,0.0
237,melhoria,1,1,674.5895,541.1738,106.58,0.0,0.0,0.001
237,melhoria,1,2,672.9966,541.1738,106.58,0.0,0.0,0.004
237,melhoria,1,3,672.1553,541.1738,106.58,0.0,0.0,0.004
237,melhoria,1,4,608.6805,540.6246,42.3189,0.0,0.0,0.007
237,melhoria,3,7,608.6717,540.6246,42.3189,0.0,0.0,0.028
237,melhoria,3,10,564.1756,538.4276,0.0,0.0,0.0,0.073
237,melhoria,1,11,563.3652,538.4276,0.0,0.0,0.0,0.08
237,melhoria,1,12,560.9061,538.4276,0.0,0.0,0.0,0.086
237,melhoria,3,15,560.1221,538.4276,0.0,0.0,0.0,0.109
237,melhoria,1,16,559.1991,538.4276,0.0,0.0,0.0,0.115
237,melhoria,3,19,559.0857,538.4276,0.0,0.0,0.0,0.13
237,melhoria,3,22,557.8385,536.2307,0.0,0.0,0.0,0.155
237,saida,0,27,557.8385,536.2307,0.0,0.0,0.0,0.217
237,entrada,0,0,557.8385,536.2307,0.0,0.0,0.0,0.0
237,saida,0,5,557.8385,536.2307,0.0,0.0,0.0,0.063
237,entrada,0,0,557.8385,536.2307,0.0,0.0,0.0,0.0
237,saida,0,5,557.8385,536.2307,0.0,0.0,0.0,0.062
237,entrada,0,0,557.8385,536.2307,0.0,0.0,0.0,0.0
237,saida,0,5,557.8385,536.2307,0.0,0.0,0.0,0.063
238,entrada,0,0,2374.0057,534.9949,1250.4604,565.6449,0.0,0.0
238,melhoria,1,1,557.7902,536.2307,0.0,0.0,0.0,0.001
238,melhoria,3,4,557.6767,536.2307,0.0,0.0,0.0,0.042
238,saida,0,9,557.6767,536.2307,0.0,0.0,0.0,0.108
238,entrada,0,0,557.6767,536.2307,0.0,0.0,0.0,0.0
238,saida,0,5,557.6767,536.2307,0.0,0.0,0.0,0.064
238,entrada,0,0,557.6767,536.2307,0.0,0.0,0.0,0.0
238,saida,0,5,557.6767,536.2307,0.0,0.0,0.0,0.062
238,entrada,0,0,557.6767,536.2307,0.0,0.0,0.0,0.0
238,saida,0,5,557.6767,536.2307,0.0,0.0,0.0,0.065
239,entrada,0,0,3270.7013,564.2315,2205.6802,473.927,0.0,0.0
239,melhoria,1,1,3044.8342,564.2315,1980.7665,473.927,0.0,0.001
239,melhoria,1,2,577.1849,512.1798,42.3189,0.0,0.0,0.008
239,melhoria,3,5,577.0685,512.1798,42.3189,0.0,0.0,0.022
239,melhoria,3,8,557.5181,492.9017,42.3189,0.0,0.0,0.043
239,melhoria,1,9,534.5778,470.896,42.3189,0.0,0.0,0.046
239,melhoria,3,12,534.4166,470.896,42.3189,0.0,0.0,0.075
239,melhoria,1,13,533.4799,470.896,42.3189,0.0,0.0,0.075
239,melhoria,1,14,531.9795,470.896,42.3189,0.0,0.0,0.078
239,saida,0,19,531.9795,470.896,42.3189,0.0,0.0,0.139
241,entrada,0,0,43865.998,678.6302,21355.801,21803.6386,0.0,0.0
241,melhoria,1,1,43506.3086,677.2571,21227.2789,21572.9578,0.0,0.002
241,melhoria,1,2,43219.1347,676.1586,21124.4611,21388.4132,0.0,0.002
241,melhoria,1,3,42409.644,673.0691,20835.2863,20869.3814,0.0,0.003
241,melhoria,2,5,41549.3365,673.0691,20443.6489,20400.7555,0.0,0.01
241,melhoria,1,6,41335.5654,673.0691,20345.7396,20283.599,0.0,0.014
241,melhoria,1,7,41067.2719,673.0691,20223.3529,20137.1534,0.0,0.019
241,melhoria,3,10,39723.6592,673.0691,19611.4195,19404.9254,0.0,0.038
241,melhoria,3,13,39723.626,673.0691,19611.4195,19404.9254,0.0,0.062
241,melhoria,3,16,39723.4048,673.0691,19611.4195,19404.9254,0.0,0.082
241,saida,0,21,39723.4048,673.0691,19611.4195,19404.9254,0.0,0.143
243,entrada,0,0,5435.7944,534.9949,4303.4251,574.0169,0.0,0.0
243,melhoria,1,1,3610.9004,534.1367,3052.9647,0.0,0.0,0.001
243,melhoria,1,2,3547.9749,534.1367,2988.7036,0.0,0.0,0.002
243,melhoria,2,4,3547.85,534.1367,2988.7036,0.0,0.0,0.012
243,melhoria,1,5,3547.1324,534.1367,2988.7036,0.0,0.0,0.022
243,melhoria,2,7,3547.0086,534.1367,2988.7036,0.0,0.0,0.034
243,melhoria,3,10,3348.8571,536.8829,2787.5513,0.0,0.0,0.045
243,melhoria,1,11,2373.2723,536.8829,1809.4986,0.0,0.0,0.046
243,melhoria,1,12,2036.1307,536.8829,1472.1279,0.0,0.0,0.051
243,melhoria,1,13,1711.9974,536.8829,1150.8225,0.0,0.0,0.055
243,melhoria,2,15,1711.9686,536.8829,1150.8225,0.0,0.0,0.064
243,melhoria,3,18,1711.8055,536.8829,1150.8225,0.0,0.0,0.111
243,melhoria,3,21,1711.741,536.8829,1150.8225,0.0,0.0,0.129
243,melhoria,1,22,1309.5277,538.9769,749.1908,0.0,0.0,0.135
243,melhoria,1,23,645.7004,538.9769,85.4205,0.0,0.0,0.142
243,melhoria,2,25,645.6975,538.9769,85.4205,0.0,0.0,0.152
243,melhoria,3,28,560.695,538.9769,0.0,0.0,0.0,0.169
243,melhoria,3,31,560.6906,538.9769,0.0,0.0,0.0,0.19
243,melhoria,2,33,560.5611,538.9769,0.0,0.0,0.0,0.2
243,melhoria,3,36,557.6786,536.2307,0.0,0.0,0.0,0.229
243,saida,0,41,557.6786,536.2307,0.0,0.0,0.0,0.299
243,entrada,0,0,557.6786,536.2307,0.0,0.0,0.0,0.0
243,saida,0,5,557.6786,536.2307,0.0,0.0,0.0,0.072
243,entrada,0,0,557.6786,536.2307,0.0,0.0,0.0,0.0
243,saida,0,5,557.6786,536.2307,0.0,0.0,0.0,0.061
243,entrada,0,0,557.6786,536.2307,0.0,0.0,0.0,0.0
243,saida,0,5,557.6786,536.2307,0.0,0.0,0.0,0.063
244,entrada,0,0,2374.0057,534.9949,1250.4604,565.6449,0.0,0.0
244,melhoria,1,1,557.7902,536.2307,0.0,0.0,0.0,0.003
244,saida,0,6,557.7902,536.2307,0.0,0.0,0.0,0.064
244,entrada,0,0,557.7902,536.2307,0.0,0.0,0.0,0.0
244,melhoria,3,3,557.6767,536.2307,0.0,0.0,0.0,0.013
244,saida,0,8,557.6767,536.2307,0.0,0.0,0.0,0.081
244,entrada,0,0,557.6767,536.2307,0.0,0.0,0.0,0.0
244,saida,0,5,557.6767,536.2307,0.0,0.0,0.0,0.068
244,entrada,0,0,557.6767,536.2307,0.0,0.0,0.0,0.0
244,saida,0,5,557.6767,536.2307,0.0,0.0,0.0,0.06
245,entrada,0,0,2374.0057,534.9949,1250.4604,565.6449,0.0,0.0
245,melhoria,1,1,556.8704,536.2307,0.0,0.0,0.0,0.0
245,saida,0,6,556.8704,536.2307,0.0,0.0,0.0,0.064
245,entrada,0,0,556.8704,536.2307,0.0,0.0,0.0,0.0
245,saida,0,5,556.8704,536.2307,0.0,0.0,0.0,0.061
245,entrada,0,0,556.8704,536.2307,0.0,0.0,0.0,0.0
245,saida,0,5,556.8704,536.2307,0.0,0.0,0.0,0.063
245,entrada,0,0,556.8704,536.2307,0.0,0.0,0.0,0.0
245,saida,0,5,556.8704,536.2307,0.0,0.0,0.0,0.064
246,entrada,0,0,24618.7289,530.704,17952.6585,6108.0907,0.0,0.0
246,melhoria,1,1,9264.1911,593.6702,4873.7713,3771.0631,0.0,0.001
246,melhoria,3,4,8782.0423,591.3343,4655.1275,3509.4381,0.0,0.049
246,melhoria,1,5,8612.3791,590.4013,4588.964,3404.9491,0.0,0.051
246,melhoria,3,8,7812.1897,586.5297,4226.5816,2971.329,0.0,0.102
246,melhoria,1,9,584.2005,537.5695,21.1594,0.0,0.0,0.108
246,melhoria,3,12,584.0255,537.5695,21.1594,0.0,0.0,0.131
246,melhoria,3,15,583.9916,537.5695,21.1594,0.0,0.0,0.172
246,saida,0,20,583.9916,537.5695,21.1594,0.0,0.0,0.235
246,entrada,0,0,583.9916,537.5695,21.1594,0.0,0.0,0.0
246,melhoria,3,3,583.9894,537.5695,21.1594,0.0,0.0,0.04
246,saida,0,8,583.9894,537.5695,21.1594,0.0,0.0,0.111
246,entrada,0,0,583.9894,537.5695,21.1594,0.0,0.0,0.0
246,saida,0,5,583.9894,537.5695,21.1594,0.0,0.0,0.069
246,entrada,0,0,583.9894,537.5695,21.1594,0.0,0.0,0.0
246,melhoria,3,3,583.8326,537.5695,21.1594,0.0,0.0,0.015
246,saida,0,8,583.8326,537.5695,21.1594,0.0,0.0,0.079
247,entrada,0,0,44917.6612,677.2571,21869.8089,22341.7972,0.0,0.0
247,melhoria,1,1,44914.9636,677.2571,21869.8089,22341.7972,0.0,0.002
247,melhoria,1,2,44627.7778,676.1586,21766.9912,22157.2526,0.0,0.002
247,melhoria,1,3,43818.309,673.0691,21477.8164,21638.2208,0.0,0.003
247,melhoria,2,5,42958.0108,673.0691,21086.179,21169.5949,0.0,0.01
247,melhoria,1,6,42743.8696,673.0691,20988.2696,21052.4384,0.0,0.011
247,melhoria,1,7,42141.1901,673.0691,20712.8996,20722.9358,0.0,0.017
247,melhoria,3,10,42141.1587,673.0691,20712.8996,20722.9358,0.0,0.027
247,melhoria,2,12,41173.5261,668.6752,20301.6287,20170.9472,0.0,0.034
247,melhoria,1,13,22828.8644,631.4226,12548.445,9618.7933,0.0,0.036
247,melhoria,1,14,20812.4048,631.4226,11630.0596,8519.8707,0.0,0.037
247,melhoria,1,15,18555.0641,635.4106,9444.4415,8445.9861,0.0,0.037
247,melhoria,1,16,18041.4976,633.7762,9113.9711,8262.9291,0.0,0.037
247,melhoria,1,17,17359.9651,632.7301,8550.938,8145.7726,0.0,0.038
247,melhoria,1,18,17358.0984,632.7301,8550.938,8145.7726,0.0,0.04
247,melhoria,1,19,17358.0521,632.7301,8550.938,8145.7726,0.0,0.041
247,melhoria,1,20,17356.1855,632.7301,8550.938,8145.7726,0.0,0.046
247,melhoria,2,22,17356.0823,632.7301,8550.938,8145.7726,0.0,0.053
247,melhoria,2,24,17347.4906,628.546,9014.711,7677.1467,0.0,0.06
247,melhoria,1,25,16492.0386,628.546,8159.3006,7677.1467,0.0,0.063
247,melhoria,1,26,16007.6163,626.1924,7939.0046,7413.5446,0.0,0.067
247,melhoria,3,29,16007.451,626.1924,7939.0046,7413.5446,0.0,0.08
247,melhoria,2,31,15488.6533,622.0082,7893.0451,6944.9187,0.0,0.088
247,melhoria,1,32,15273.8897,620.9622,7795.1358,6827.7622,0.0,0.091
247,melhoria,1,33,15259.0556,619.6546,7926.9901,6681.3166,0.0,0.098
247,melhoria,3,36,13924.3222,614.4244,7183.2024,6095.5342,0.0,0.127
247,melhoria,3,39,13924.2364,614.4244,7183.2024,6095.5342,0.0,0.143
247,melhoria,3,42,13059.6915,610.2403,6791.565,5626.9083,0.0,0.178
247,melhoria,3,45,13059.549,610.2403,6791.565,5626.9083,0.0,0.193
247,melhoria,3,48,13059.4596,610.2403,6791.565,5626.9083,0.0,0.219
247,saida,0,53,13059.4596,610.2403,6791.565,5626.9083,0.0,0.288
247,entrada,0,0,13059.4596,610.2403,6791.565,5626.9083,0.0,0.0
247,saida,0,5,13059.4596,610.2403,6791.565,5626.9083,0.0,0.063
247,entrada,0,0,34495.6078,700.8744,16375.1152,17394.895,0.0,0.0
247,melhoria,1,1,34494.0912,700.8744,16375.1152,17394.895,0.0,0.001
247,melhoria,1,2,34493.4995,700.8744,16375.1152,17394.895,0.0,0.001
247,melhoria,1,3,34492.5745,700.8744,16375.1152,17394.895,0.0,0.002
247,melhoria,1,4,34492.0012,700.8744,16375.1152,17394.895,0.0,0.005
247,melhoria,1,5,34491.0645,700.8744,16375.1152,17394.895,0.0,0.005
247,melhoria,3,8,33080.4991,696.4805,15706.8,16656.7164,0.0,0.017
247,melhoria,1,9,32288.2744,694.0089,15330.8727,16241.491,0.0,0.019
247,melhoria,1,10,32287.6994,694.0089,15330.8727,16241.491,0.0,0.023
247,melhoria,3,13,31587.5387,689.615,15372.7475,15503.3124,0.0,0.045
247,melhoria,1,14,31235.7378,688.5165,15205.6687,15318.7678,0.0,0.049
247,melhoria,1,15,30525.8233,688.5165,14495.4787,15318.7678,0.0,0.052
247,melhoria,1,16,30524.3087,688.5165,14495.4787,15318.7678,0.0,0.054
247,melhoria,3,19,30524.0978,688.5165,14495.4787,15318.7678,0.0,0.063
247,melhoria,3,22,29113.5149,684.1226,13827.1634,14580.5892,0.0,0.078
247,melhoria,3,25,29112.8762,684.1226,13827.1634,14580.5892,0.0,0.091
247,melhoria,1,26,29112.2929,684.1226,13827.1634,14580.5892,0.0,0.092
247,melhoria,3,29,29112.2737,684.1226,13827.1634,14580.5892,0.0,0.108
247,melhoria,1,30,28760.8956,683.0241,13660.0846,14396.0446,0.0,0.11
247,melhoria,3,33,27653.5596,678.6302,13294.9456,13657.866,0.0,0.124
247,melhoria,1,34,27360.7976,678.6302,13001.0884,13657.866,0.0,0.128
247,melhoria,3,37,27360.6549,678.6302,13001.0884,13657.866,0.0,0.154
247,melhoria,3,40,27351.0812,678.6302,12991.7694,13657.866,0.0,0.202
247,melhoria,3,43,27350.9232,678.6302,12991.7694,13657.866,0.0,0.23
247,melhoria,3,46,27350.691,678.6302,12991.7694,13657.866,0.0,0.276
247,melhoria,1,47,26910.7183,677.2571,12782.9209,13427.1852,0.0,0.281
247,melhoria,3,50,26910.6423,677.2571,12782.9209,13427.1852,0.0,0.315
247,melhoria,3,53,26910.0036,677.2571,12782.9209,13427.1852,0.0,0.324
247,melhoria,1,54,26909.4305,677.2571,12782.9209,13427.1852,0.0,0.328
247,melhoria,1,55,26558.0174,676.1586,12615.8421,13242.6406,0.0,0.334
247,melhoria,3,58,26085.9474,671.7647,12872.6392,12517.6414,0.0,0.345
247,melhoria,1,59,25398.8723,671.7647,12183.4117,12517.6414,0.0,0.348
247,melhoria,3,62,25398.6611,671.7647,12183.4117,12517.6414,0.0,0.361
247,melhoria,1,63,25395.8611,671.7647,12183.4117,12517.6414,0.0,0.364
247,melhoria,1,64,25384.6877,670.0483,12365.2239,12325.4074,0.0,0.369
247,melhoria,3,67,25384.6303,670.0483,12365.2239,12325.4074,0.0,0.381
247,melhoria,3,70,25384.5394,670.0483,12365.2239,12325.4074,0.0,0.42
247,melhoria,1,71,11371.932,595.1256,6819.4937,3934.0659,0.0,0.424
247,melhoria,3,74,11371.8848,595.1256,6819.4937,3934.0659,0.0,0.45
247,melhoria,3,77,11082.5449,593.724,6688.3074,3777.0909,0.0,0.499
247,melhoria,3,80,2370.0071,537.5695,1809.4986,0.0,0.0,0.519
247,melhoria,1,81,2368.1373,537.5695,1809.4986,0.0,0.0,0.526
247,melhoria,3,84,2368.0866,537.5695,1809.4986,0.0,0.0,0.568
247,melhoria,3,87,2367.9779,537.5695,1809.4986,0.0,0.0,0.628
247,melhoria,3,90,2367.8195,537.5695,1809.4986,0.0,0.0,0.651
247,melhoria,1,91,2366.3229,537.5695,1809.4986,0.0,0.0,0.657
247,saida,0,96,2366.3229,537.5695,1809.4986,0.0,0.0,0.715
248,entrada,0,0,2786.1456,553.6736,2205.6802,0.0,0.0,0.0
248,melhoria,1,1,2643.3964,553.6736,2061.0928,0.0,0.0,0.001
248,melhoria,1,2,712.6927,500.8283,186.9063,0.0,0.0,0.005
248,melhoria,3,5,704.1953,492.5035,186.9063,0.0,0.0,0.018
248,melhoria,1,6,515.4437,470.896,21.1594,0.0,0.0,0.019
248,melhoria,3,9,515.3109,470.896,21.1594,0.0,0.0,0.031
248,saida,0,14,515.3109,470.896,21.1594,0.0,0.0,0.09
249,entrada,0,0,2919.6811,534.9949,2100.4298,254.2052,0.0,0.0
249,melhoria,1,1,729.7643,536.2307,165.7469,0.0,0.0,0.002
249,melhoria,1,2,726.9643,536.2307,165.7469,0.0,0.0,0.003
249,melhoria,3,5,561.9444,536.2307,0.0,0.0,0.0,0.011
249,melhoria,1,6,561.6694,536.2307,0.0,0.0,0.0,0.012
249,melhoria,2,8,561.4547,536.2307,0.0,0.0,0.0,0.021
249,melhoria,3,11,561.1139,536.2307,0.0,0.0,0.0,0.068
249,melhoria,3,14,560.9606,536.2307,0.0,0.0,0.0,0.08
249,melhoria,1,15,560.0272,536.2307,0.0,0.0,0.0,0.081
249,melhoria,1,16,557.6887,536.2307,0.0,0.0,0.0,0.084
249,melhoria,3,19,557.5099,536.2307,0.0,0.0,0.0,0.129
249,saida,0,24,557.5099,536.2307,0.0,0.0,0.0,0.203
249,entrada,0,0,557.5099,536.2307,0.0,0.0,0.0,0.0
249,saida,0,5,557.5099,536.2307,0.0,0.0,0.0,0.072
249,entrada,0,0,557.5099,536.2307,0.0,0.0,0.0,0.0
249,saida,0,5,557.5099,536.2307,0.0,0.0,0.0,0.068
249,entrada,0,0,557.5099,536.2307,0.0,0.0,0.0,0.0
249,saida,0,5,557.5099,536.2307,0.0,0.0,0.0,0.064
250,entrada,0,0,2487.3919,542.7186,1355.1593,565.6449,0.0,0.0
250,melhoria,1,1,786.952,543.9544,220.3688,0.0,0.0,0.001
250,melhoria,1,2,671.8709,542.7186,104.6989,0.0,0.0,0.002
250,melhoria,1,3,591.2008,541.8604,24.3725,0.0,0.0,0.003
250,melhoria,1,4,588.5133,541.0022,21.1594,0.0,0.0,0.007
250,melhoria,3,7,588.381,541.0022,21.1594,0.0,0.0,0.019
250,melhoria,3,10,588.2739,541.0022,21.1594,0.0,0.0,0.041
250,melhoria,3,13,588.1458,541.0022,21.1594,0.0,0.0,0.068
250,melhoria,3,16,587.9911,541.0022,21.1594,0.0,0.0,0.106
250,saida,0,21,587.9911,541.0022,21.1594,0.0,0.0,0.175
250,entrada,0,0,587.9911,541.0022,21.1594,0.0,0.0,0.0
250,melhoria,3,3,587.9399,541.0022,21.1594,0.0,0.0,0.028
250,saida,0,8,587.9399,541.0022,21.1594,0.0,0.0,0.09
250,entrada,0,0,587.9399,541.0022,21.1594,0.0,0.0,0.0
250,saida,0,5,587.9399,541.0022,21.1594,0.0,0.0,0.061
250,entrada,0,0,587.9399,541.0022,21.1594,0.0,0.0,0.0
250,saida,0,5,587.9399,541.0022,21.1594,0.0,0.0,0.061
252,entrada,0,0,2487.3919,542.7186,1355.1593,565.6449,0.0,0.0
252,melhoria,1,1,786.8438,543.9544,220.3688,0.0,0.0,0.003
252,melhoria,1,2,557.7902,536.2307,0.0,0.0,0.0,0.004
252,saida,0,7,557.7902,536.2307,0.0,0.0,0.0,0.066
252,entrada,0,0,557.7902,536.2307,0.0,0.0,0.0,0.0
252,saida,0,5,557.7902,536.2307,0.0,0.0,0.0,0.075
252,entrada,0,0,557.7902,536.2307,0.0,0.0,0.0,0.0
252,saida,0,5,557.7902,536.2307,0.0,0.0,0.0,0.067
252,entrada,0,0,557.7902,536.2307,0.0,0.0,0.0,0.0
252,saida,0,5,557.7902,536.2307,0.0,0.0,0.0,0.065
253,entrada,0,0,1224.1731,524.0802,673.9586,0.0,0.0,0.0
253,melhoria,1,1,1222.3064,524.0802,673.9586,0.0,0.0,0.0
253,melhoria,1,2,1080.1274,524.0802,529.3712,0.0,0.0,0.003
253,melhoria,3,5,1059.3221,523.6975,508.2117,0.0,0.0,0.021
253,melhoria,3,8,1048.4062,512.8832,508.2117,0.0,0.0,0.036
253,melhoria,3,11,1048.3169,512.8832,508.2117,0.0,0.0,0.054
253,melhoria,3,14,1046.6,511.2885,508.2117,0.0,0.0,0.08
253,melhoria,1,15,935.7879,541.8604,366.8374,0.0,0.0,0.085
253,melhoria,1,16,810.0466,543.9544,241.5282,0.0,0.0,0.091
253,melhoria,1,17,556.0508,511.2885,21.1594,0.0,0.0,0.091
253,melhoria,3,20,555.5797,510.6905,21.1594,0.0,0.0,0.114
253,melhoria,3,23,555.454,510.6905,21.1594,0.0,0.0,0.126
253,melhoria,3,26,555.4535,510.6905,21.1594,0.0,0.0,0.142
253,melhoria,3,29,536.7097,492.1017,21.1594,0.0,0.0,0.193
253,melhoria,3,32,536.5778,491.8457,21.1594,0.0,0.0,0.227
253,melhoria,3,35,527.3369,482.6812,21.1594,0.0,0.0,0.262
253,melhoria,3,38,527.2112,482.6812,21.1594,0.0,0.0,0.279
253,melhoria,3,41,516.562,472.12,21.1594,0.0,0.0,0.326
253,melhoria,3,44,516.1715,471.608,21.1594,0.0,0.0,0.379
253,melhoria,1,45,472.2477,428.6246,21.1594,0.0,0.0,0.382
253,melhoria,3,48,472.2462,428.6246,21.1594,0.0,0.0,0.395
253,melhoria,1,49,471.7456,428.6246,21.1594,0.0,0.0,0.396
253,melhoria,3,52,471.6228,428.6246,21.1594,0.0,0.0,0.413
253,melhoria,1,53,469.6904,428.6246,21.1594,0.0,0.0,0.416
253,melhoria,3,56,469.5116,428.6246,21.1594,0.0,0.0,0.437
253,melhoria,3,59,469.4789,428.6246,21.1594,0.0,0.0,0.49
253,saida,0,64,469.4789,428.6246,21.1594,0.0,0.0,0.55
254,entrada,0,0,11394.6469,564.2315,7017.0849,3785.8953,0.0,0.0
254,melhoria,1,1,4719.7491,564.1717,3660.8736,467.2294,0.0,0.0
254,melhoria,1,2,4574.2154,564.1717,3516.2862,467.2294,0.0,0.001
254,melhoria,1,3,3869.1257,512.004,3333.5284,0.0,0.0,0.002
254,melhoria,2,5,3535.9535,512.004,3000.3826,0.0,0.0,0.011
254,melhoria,3,8,3526.5495,512.004,2991.0636,0.0,0.0,0.038
254,melhoria,3,11,2511.3824,512.8832,1975.2455,0.0,0.0,0.048
254,melhoria,3,14,2482.4173,484.2654,1975.2455,0.0,0.0,0.066
254,melhoria,1,15,2468.62,471.408,1975.2455,0.0,0.0,0.067
254,melhoria,1,16,2397.6884,541.8604,1833.8711,0.0,0.0,0.067
254,melhoria,1,17,1096.3127,541.8604,532.5842,0.0,0.0,0.069
254,melhoria,1,18,1094.0291,541.8604,532.5842,0.0,0.0,0.072
254,melhoria,2,20,1093.7816,541.8604,532.5842,0.0,0.0,0.078
254,melhoria,3,23,1093.2873,541.8604,532.5842,0.0,0.0,0.093
254,melhoria,3,26,1093.176,541.8604,532.5842,0.0,0.0,0.103
254,melhoria,1,27,1092.4584,541.8604,532.5842,0.0,0.0,0.104
254,melhoria,1,28,1091.8854,541.8604,532.5842,0.0,0.0,0.109
254,melhoria,2,30,1091.6379,541.8604,532.5842,0.0,0.0,0.115
254,melhoria,3,33,1035.3792,539.6634,477.5244,0.0,0.0,0.13
254,melhoria,1,34,581.2332,539.6634,21.1594,0.0,0.0,0.133
254,melhoria,1,35,580.3581,539.6634,21.1594,0.0,0.0,0.139
254,melhoria,1,36,579.8441,539.6634,21.1594,0.0,0.0,0.139
254,melhoria,3,39,579.1911,539.6634,21.1594,0.0,0.0,0.162
254,melhoria,2,41,578.9601,539.6634,21.1594,0.0,0.0,0.172
254,saida,0,46,578.9601,539.6634,21.1594,0.0,0.0,0.236
254,entrada,0,0,578.9601,539.6634,21.1594,0.0,0.0,0.0
254,melhoria,3,3,578.5174,539.6634,21.1594,0.0,0.0,0.029
254,melhoria,1,4,577.584,539.6634,21.1594,0.0,0.0,0.03
254,saida,0,9,577.584,539.6634,21.1594,0.0,0.0,0.079
254,entrada,0,0,577.584,539.6634,21.1594,0.0,0.0,0.0
254,saida,0,5,577.584,539.6634,21.1594,0.0,0.0,0.05
254,entrada,0,0,577.584,539.6634,21.1594,0.0,0.0,0.0
254,saida,0,5,577.584,539.6634,21.1594,0.0,0.0,0.047
256,entrada,0,0,25398.1311,671.7647,12183.4117,12517.6414,0.0,0.0
256,melhoria,1,1,24535.952,667.5767,11791.4191,12048.5904,0.0,0.003
256,melhoria,3,4,23661.4617,663.1828,11412.7477,11556.4714,0.0,0.05
256,melhoria,1,5,23652.2379,663.1828,11401.3077,11556.4714,0.0,0.055
256,melhoria,3,8,23631.1113,663.1828,11380.1482,11556.4714,0.0,0.096
256,melhoria,1,9,23628.5615,663.1828,11380.1482,11556.4714,0.0,0.099
256,melhoria,3,12,23628.4446,663.1828,11380.1482,11556.4714,0.0,0.119
256,melhoria,3,15,23628.3032,663.1828,11380.1482,11556.4714,0.0,0.158
256,saida,0,20,23628.3032,663.1828,11380.1482,11556.4714,0.0,0.224
257,entrada,0,0,24409.3244,523.4822,12725.8334,11133.0683,0.0,0.0
257,melhoria,2,2,23304.9867,523.4822,13124.8521,9629.5967,0.0,0.008
257,melhoria,2,4,6618.693,523.4822,5170.9289,898.0417,0.0,0.015
257,melhoria,1,5,3246.3555,523.5779,2698.1826,0.0,0.0,0.019
257,melhoria,1,6,3166.9553,523.5779,2617.8563,0.0,0.0,0.019
257,melhoria,1,7,3165.816,523.7931,2617.8563,0.0,0.0,0.021
257,melhoria,1,8,3102.4825,523.7931,2553.5952,0.0,0.0,0.026
257,melhoria,2,10,2524.2151,524.1759,1975.2455,0.0,0.0,0.039
257,melhoria,1,11,2195.4423,483.327,1689.1469,0.0,0.0,0.042
257,melhoria,1,12,2173.8505,483.2792,1665.5129,0.0,0.0,0.042
257,melhoria,1,13,1683.6732,516.2351,1139.8514,0.0,0.0,0.043
257,melhoria,1,14,1648.7491,483.2194,1139.8514,0.0,0.0,0.051
257,melhoria,2,16,1648.6212,482.9204,1139.8514,0.0,0.0,0.059
257,melhoria,1,17,1648.0709,482.9204,1139.8514,0.0,0.0,0.06
257,melhoria,3,20,1647.9088,482.9204,1139.8514,0.0,0.0,0.078
257,melhoria,3,23,1647.7986,482.9204,1139.8514,0.0,0.0,0.09
257,melhoria,1,24,1568.8583,482.9204,1059.5251,0.0,0.0,0.096
257,melhoria,3,27,1559.5489,473.688,1059.5251,0.0,0.0,0.124
257,melhoria,1,28,1518.8702,433.9454,1059.5251,0.0,0.0,0.13
257,melhoria,1,29,1518.3813,433.9454,1059.5251,0.0,0.0,0.135
257,melhoria,2,31,1518.3274,433.9454,1059.5251,0.0,0.0,0.144
257,melhoria,1,32,1517.4221,433.9454,1059.5251,0.0,0.0,0.15
257,melhoria,3,35,1193.9105,432.0573,738.2197,0.0,0.0,0.161
257,melhoria,3,38,1028.4466,428.6246,498.5454,76.7589,0.0,0.182
257,melhoria,1,39,952.8403,428.6246,498.5454,0.0,0.0,0.182
257,melhoria,1,40,952.2161,428.6246,498.5454,0.0,0.0,0.183
257,melhoria,1,41,931.2294,428.6246,477.5244,0.0,0.0,0.184
257,melhoria,1,42,760.2703,541.8604,190.1194,0.0,0.0,0.185
257,melhoria,1,43,759.2973,541.8604,190.1194,0.0,0.0,0.186
257,melhoria,1,44,675.8096,540.6246,104.3724,0.0,0.0,0.189
257,melhoria,1,45,674.9302,540.6246,104.3724,0.0,0.0,0.19
257,melhoria,1,46,673.0635,540.6246,104.3724,0.0,0.0,0.19
257,melhoria,3,49,672.9552,540.6246,104.3724,0.0,0.0,0.21
257,melhoria,1,50,672.9544,540.6246,104.3724,0.0,0.0,0.213
257,melhoria,3,53,620.8849,540.6246,52.3464,0.0,0.0,0.23
257,melhoria,1,54,586.6048,540.6246,21.1594,0.0,0.0,0.232
257,melhoria,2,56,565.4225,540.6246,0.0,0.0,0.0,0.241
257,melhoria,3,59,565.2704,540.6246,0.0,0.0,0.0,0.255
257,melhoria,3,62,565.1859,540.6246,0.0,0.0,0.0,0.27
257,melhoria,3,65,563.5587,538.4276,0.0,0.0,0.0,0.279
257,melhoria,3,68,563.4758,538.4276,0.0,0.0,0.0,0.3
257,melhoria,3,71,563.391,538.4276,0.0,0.0,0.0,0.339
257,melhoria,3,74,563.104,538.4276,0.0,0.0,0.0,0.389
257,saida,0,79,563.104,538.4276,0.0,0.0,0.0,0.455
257,entrada,0,0,563.104,538.4276,0.0,0.0,0.0,0.0
257,saida,0,5,563.104,538.4276,0.0,0.0,0.0,0.065
257,entrada,0,0,563.104,538.4276,0.0,0.0,0.0,0.0
257,saida,0,5,563.104,538.4276,0.0,0.0,0.0,0.065
257,entrada,0,0,563.104,538.4276,0.0,0.0,0.0,0.0
257,saida,0,5,563.104,538.4276,0.0,0.0,0.0,0.07
258,entrada,0,0,23104.0868,580.4948,15328.3642,7165.6997,0.0,0.0
258,melhoria,3,3,13033.1758,580.4948,10128.1265,2295.4123,0.0,0.015
258,melhoria,1,4,735.4006,523.0995,186.9063,0.0,0.0,0.023
258,melhoria,4,8,722.3345,510.1583,186.9063,0.0,0.0,0.087
258,melhoria,1,9,720.9746,510.1583,186.9063,0.0,0.0,0.092
258,melhoria,1,10,563.7875,539.6634,0.0,0.0,0.0,0.095
258,melhoria,3,13,563.7652,539.6634,0.0,0.0,0.0,0.124
258,melhoria,3,16,560.1472,536.2307,0.0,0.0,0.0,0.147
258,melhoria,2,18,560.1372,536.2307,0.0,0.0,0.0,0.155
258,melhoria,3,21,560.094,536.2307,0.0,0.0,0.0,0.166
258,melhoria,3,24,559.7343,536.2307,0.0,0.0,0.0,0.178
258,saida,0,29,559.7343,536.2307,0.0,0.0,0.0,0.24
258,entrada,0,0,559.7343,536.2307,0.0,0.0,0.0,0.0
258,saida,0,5,559.7343,536.2307,0.0,0.0,0.0,0.06
258,entrada,0,0,559.7343,536.2307,0.0,0.0,0.0,0.0
258,saida,0,5,559.7343,536.2307,0.0,0.0,0.0,0.059
258,entrada,0,0,559.7343,536.2307,0.0,0.0,0.0,0.0
258,saida,0,5,559.7343,536.2307,0.0,0.0,0.0,0.06
259,entrada,0,0,2374.0057,534.9949,1250.4604,565.6449,0.0,0.0
259,melhoria,1,1,557.7902,536.2307,0.0,0.0,0.0,0.001
259,saida,0,6,557.7902,536.2307,0.0,0.0,0.0,0.063
259,entrada,0,0,557.7902,536.2307,0.0,0.0,0.0,0.0
259,saida,0,5,557.7902,536.2307,0.0,0.0,0.0,0.059
259,entrada,0,0,557.7902,536.2307,0.0,0.0,0.0,0.0
259,melhoria,3,3,557.6767,536.2307,0.0,0.0,0.0,0.014
259,saida,0,8,557.6767,536.2307,0.0,0.0,0.0,0.075
259,entrada,0,0,557.6767,536.2307,0.0,0.0,0.0,0.0
259,saida,0,5,557.6767,536.2307,0.0,0.0,0.0,0.061
261,entrada,0,0,12590.5698,534.9949,9601.4222,2431.0387,0.0,0.0
261,melhoria,1,1,9844.7397,596.0585,5182.7385,4038.5549,0.0,0.0
261,melhoria,1,2,6191.0096,535.6814,3501.4103,2128.9217,0.0,0.0
261,melhoria,1,3,560.4585,536.2307,0.0,0.0,0.0,0.001
261,melhoria,1,4,557.9164,536.2307,0.0,0.0,0.0,0.002
261,melhoria,3,7,557.8071,536.2307,0.0,0.0,0.0,0.047
261,saida,0,12,557.8071,536.2307,0.0,0.0,0.0,0.109
261,entrada,0,0,557.8071,536.2307,0.0,0.0,0.0,0.0
261,saida,0,5,557.8071,536.2307,0.0,0.0,0.0,0.063
261,entrada,0,0,557.8071,536.2307,0.0,0.0,0.0,0.0
261,saida,0,5,557.8071,536.2307,0.0,0.0,0.0,0.063
261,entrada,0,0,557.8071,536.2307,0.0,0.0,0.0,0.0
261,saida,0,5,557.8071,536.2307,0.0,0.0,0.0,0.071
262,entrada,0,0,13764.3646,533.8278,10954.9384,2250.2036,0.0,0.0
262,melhoria,1,1,11374.7117,595.1256,6819.4937,3934.0659,0.0,0.0
262,melhoria,1,2,10977.1624,595.1256,6417.8619,3934.0659,0.0,0.002
262,melhoria,1,3,10802.3707,597.402,5988.3191,4189.0191,0.0,0.004
262,melhoria,1,4,10656.0671,595.1256,6096.5565,3934.0659,0.0,0.004
262,melhoria,1,5,10655.1491,595.1256,6096.5565,3934.0659,0.0,0.006
262,melhoria,1,6,6535.1823,534.8233,3843.8751,2128.9217,0.0,0.009
262,melhoria,1,7,1327.3181,535.3725,765.256,0.0,0.0,0.009
262,melhoria,1,8,923.2999,535.3725,363.6243,0.0,0.0,0.012
262,melhoria,1,9,588.1145,540.3157,21.1594,0.0,0.0,0.013
262,melhoria,1,10,587.9289,541.5514,21.1594,0.0,0.0,0.014
262,melhoria,1,11,587.3523,541.5514,21.1594,0.0,0.0,0.018
262,melhoria,1,12,586.3202,541.5514,21.1594,0.0,0.0,0.023
262,melhoria,3,15,583.6294,538.8052,21.1594,0.0,0.0,0.031
262,saida,0,20,583.6294,538.8052,21.1594,0.0,0.0,0.097
262,entrada,0,0,583.6294,538.8052,21.1594,0.0,0.0,0.0
262,saida,0,5,583.6294,538.8052,21.1594,0.0,0.0,0.065
262,entrada,0,0,583.6294,538.8052,21.1594,0.0,0.0,0.0
262,melhoria,3,3,583.5126,538.8052,21.1594,0.0,0.0,0.051
262,saida,0,8,583.5126,538.8052,21.1594,0.0,0.0,0.127
262,entrada,0,0,583.5126,538.8052,21.1594,0.0,0.0,0.0
262,saida,0,5,583.5126,538.8052,21.1594,0.0,0.0,0.065
263,entrada,0,0,2374.0057,534.9949,1250.4604,565.6449,0.0,0.0
263,melhoria,1,1,557.8984,536.2307,0.0,0.0,0.0,0.001
263,saida,0,6,557.8984,536.2307,0.0,0.0,0.0,0.065
263,entrada,0,0,557.8984,536.2307,0.0,0.0,0.0,0.0
263,saida,0,5,557.8984,536.2307,0.0,0.0,0.0,0.073
263,entrada,0,0,557.8984,536.2307,0.0,0.0,0.0,0.0
263,saida,0,5,557.8984,536.2307,0.0,0.0,0.0,0.066
263,entrada,0,0,557.8984,536.2307,0.0,0.0,0.0,0.0
263,saida,0,5,557.8984,536.2307,0.0,0.0,0.0,0.063
265,entrada,0,0,647.085,536.2307,85.4205,0.0,0.0,0.0
265,melhoria,1,1,558.36,536.2307,0.0,0.0,0.0,0.002
265,melhoria,2,3,558.3538,536.2307,0.0,0.0,0.0,0.01
265,melhoria,3,6,558.237,536.2307,0.0,0.0,0.0,0.02
265,melhoria,3,9,558.1133,536.2307,0.0,0.0,0.0,0.061
265,melhoria,3,12,557.9628,536.2307,0.0,0.0,0.0,0.102
265,melhoria,3,15,557.917,536.2307,0.0,0.0,0.0,0.133
265,melhoria,3,18,557.84,536.2307,0.0,0.0,0.0,0.199
265,saida,0,23,557.84,536.2307,0.0,0.0,0.0,0.285
265,entrada,0,0,557.84,536.2307,0.0,0.0,0.0,0.0
265,melhoria,3,3,557.7922,536.2307,0.0,0.0,0.0,0.036
265,saida,0,8,557.7922,536.2307,0.0,0.0,0.0,0.105
265,entrada,0,0,557.7922,536.2307,0.0,0.0,0.0,0.0
265,saida,0,5,557.7922,536.2307,0.0,0.0,0.0,0.065
265,entrada,0,0,557.7922,536.2307,0.0,0.0,0.0,0.0
265,saida,0,5,557.7922,536.2307,0.0,0.0,0.0,0.065
266,entrada,0,0,2374.0057,534.9949,1250.4604,565.6449,0.0,0.0
266,melhoria,1,1,557.8984,536.2307,0.0,0.0,0.0,0.001
266,melhoria,3,4,557.782,536.2307,0.0,0.0,0.0,0.051
266,saida,0,9,557.782,536.2307,0.0,0.0,0.0,0.115
266,entrada,0,0,557.782,536.2307,0.0,0.0,0.0,0.0
266,saida,0,5,557.782,536.2307,0.0,0.0,0.0,0.06
266,entrada,0,0,557.782,536.2307,0.0,0.0,0.0,0.0
266,saida,0,5,557.782,536.2307,0.0,0.0,0.0,0.059
266,entrada,0,0,557.782,536.2307,0.0,0.0,0.0,0.0
266,saida,0,5,557.782,536.2307,0.0,0.0,0.0,0.06
267,entrada,0,0,2863.0097,563.3368,1897.857,373.7184,0.0,0.0
267,melhoria,1,1,2701.4094,563.3368,1737.2043,373.7184,0.0,0.005
267,melhoria,3,4,1245.4039,533.7783,684.9297,0.0,0.0,0.024
267,melhoria,1,5,1211.1503,500.8283,684.9297,0.0,0.0,0.029
267,melhoria,3,8,1202.1535,492.0052,684.9297,0.0,0.0,0.051
267,melhoria,3,11,880.5023,492.0052,363.6243,0.0,0.0,0.078
267,melhoria,3,14,870.4187,482.005,363.6243,0.0,0.0,0.102
267,melhoria,1,15,858.8843,470.896,363.6243,0.0,0.0,0.106
267,melhoria,1,16,626.8123,541.0022,59.5942,0.0,0.0,0.11
267,melhoria,1,17,612.1556,541.8604,45.532,0.0,0.0,0.111
267,melhoria,1,18,612.1494,541.8604,45.532,0.0,0.0,0.112
267,melhoria,1,19,590.9823,541.8604,24.3725,0.0,0.0,0.114
267,melhoria,1,20,567.1988,541.1738,0.0,0.0,0.0,0.114
267,melhoria,1,21,566.2977,541.1738,0.0,0.0,0.0,0.117
267,melhoria,3,24,566.1493,541.1738,0.0,0.0,0.0,0.125
267,melhoria,3,27,566.088,541.1738,0.0,0.0,0.0,0.137
267,melhoria,3,30,565.9155,541.1738,0.0,0.0,0.0,0.166
267,melhoria,3,33,564.1342,538.9769,0.0,0.0,0.0,0.187
267,melhoria,1,34,563.3616,540.5216,0.0,0.0,0.0,0.188
267,melhoria,3,37,563.2235,540.5216,0.0,0.0,0.0,0.233
267,melhoria,1,38,563.216,540.5216,0.0,0.0,0.0,0.239
267,melhoria,1,39,557.9568,536.2307,0.0,0.0,0.0,0.244
267,melhoria,3,42,557.8826,536.2307,0.0,0.0,0.0,0.269
267,melhoria,2,44,557.6887,536.2307,0.0,0.0,0.0,0.278
267,melhoria,3,47,557.5099,536.2307,0.0,0.0,0.0,0.336
267,melhoria,3,50,556.8723,536.2307,0.0,0.0,0.0,0.36
267,saida,0,55,556.8723,536.2307,0.0,0.0,0.0,0.422
267,entrada,0,0,556.8723,536.2307,0.0,0.0,0.0,0.0
267,saida,0,5,556.8723,536.2307,0.0,0.0,0.0,0.064
267,entrada,0,0,556.8723,536.2307,0.0,0.0,0.0,0.0
267,saida,0,5,556.8723,536.2307,0.0,0.0,0.0,0.067
267,entrada,0,0,556.8723,536.2307,0.0,0.0,0.0,0.0
267,saida,0,5,556.8723,536.2307,0.0,0.0,0.0,0.065
269,entrada,0,0,646.634,536.2307,85.4205,0.0,0.0,0.0
269,melhoria,1,1,558.8316,536.2307,0.0,0.0,0.0,0.005
269,melhoria,1,2,557.9164,536.2307,0.0,0.0,0.0,0.011
269,saida,0,7,557.9164,536.2307,0.0,0.0,0.0,0.074
269,entrada,0,0,557.9164,536.2307,0.0,0.0,0.0,0.0
269,saida,0,5,557.9164,536.2307,0.0,0.0,0.0,0.066
269,entrada,0,0,557.9164,536.2307,0.0,0.0,0.0,0.0
269,saida,0,5,557.9164,536.2307,0.0,0.0,0.0,0.066
269,entrada,0,0,557.9164,536.2307,0.0,0.0,0.0,0.0
269,melhoria,3,3,557.7997,536.2307,0.0,0.0,0.0,0.016
269,saida,0,8,557.7997,536.2307,0.0,0.0,0.0,0.088
271,entrada,0,0,2374.0057,534.9949,1250.4604,565.6449,0.0,0.0
271,melhoria,1,1,556.8704,536.2307,0.0,0.0,0.0,0.006
271,saida,0,6,556.8704,536.2307,0.0,0.0,0.0,0.072
271,entrada,0,0,556.8704,536.2307,0.0,0.0,0.0,0.0
271,saida,0,5,556.8704,536.2307,0.0,0.0,0.0,0.071
271,entrada,0,0,556.8704,536.2307,0.0,0.0,0.0,0.0
271,saida,0,5,556.8704,536.2307,0.0,0.0,0.0,0.076
271,entrada,0,0,556.8704,536.2307,0.0,0.0,0.0,0.0
271,saida,0,5,556.8704,536.2307,0.0,0.0,0.0,0.074
272,entrada,0,0,2374.0057,534.9949,1250.4604,565.6449,0.0,0.0
272,melhoria,1,1,557.7902,536.2307,0.0,0.0,0.0,0.001
272,saida,0,6,557.7902,536.2307,0.0,0.0,0.0,0.06
272,entrada,0,0,557.7902,536.2307,0.0,0.0,0.0,0.0
272,saida,0,5,557.7902,536.2307,0.0,0.0,0.0,0.07
272,entrada,0,0,557.7902,536.2307,0.0,0.0,0.0,0.0
272,melhoria,3,3,557.6767,536.2307,0.0,0.0,0.0,0.049
272,saida,0,8,557.6767,536.2307,0.0,0.0,0.0,0.114
272,entrada,0,0,557.6767,536.2307,0.0,0.0,0.0,0.0
272,saida,0,5,557.6767,536.2307,0.0,0.0,0.0,0.08
273,entrada,0,0,7889.4451,536.2307,4319.6574,3005.8082,0.0,0.0
273,melhoria,1,1,6000.5362,536.9172,3503.5911,1933.2017,0.0,0.002
273,melhoria,1,2,3551.3884,537.4665,1906.0208,1080.1729,0.0,0.003
273,melhoria,1,3,2103.2939,536.9172,1537.7937,0.0,0.0,0.004
273,melhoria,3,6,1054.9971,539.6634,487.0523,0.0,0.0,0.025
273,melhoria,1,7,1054.8336,539.6634,487.0523,0.0,0.0,0.026
273,melhoria,1,8,1052.957,539.6634,487.0523,0.0,0.0,0.026
273,melhoria,1,9,649.8596,539.6634,85.4205,0.0,0.0,0.031
273,melhoria,3,12,564.5291,539.6634,0.0,0.0,0.0,0.057
273,melhoria,3,15,564.5157,539.6634,0.0,0.0,0.0,0.09
273,melhoria,3,18,564.5091,539.6634,0.0,0.0,0.0,0.148
273,melhoria,3,21,564.265,539.6634,0.0,0.0,0.0,0.172
273,melhoria,1,22,562.433,539.6634,0.0,0.0,0.0,0.175
273,melhoria,3,25,562.3972,539.6634,0.0,0.0,0.0,0.227
273,melhoria,2,27,562.3158,539.6634,0.0,0.0,0.0,0.234
273,saida,0,32,562.3158,539.6634,0.0,0.0,0.0,0.298
273,entrada,0,0,562.3158,539.6634,0.0,0.0,0.0,0.0
273,melhoria,4,4,562.1643,539.6634,0.0,0.0,0.0,0.066
273,melhoria,1,5,560.7987,539.6634,0.0,0.0,0.0,0.073
273,melhoria,3,8,560.6426,539.6634,0.0,0.0,0.0,0.109
273,melhoria,1,9,560.5318,538.9769,0.0,0.0,0.0,0.112
273,melhoria,3,12,558.4938,536.2307,0.0,0.0,0.0,0.134
273,melhoria,3,15,558.4088,536.2307,0.0,0.0,0.0,0.162
273,melhoria,3,18,558.1073,536.2307,0.0,0.0,0.0,0.175
273,melhoria,3,21,557.9343,536.2307,0.0,0.0,0.0,0.197
273,saida,0,26,557.9343,536.2307,0.0,0.0,0.0,0.26
273,entrada,0,0,557.9343,536.2307,0.0,0.0,0.0,0.0
273,saida,0,5,557.9343,536.2307,0.0,0.0,0.0,0.062
273,entrada,0,0,557.9343,536.2307,0.0,0.0,0.0,0.0
273,saida,0,5,557.9343,536.2307,0.0,0.0,0.0,0.06
275,entrada,0,0,647.1172,538.4276,85.4205,0.0,0.0,0.0
275,melhoria,1,1,644.8464,538.4276,85.4205,0.0,0.0,0.0
275,melhoria,1,2,581.9286,538.4276,21.1594,0.0,0.0,0.001
275,melhoria,1,3,581.58,538.9769,21.1594,0.0,0.0,0.008
275,melhoria,2,5,581.3325,538.9769,21.1594,0.0,0.0,0.015
275,melhoria,3,8,560.5792,538.9769,0.0,0.0,0.0,0.025
275,melhoria,3,11,557.6887,536.2307,0.0,0.0,0.0,0.06
275,saida,0,16,557.6887,536.2307,0.0,0.0,0.0,0.128
275,entrada,0,0,557.6887,536.2307,0.0,0.0,0.0,0.0
275,saida,0,5,557.6887,536.2307,0.0,0.0,0.0,0.069
275,entrada,0,0,557.6887,536.2307,0.0,0.0,0.0,0.0
275,saida,0,5,557.6887,536.2307,0.0,0.0,0.0,0.069
275,entrada,0,0,557.6887,536.2307,0.0,0.0,0.0,0.0
275,saida,0,5,557.6887,536.2307,0.0,0.0,0.0,0.072
276,entrada,0,0,2374.0057,534.9949,1250.4604,565.6449,0.0,0.0
276,melhoria,1,1,556.8704,536.2307,0.0,0.0,0.0,0.002
276,saida,0,6,556.8704,536.2307,0.0,0.0,0.0,0.067
276,entrada,0,0,556.8704,536.2307,0.0,0.0,0.0,0.0
276,saida,0,5,556.8704,536.2307,0.0,0.0,0.0,0.069
276,entrada,0,0,556.8704,536.2307,0.0,0.0,0.0,0.0
276,saida,0,5,556.8704,536.2307,0.0,0.0,0.0,0.076
276,entrada,0,0,556.8704,536.2307,0.0,0.0,0.0,0.0
276,saida,0,5,556.8704,536.2307,0.0,0.0,0.0,0.075
277,entrada,0,0,26204.2329,674.2362,12580.4985,12919.6875,0.0,0.0
277,melhoria,1,1,25570.08,671.7647,12349.1586,12517.6414,0.0,0.001
277,melhoria,1,2,25568.1077,671.7647,12349.1586,12517.6414,0.0,0.002
277,melhoria,1,3,25214.492,670.0483,12188.5059,12325.4074,0.0,0.003
277,melhoria,1,4,25047.2719,670.0483,12022.759,12325.4074,0.0,0.007
277,melhoria,1,5,24851.3834,668.6752,11979.6574,12171.6202,0.0,0.007
277,melhoria,1,6,24560.8193,667.5767,11812.5786,12048.5904,0.0,0.009
277,melhoria,1,7,2049.5379,534.1367,1488.1932,0.0,0.0,0.015
277,saida,0,12,2049.5379,534.1367,1488.1932,0.0,0.0,0.086
277,entrada,0,0,2049.5379,534.1367,1488.1932,0.0,0.0,0.0
277,saida,0,5,2049.5379,534.1367,1488.1932,0.0,0.0,0.069
278,entrada,0,0,7693.5081,534.9949,3402.0855,3733.2336,0.0,0.0
278,melhoria,1,1,1778.7877,536.2307,1220.6464,0.0,0.0,0.005
278,melhoria,1,2,1247.2178,536.2307,689.2275,0.0,0.0,0.006
278,melhoria,1,3,560.1428,536.2307,0.0,0.0,0.0,0.011
278,melhoria,1,4,559.5576,536.2307,0.0,0.0,0.0,0.011
278,melhoria,2,6,559.4545,536.2307,0.0,0.0,0.0,0.019
278,melhoria,1,7,557.5897,536.2307,0.0,0.0,0.0,0.025
278,melhoria,3,10,557.5099,536.2307,0.0,0.0,0.0,0.052
278,saida,0,15,557.5099,536.2307,0.0,0.0,0.0,0.117
278,entrada,0,0,557.5099,536.2307,0.0,0.0,0.0,0.0
278,saida,0,5,557.5099,536.2307,0.0,0.0,0.0,0.07
278,entrada,0,0,557.5099,536.2307,0.0,0.0,0.0,0.0
278,saida,0,5,557.5099,536.2307,0.0,0.0,0.0,0.064
278,entrada,0,0,557.5099,536.2307,0.0,0.0,0.0,0.0
278,saida,0,5,557.5099,536.2307,0.0,0.0,0.0,0.062
279,entrada,0,0,8961.5671,534.9949,4593.5022,3809.5908,0.0,0.0
279,melhoria,3,3,7106.6403,538.4276,3343.0418,3202.0858,0.0,0.018
279,melhoria,1,4,2631.5092,538.4276,2068.3541,0.0,0.0,0.019
279,melhoria,1,5,1354.4381,538.4276,790.2285,0.0,0.0,0.021
279,melhoria,1,6,1291.5202,538.4276,725.9674,0.0,0.0,0.024
279,melhoria,1,7,888.3557,538.4276,324.3357,0.0,0.0,0.024
279,melhoria,2,9,585.0064,538.4276,21.1594,0.0,0.0,0.033
279,melhoria,1,10,584.4957,539.6634,21.1594,0.0,0.0,0.039
279,melhoria,1,11,583.6834,539.6634,21.1594,0.0,0.0,0.044
279,melhoria,1,12,583.6647,539.6634,21.1594,0.0,0.0,0.051
279,melhoria,3,15,583.6582,539.6634,21.1594,0.0,0.0,0.071
279,melhoria,3,18,580.087,536.2307,21.1594,0.0,0.0,0.088
279,melhoria,3,21,558.7404,536.2307,0.0,0.0,0.0,0.101
279,saida,0,26,558.7404,536.2307,0.0,0.0,0.0,0.167
279,entrada,0,0,558.7404,536.2307,0.0,0.0,0.0,0.0
279,saida,0,5,558.7404,536.2307,0.0,0.0,0.0,0.062
279,entrada,0,0,558.7404,536.2307,0.0,0.0,0.0,0.0
279,saida,0,5,558.7404,536.2307,0.0,0.0,0.0,0.066
279,entrada,0,0,558.7404,536.2307,0.0,0.0,0.0,0.0
279,saida,0,5,558.7404,536.2307,0.0,0.0,0.0,0.063
279,entrada,0,0,25427.2072,671.7647,12207.7842,12517.6414,0.0,0.0
279,melhoria,1,1,25389.772,670.0483,12365.2239,12325.4074,0.0,0.001
279,melhoria,1,2,25387.9053,670.0483,12365.2239,12325.4074,0.0,0.003
279,melhoria,1,3,24879.4454,667.5767,12133.884,12048.5904,0.0,0.004
279,melhoria,1,4,24877.5787,667.5767,12133.884,12048.5904,0.0,0.005
279,melhoria,1,5,2366.284,534.1367,1809.4986,0.0,0.0,0.006
279,melhoria,1,6,2357.205,524.0802,1809.4986,0.0,0.0,0.01
279,melhoria,3,9,2356.7475,523.4822,1809.4986,0.0,0.0,0.037
279,melhoria,3,12,2356.6579,523.0995,1809.4986,0.0,0.0,0.054
279,melhoria,3,15,2346.5984,513.1443,1809.4986,0.0,0.0,0.09
279,melhoria,3,18,2346.302,513.1443,1809.4986,0.0,0.0,0.111
279,melhoria,3,21,2344.797,511.6712,1809.4986,0.0,0.0,0.137
279,melhoria,1,22,2312.9982,480.809,1809.4986,0.0,0.0,0.143
279,melhoria,1,23,1396.2034,520.9771,850.6766,0.0,0.0,0.148
279,melhoria,1,24,1395.2684,520.9771,850.6766,0.0,0.0,0.153
279,melhoria,1,25,865.5826,481.2395,363.6243,0.0,0.0,0.153
279,melhoria,2,27,865.3887,481.2395,363.6243,0.0,0.0,0.165
279,melhoria,4,31,856.4836,472.408,363.6243,0.0,0.0,0.221
279,melhoria,1,32,811.7615,428.6246,363.6243,0.0,0.0,0.228
279,saida,0,37,811.7615,428.6246,363.6243,0.0,0.0,0.285
280,entrada,0,0,49624.8547,728.4751,29998.4343,18869.2105,0.0,0.0
280,melhoria,1,1,49623.348,728.4751,29998.4343,18869.2105,0.0,0.004
280,melhoria,1,2,49560.427,728.4751,29934.1732,18869.2105,0.0,0.005
280,melhoria,2,4,39369.5024,728.4751,19743.2486,18869.2105,0.0,0.012
280,melhoria,3,7,39280.2504,728.4751,19653.544,18869.2105,0.0,0.02
280,melhoria,3,10,9470.2743,594.657,4966.1318,3881.5799,0.0,0.033
280,melhoria,3,13,9469.9283,594.657,4966.1318,3881.5799,0.0,0.058
280,melhoria,1,14,9468.9988,594.657,4966.1318,3881.5799,0.0,0.062
280,melhoria,3,17,564.2536,538.4276,0.0,0.0,0.0,0.071
280,melhoria,1,18,563.9973,538.9769,0.0,0.0,0.0,0.073
280,melhoria,1,19,563.0593,538.9769,0.0,0.0,0.0,0.074
280,melhoria,1,20,561.4646,538.9769,0.0,0.0,0.0,0.078
280,melhoria,1,21,560.6251,538.9769,0.0,0.0,0.0,0.079
280,melhoria,3,24,560.3294,538.9769,0.0,0.0,0.0,0.115
280,saida,0,29,560.3294,538.9769,0.0,0.0,0.0,0.182
280,entrada,0,0,560.3294,538.9769,0.0,0.0,0.0,0.0
280,saida,0,5,560.3294,538.9769,0.0,0.0,0.0,0.062
280,entrada,0,0,560.3294,538.9769,0.0,0.0,0.0,0.0
280,saida,0,5,560.3294,538.9769,0.0,0.0,0.0,0.066
280,entrada,0,0,560.3294,538.9769,0.0,0.0,0.0,0.0
280,saida,0,5,560.3294,538.9769,0.0,0.0,0.0,0.068
281,entrada,0,0,728.2448,538.4276,165.7469,0.0,0.0,0.0
281,melhoria,1,1,561.0091,538.4276,0.0,0.0,0.0,0.0
281,melhoria,1,2,560.4267,539.6634,0.0,0.0,0.0,0.003
281,melhoria,3,5,556.8704,536.2307,0.0,0.0,0.0,0.05
281,saida,0,10,556.8704,536.2307,0.0,0.0,0.0,0.124
281,entrada,0,0,556.8704,536.2307,0.0,0.0,0.0,0.0
281,saida,0,5,556.8704,536.2307,0.0,0.0,0.0,0.066
281,entrada,0,0,556.8704,536.2307,0.0,0.0,0.0,0.0
281,saida,0,5,556.8704,536.2307,0.0,0.0,0.0,0.066
281,entrada,0,0,556.8704,536.2307,0.0,0.0,0.0,0.0
281,saida,0,5,556.8704,536.2307,0.0,0.0,0.0,0.075
282,entrada,0,0,2376.8057,534.9949,1250.4604,565.6449,0.0,0.0
282,melhoria,1,1,560.3322,536.2307,0.0,0.0,0.0,0.001
282,melhoria,1,2,557.7902,536.2307,0.0,0.0,0.0,0.012
282,melhoria,3,5,557.6767,536.2307,0.0,0.0,0.0,0.055
282,saida,0,10,557.6767,536.2307,0.0,0.0,0.0,0.118
282,entrada,0,0,557.6767,536.2307,0.0,0.0,0.0,0.0
282,saida,0,5,557.6767,536.2307,0.0,0.0,0.0,0.068
282,entrada,0,0,557.6767,536.2307,0.0,0.0,0.0,0.0
282,saida,0,5,557.6767,536.2307,0.0,0.0,0.0,0.062
282,entrada,0,0,557.6767,536.2307,0.0,0.0,0.0,0.0
282,saida,0,5,557.6767,536.2307,0.0,0.0,0.0,0.066
283,entrada,0,0,1761.2231,540.3157,1195.6283,0.0,0.0,0.0
283,melhoria,3,3,1761.0903,540.3157,1195.6283,0.0,0.0,0.014
283,melhoria,3,6,1234.0576,544.6066,664.2797,0.0,0.0,0.024
283,melhoria,2,8,1234.055,544.6066,664.2797,0.0,0.0,0.03
283,melhoria,3,11,974.3116,541.8604,407.2354,0.0,0.0,0.037
283,melhoria,3,14,612.3997,541.8604,45.532,0.0,0.0,0.057
283,melhoria,3,17,612.2917,541.8604,45.532,0.0,0.0,0.078
283,melhoria,1,18,588.3821,541.0022,21.1594,0.0,0.0,0.079
283,melhoria,2,20,588.1282,541.0022,21.1594,0.0,0.0,0.087
283,melhoria,1,21,587.1915,541.0022,21.1594,0.0,0.0,0.09
283,melhoria,1,22,585.6915,541.0022,21.1594,0.0,0.0,0.095
283,melhoria,3,25,585.6538,541.0022,21.1594,0.0,0.0,0.111
283,melhoria,3,28,585.5462,541.0022,21.1594,0.0,0.0,0.128
283,saida,0,33,585.5462,541.0022,21.1594,0.0,0.0,0.197
283,entrada,0,0,585.5462,541.0022,21.1594,0.0,0.0,0.0
283,saida,0,5,585.5462,541.0022,21.1594,0.0,0.0,0.069
283,entrada,0,0,585.5462,541.0022,21.1594,0.0,0.0,0.0
283,saida,0,5,585.5462,541.0022,21.1594,0.0,0.0,0.068
283,entrada,0,0,585.5462,541.0022,21.1594,0.0,0.0,0.0
283,saida,0,5,585.5462,541.0022,21.1594,0.0,0.0,0.07
284,entrada,0,0,7938.2573,427.0799,4930.4842,2559.6046,0.0,0.0
284,melhoria,1,1,2669.1169,524.5586,2119.8329,0.0,0.0,0.0
284,melhoria,1,2,2253.428,524.6543,1702.1359,0.0,0.0,0.001
284,melhoria,1,3,2189.6696,524.6543,1637.8748,0.0,0.0,0.003
284,melhoria,1,4,1930.7658,524.6543,1380.8305,0.0,0.0,0.008
284,melhoria,1,5,1689.7703,524.6543,1139.8514,0.0,0.0,0.008
284,melhoria,1,6,1546.0882,524.6543,995.264,0.0,0.0,0.009
284,melhoria,1,7,1546.0766,524.6543,995.264,0.0,0.0,0.01
284,melhoria,3,10,1546.0592,524.6543,995.264,0.0,0.0,0.024
284,melhoria,3,13,1545.5222,524.0563,995.264,0.0,0.0,0.043
284,melhoria,1,14,1058.3599,483.2672,549.8099,0.0,0.0,0.051
284,melhoria,2,16,1057.9864,483.028,549.8099,0.0,0.0,0.059
284,melhoria,1,17,1056.9739,483.028,549.8099,0.0,0.0,0.06
284,melhoria,3,20,1055.1704,481.2395,549.8099,0.0,0.0,0.075
284,melhoria,3,23,1013.4084,481.2395,508.2117,0.0,0.0,0.125
284,melhoria,3,26,1013.3424,481.2395,508.2117,0.0,0.0,0.135
284,melhoria,3,29,922.6392,481.2395,416.9316,0.0,0.0,0.16
284,melhoria,1,30,617.2818,481.2395,110.4982,0.0,0.0,0.166
284,melhoria,1,31,550.0123,481.2395,42.3189,0.0,0.0,0.167
284,melhoria,1,32,549.0418,481.2395,42.3189,0.0,0.0,0.171
284,melhoria,1,33,548.5095,481.2395,42.3189,0.0,0.0,0.177
284,melhoria,2,35,548.3746,481.2395,42.3189,0.0,0.0,0.185
284,melhoria,1,36,547.5283,481.2395,42.3189,0.0,0.0,0.186
284,melhoria,3,39,547.3387,481.2395,42.3189,0.0,0.0,0.209
284,melhoria,3,42,547.2635,481.2395,42.3189,0.0,0.0,0.228
284,melhoria,1,43,527.0114,481.0482,21.1594,0.0,0.0,0.234
284,melhoria,3,46,505.5802,481.0482,0.0,0.0,0.0,0.277
284,melhoria,3,49,505.5025,481.0482,0.0,0.0,0.0,0.324
284,melhoria,3,52,505.4753,481.0482,0.0,0.0,0.0,0.34
284,melhoria,3,55,505.3585,481.0482,0.0,0.0,0.0,0.375
284,melhoria,4,59,505.1173,480.809,0.0,0.0,0.0,0.431
284,saida,0,64,505.1173,480.809,0.0,0.0,0.0,0.494
285,entrada,0,0,8804.3004,481.0003,4714.8036,3580.8453,0.0,0.0
285,melhoria,1,1,762.2825,541.8604,190.1194,0.0,0.0,0.001
285,melhoria,1,2,657.8092,541.1738,85.4205,0.0,0.0,0.003
285,melhoria,1,3,593.8371,540.6246,21.1594,0.0,0.0,0.006
285,melhoria,1,4,591.4999,540.6246,21.1594,0.0,0.0,0.006
285,melhoria,1,5,590.9147,540.6246,21.1594,0.0,0.0,0.007
285,melhoria,1,6,589.0807,540.6246,21.1594,0.0,0.0,0.008
285,melhoria,1,7,569.6039,539.938,0.0,0.0,0.0,0.008
285,melhoria,2,9,568.0852,538.4276,0.0,0.0,0.0,0.02
285,melhoria,3,12,567.924,538.4276,0.0,0.0,0.0,0.035
285,melhoria,1,13,564.2097,538.4276,0.0,0.0,0.0,0.035
285,melhoria,1,14,562.1205,538.4276,0.0,0.0,0.0,0.039
285,melhoria,1,15,559.3205,538.4276,0.0,0.0,0.0,0.045
285,melhoria,3,18,557.9606,536.2307,0.0,0.0,0.0,0.055
285,melhoria,3,21,557.9588,536.2307,0.0,0.0,0.0,0.07
285,melhoria,3,24,557.8464,536.2307,0.0,0.0,0.0,0.128
285,saida,0,29,557.8464,536.2307,0.0,0.0,0.0,0.198
285,entrada,0,0,557.8464,536.2307,0.0,0.0,0.0,0.0
285,saida,0,5,557.8464,536.2307,0.0,0.0,0.0,0.069
285,entrada,0,0,557.8464,536.2307,0.0,0.0,0.0,0.0
285,saida,0,5,557.8464,536.2307,0.0,0.0,0.0,0.076
285,entrada,0,0,557.8464,536.2307,0.0,0.0,0.0,0.0
285,saida,0,5,557.8464,536.2307,0.0,0.0,0.0,0.073
286,entrada,0,0,8970.567,542.7186,4819.5025,3580.8453,0.0,0.0
286,melhoria,1,1,760.8895,541.8604,190.1194,0.0,0.0,0.006
286,melhoria,1,2,590.6618,540.6246,21.1594,0.0,0.0,0.01
286,melhoria,1,3,588.7951,540.6246,21.1594,0.0,0.0,0.015
286,melhoria,1,4,588.3246,540.6246,21.1594,0.0,0.0,0.015
286,melhoria,1,5,587.4251,540.6246,21.1594,0.0,0.0,0.017
286,melhoria,1,6,566.6562,539.938,0.0,0.0,0.0,0.017
286,melhoria,2,8,565.6898,538.9769,0.0,0.0,0.0,0.027
286,melhoria,3,11,565.5986,538.9769,0.0,0.0,0.0,0.034
286,melhoria,1,12,563.238,538.9769,0.0,0.0,0.0,0.035
286,melhoria,1,13,561.8813,538.9769,0.0,0.0,0.0,0.035
286,melhoria,1,14,561.2785,539.6634,0.0,0.0,0.0,0.036
286,melhoria,1,15,559.5665,539.6634,0.0,0.0,0.0,0.037
286,melhoria,1,16,559.3205,538.4276,0.0,0.0,0.0,0.042
286,melhoria,3,19,559.2094,538.4276,0.0,0.0,0.0,0.081
286,melhoria,3,22,558.0787,536.2307,0.0,0.0,0.0,0.1
286,saida,0,27,558.0787,536.2307,0.0,0.0,0.0,0.177
286,entrada,0,0,558.0787,536.2307,0.0,0.0,0.0,0.0
286,saida,0,5,558.0787,536.2307,0.0,0.0,0.0,0.074
286,entrada,0,0,558.0787,536.2307,0.0,0.0,0.0,0.0
286,saida,0,5,558.0787,536.2307,0.0,0.0,0.0,0.087
286,entrada,0,0,558.0787,536.2307,0.0,0.0,0.0,0.0
286,saida,0,5,558.0787,536.2307,0.0,0.0,0.0,0.065
287,entrada,0,0,2089.9056,486.6096,1573.6137,0.0,0.0,0.0
287,melhoria,1,1,2084.7794,482.9618,1573.6137,0.0,0.0,0.001
287,melhoria,1,2,2081.9985,482.9618,1573.6137,0.0,0.0,0.004
287,melhoria,1,3,2018.9001,482.7704,1509.3526,0.0,0.0,0.006
287,melhoria,1,4,2017.4594,482.7704,1509.3526,0.0,0.0,0.009
287,melhoria,1,5,2015.5846,482.7704,1509.3526,0.0,0.0,0.01
287,melhoria,1,6,1563.7992,434.117,1107.7209,0.0,0.0,0.01
287,melhoria,2,8,1563.5601,434.117,1107.7209,0.0,0.0,0.018
287,melhoria,3,11,1563.4083,434.117,1107.7209,0.0,0.0,0.041
287,melhoria,2,13,1563.3781,434.117,1107.7209,0.0,0.0,0.048
287,melhoria,3,16,1549.4421,430.6843,1096.9237,0.0,0.0,0.079
287,melhoria,1,17,1482.9842,544.0574,914.9377,0.0,0.0,0.083
287,melhoria,1,18,1356.9691,546.1513,789.6286,0.0,0.0,0.09
287,melhoria,1,19,980.9747,431.3708,529.3712,0.0,0.0,0.093
287,melhoria,3,22,980.9636,431.3708,529.3712,0.0,0.0,0.111
287,melhoria,3,25,980.9571,431.3708,529.3712,0.0,0.0,0.15
287,melhoria,3,28,960.4279,431.3708,508.2117,0.0,0.0,0.17
287,melhoria,3,31,507.3933,428.6246,57.1369,0.0,0.0,0.212
287,melhoria,2,33,507.108,428.6246,57.1369,0.0,0.0,0.223
287,saida,0,38,507.108,428.6246,57.1369,0.0,0.0,0.293
287,entrada,0,0,507.108,428.6246,57.1369,0.0,0.0,0.0
287,saida,0,5,507.108,428.6246,57.1369,0.0,0.0,0.08
287,entrada,0,0,507.108,428.6246,57.1369,0.0,0.0,0.0
287,melhoria,3,3,470.8513,428.6246,21.1594,0.0,0.0,0.036
287,melhoria,2,5,470.5976,428.6246,21.1594,0.0,0.0,0.045
287,melhoria,3,8,470.5971,428.6246,21.1594,0.0,0.0,0.098
287,saida,0,13,470.5971,428.6246,21.1594,0.0,0.0,0.176
288,entrada,0,0,11937.9811,540.6246,7304.4273,4065.8137,0.0,0.0
288,melhoria,1,1,9345.2277,591.2816,5222.6716,3503.5404,0.0,0.001
288,melhoria,1,2,9257.0172,591.2816,5137.2511,3503.5404,0.0,0.001
288,melhoria,1,3,9162.0632,590.7004,5104.0064,3438.4415,0.0,0.001
288,melhoria,1,4,9073.8527,590.7004,5018.5859,3438.4415,0.0,0.004
288,melhoria,1,5,757.4156,541.8604,190.1194,0.0,0.0,0.005
288,melhoria,1,6,756.8861,541.8604,190.1194,0.0,0.0,0.005
288,melhoria,1,7,654.1047,541.1738,85.4205,0.0,0.0,0.006
288,melhoria,2,9,652.5817,539.6634,85.4205,0.0,0.0,0.014
288,melhoria,1,10,568.6592,541.1738,0.0,0.0,0.0,0.017
288,melhoria,1,11,568.6054,540.3157,0.0,0.0,0.0,0.024
288,melhoria,1,12,568.0589,539.6291,0.0,0.0,0.0,0.026
288,melhoria,1,13,567.4266,541.1738,0.0,0.0,0.0,0.032
288,melhoria,3,16,566.1756,538.9769,0.0,0.0,0.0,0.057
288,melhoria,1,17,565.9666,538.9769,0.0,0.0,0.0,0.059
288,melhoria,1,18,564.8426,538.9769,0.0,0.0,0.0,0.063
288,melhoria,3,21,564.8163,538.9769,0.0,0.0,0.0,0.077
288,melhoria,3,24,564.8118,538.9769,0.0,0.0,0.0,0.132
288,melhoria,3,27,564.7277,538.9769,0.0,0.0,0.0,0.192
288,saida,0,32,564.7277,538.9769,0.0,0.0,0.0,0.256
288,entrada,0,0,564.7277,538.9769,0.0,0.0,0.0,0.0
288,saida,0,5,564.7277,538.9769,0.0,0.0,0.0,0.068
288,entrada,0,0,564.7277,538.9769,0.0,0.0,0.0,0.0
288,saida,0,5,564.7277,538.9769,0.0,0.0,0.0,0.064
288,entrada,0,0,564.7277,538.9769,0.0,0.0,0.0,0.0
288,melhoria,3,3,564.5896,538.9769,0.0,0.0,0.0,0.039
288,saida,0,8,564.5896,538.9769,0.0,0.0,0.0,0.104
289,entrada,0,0,13416.1803,580.9612,10459.012,2347.6536,0.0,0.0
289,melhoria,1,1,12952.466,580.9612,9993.872,2347.6536,0.0,0.0
289,melhoria,1,2,2233.7949,523.3147,1682.3811,0.0,0.0,0.002
289,melhoria,1,3,1967.5343,552.8422,1383.7683,0.0,0.0,0.002
289,melhoria,1,4,1677.4004,552.8422,1094.5935,0.0,0.0,0.01
289,melhoria,3,7,1677.3145,552.8422,1094.5935,0.0,0.0,0.047
289,melhoria,1,8,1676.0789,552.8422,1094.5935,0.0,0.0,0.054
289,melhoria,3,11,585.0657,514.6526,42.3189,0.0,0.0,0.072
289,melhoria,1,12,570.5544,500.8283,42.3189,0.0,0.0,0.072
289,melhoria,1,13,569.3188,500.8283,42.3189,0.0,0.0,0.077
289,melhoria,3,16,569.0425,500.8283,42.3189,0.0,0.0,0.105
289,melhoria,3,19,560.5452,492.5035,42.3189,0.0,0.0,0.158
289,melhoria,2,21,560.0009,491.8497,42.3189,0.0,0.0,0.166
289,melhoria,3,24,552.6725,484.696,42.3189,0.0,0.0,0.187
289,melhoria,2,26,552.1498,483.9305,42.3189,0.0,0.0,0.195
289,melhoria,3,29,551.9221,483.9305,42.3189,0.0,0.0,0.205
289,melhoria,1,30,550.109,483.9305,42.3189,0.0,0.0,0.206
289,melhoria,1,31,536.134,470.896,42.3189,0.0,0.0,0.211
289,melhoria,1,32,535.1917,470.896,42.3189,0.0,0.0,0.216
289,saida,0,37,535.1917,470.896,42.3189,0.0,0.0,0.283
289,entrada,0,0,535.1917,470.896,42.3189,0.0,0.0,0.0
289,saida,0,5,535.1917,470.896,42.3189,0.0,0.0,0.063
289,entrada,0,0,535.1917,470.896,42.3189,0.0,0.0,0.0
289,saida,0,5,535.1917,470.896,42.3189,0.0,0.0,0.061
289,entrada,0,0,535.1917,470.896,42.3189,0.0,0.0,0.0
289,saida,0,5,535.1917,470.896,42.3189,0.0,0.0,0.064
291,entrada,0,0,15018.5381,481.0003,6965.6927,7546.8946,0.0,0.0
291,melhoria,1,1,9283.4636,590.7004,5224.5346,3438.4415,0.0,0.0
291,melhoria,1,2,9182.3668,590.7004,5122.9584,3438.4415,0.0,0.004
291,melhoria,1,3,9073.862,590.7004,5018.5859,3438.4415,0.0,0.004
291,melhoria,1,4,9073.7755,590.7004,5018.5859,3438.4415,0.0,0.005
291,melhoria,1,5,666.2862,541.3111,101.4858,0.0,0.0,0.007
291,melhoria,1,6,587.2061,540.6246,21.1594,0.0,0.0,0.01
291,melhoria,1,7,584.814,540.6246,21.1594,0.0,0.0,0.016
291,melhoria,3,10,584.7222,540.6246,21.1594,0.0,0.0,0.048
291,melhoria,2,12,584.6356,540.6246,21.1594,0.0,0.0,0.056
291,melhoria,1,13,584.634,540.6246,21.1594,0.0,0.0,0.057
291,melhoria,3,16,584.5574,540.6246,21.1594,0.0,0.0,0.078
291,melhoria,1,17,563.7854,539.938,0.0,0.0,0.0,0.079
291,melhoria,3,20,561.2947,537.7411,0.0,0.0,0.0,0.101
291,melhoria,1,21,561.0424,538.4276,0.0,0.0,0.0,0.103
291,melhoria,1,22,560.9031,538.4276,0.0,0.0,0.0,0.109
291,melhoria,3,25,560.8757,538.4276,0.0,0.0,0.0,0.142
291,melhoria,2,27,560.8755,538.4276,0.0,0.0,0.0,0.15
291,melhoria,3,30,560.8725,538.4276,0.0,0.0,0.0,0.201
291,melhoria,2,32,560.8398,538.4276,0.0,0.0,0.0,0.21
291,melhoria,2,34,560.7616,538.4276,0.0,0.0,0.0,0.219
291,saida,0,39,560.7616,538.4276,0.0,0.0,0.0,0.29
291,entrada,0,0,560.7616,538.4276,0.0,0.0,0.0,0.0
291,saida,0,5,560.7616,538.4276,0.0,0.0,0.0,0.078
291,entrada,0,0,560.7616,538.4276,0.0,0.0,0.0,0.0
291,saida,0,5,560.7616,538.4276,0.0,0.0,0.0,0.066
291,entrada,0,0,560.7616,538.4276,0.0,0.0,0.0,0.0
291,saida,0,5,560.7616,538.4276,0.0,0.0,0.0,0.063
292,entrada,0,0,13936.7863,540.3157,8010.7627,5359.516,0.0,0.0
292,melhoria,1,1,2782.5087,540.3157,2211.1303,0.0,0.0,0.0
292,melhoria,1,2,2378.5987,540.3157,1809.4986,0.0,0.0,0.003
292,melhoria,1,3,2259.245,542.4096,1687.7021,0.0,0.0,0.004
292,melhoria,1,4,2258.2452,542.4096,1687.7021,0.0,0.0,0.007
292,melhoria,2,6,1856.685,542.4096,1286.0703,0.0,0.0,0.016
292,melhoria,1,7,1856.1827,542.4096,1286.0703,0.0,0.0,0.021
292,melhoria,1,8,1855.3086,542.4096,1286.0703,0.0,0.0,0.021
292,melhoria,1,9,1853.924,542.4096,1286.0703,0.0,0.0,0.024
292,melhoria,1,10,1852.0337,542.4096,1286.0703,0.0,0.0,0.028
292,melhoria,3,13,1728.1274,542.4096,1162.3428,0.0,0.0,0.044
292,melhoria,2,15,1727.8756,542.4096,1162.3428,0.0,0.0,0.052
292,melhoria,3,18,1727.2178,542.4096,1162.3428,0.0,0.0,0.096
292,melhoria,1,19,1726.37,542.4096,1162.3428,0.0,0.0,0.1
292,melhoria,2,21,1649.4692,545.8424,1082.0165,0.0,0.0,0.11
292,melhoria,3,24,1649.361,545.8424,1082.0165,0.0,0.0,0.144
292,melhoria,1,25,1550.8156,422.165,1107.7209,0.0,0.0,0.145
292,melhoria,3,28,1549.6228,420.7634,1107.7209,0.0,0.0,0.18
292,melhoria,2,30,1549.4545,420.7634,1107.7209,0.0,0.0,0.188
292,melhoria,3,33,1549.3637,420.7212,1107.7209,0.0,0.0,0.209
292,melhoria,3,36,1535.4032,406.8947,1107.7209,0.0,0.0,0.248
292,melhoria,1,37,1499.2415,371.949,1107.7209,0.0,0.0,0.257
292,melhoria,1,38,1498.3031,371.949,1107.7209,0.0,0.0,0.26
292,melhoria,2,40,1498.2083,371.949,1107.7209,0.0,0.0,0.269
292,melhoria,4,44,1489.1847,363.0,1107.7209,0.0,0.0,0.321
292,melhoria,1,45,1447.3684,322.117,1107.7209,0.0,0.0,0.322
292,melhoria,1,46,1446.7684,322.117,1107.7209,0.0,0.0,0.322
292,saida,0,51,1446.7684,322.117,1107.7209,0.0,0.0,0.375
292,entrada,0,0,1446.7684,322.117,1107.7209,0.0,0.0,0.0
292,saida,0,5,1446.7684,322.117,1107.7209,0.0,0.0,0.052
293,entrada,0,0,2376.9166,515.5648,1830.658,0.0,0.0,0.0
293,melhoria,1,1,2374.8041,516.2351,1830.658,0.0,0.0,0.002
293,melhoria,1,2,2340.7346,483.4706,1830.658,0.0,0.0,0.004
293,melhoria,1,3,2339.2253,483.4706,1830.658,0.0,0.0,0.004
293,melhoria,1,4,2338.3172,483.4706,1830.658,0.0,0.0,0.008
293,melhoria,3,7,2017.1226,483.4706,1509.3526,0.0,0.0,0.022
293,melhoria,2,9,2016.8962,483.2792,1509.3526,0.0,0.0,0.029
293,melhoria,2,11,1438.5381,483.4706,931.0029,0.0,0.0,0.037
293,melhoria,3,14,1438.5038,483.4706,931.0029,0.0,0.0,0.046
293,melhoria,3,17,1238.8426,483.2792,730.8986,0.0,0.0,0.07
293,melhoria,1,18,1186.1122,483.2792,673.9586,0.0,0.0,0.073
293,melhoria,1,19,1183.5905,483.2792,673.9586,0.0,0.0,0.075
293,melhoria,1,20,773.835,428.6246,319.8019,0.0,0.0,0.077
293,melhoria,1,21,772.0007,428.6246,319.8019,0.0,0.0,0.082
293,melhoria,3,24,771.796,428.6246,319.8019,0.0,0.0,0.101
293,melhoria,1,25,770.8626,428.6246,319.8019,0.0,0.0,0.102
293,melhoria,2,27,770.6564,428.6246,319.8019,0.0,0.0,0.111
293,melhoria,3,30,471.8305,428.6246,21.1594,0.0,0.0,0.124
293,saida,0,35,471.8305,428.6246,21.1594,0.0,0.0,0.184
294,entrada,0,0,19489.8498,606.4614,9485.7953,9370.0656,0.0,0.0
294,melhoria,1,1,18383.8719,630.4547,9833.2822,7890.9221,0.0,0.001
294,melhoria,2,3,17551.043,626.4239,9456.004,7439.4781,0.0,0.008
294,melhoria,1,4,17406.4427,626.4239,9311.4166,7439.4781,0.0,0.013
294,melhoria,2,6,17406.3396,626.4239,9311.4166,7439.4781,0.0,0.022
294,melhoria,3,9,17085.2431,626.4239,8990.1112,7439.4781,0.0,0.046
294,melhoria,1,10,16933.826,627.0688,8765.1387,7511.7091,0.0,0.046
294,melhoria,1,11,16804.4198,626.4239,8704.7742,7439.4781,0.0,0.052
294,melhoria,1,12,16803.692,626.4239,8704.7742,7439.4781,0.0,0.053
294,melhoria,1,13,16801.9682,626.4239,8704.7742,7439.4781,0.0,0.06
294,melhoria,3,16,16801.8908,626.4239,8704.7742,7439.4781,0.0,0.079
294,melhoria,3,19,16544.6387,626.4239,8447.7299,7439.4781,0.0,0.089
294,melhoria,3,22,16544.5258,626.4239,8447.7299,7439.4781,0.0,0.103
294,melhoria,3,25,16158.4109,624.5552,8272.8149,7230.1781,0.0,0.117
294,melhoria,3,28,16158.1165,624.5552,8272.8149,7230.1781,0.0,0.134
294,melhoria,3,31,10077.4761,595.1256,5518.2068,3934.0659,0.0,0.17
294,melhoria,1,32,2189.3299,535.3725,1626.6188,0.0,0.0,0.174
294,melhoria,1,33,2182.0341,527.1007,1626.6188,0.0,0.0,0.178
294,melhoria,3,36,2159.508,504.8529,1626.6188,0.0,0.0,0.212
294,melhoria,1,37,1634.4814,546.8068,1055.4258,0.0,0.0,0.212
294,melhoria,1,38,1234.3746,529.4591,673.9586,0.0,0.0,0.214
294,melhoria,1,39,1234.3715,529.4591,673.9586,0.0,0.0,0.219
294,melhoria,1,40,1233.1802,529.4591,673.9586,0.0,0.0,0.224
294,melhoria,3,43,1233.0954,529.4591,673.9586,0.0,0.0,0.236
294,melhoria,3,46,1067.7248,529.4591,508.2117,0.0,0.0,0.26
294,melhoria,1,47,1065.8081,529.4591,508.2117,0.0,0.0,0.268
294,melhoria,1,48,528.7021,483.1716,21.1594,0.0,0.0,0.27
294,melhoria,3,51,516.3242,470.896,21.1594,0.0,0.0,0.294
294,melhoria,3,54,516.0608,470.896,21.1594,0.0,0.0,0.305
294,melhoria,3,57,515.7405,470.896,21.1594,0.0,0.0,0.332
294,saida,0,62,515.7405,470.896,21.1594,0.0,0.0,0.394
294,entrada,0,0,515.7405,470.896,21.1594,0.0,0.0,0.0
294,saida,0,5,515.7405,470.896,21.1594,0.0,0.0,0.067
294,entrada,0,0,515.7405,470.896,21.1594,0.0,0.0,0.0
294,saida,0,5,515.7405,470.896,21.1594,0.0,0.0,0.06
294,entrada,0,0,515.7405,470.896,21.1594,0.0,0.0,0.0
294,saida,0,5,515.7405,470.896,21.1594,0.0,0.0,0.061
295,entrada,0,0,2076.9646,538.097,1509.3526,0.0,0.0,0.0
295,melhoria,1,1,2063.9992,538.097,1498.5555,0.0,0.0,0.0
295,melhoria,1,2,1568.9732,544.0574,995.264,0.0,0.0,0.001
295,melhoria,1,3,1424.5173,543.3708,850.6766,0.0,0.0,0.002
295,melhoria,1,4,1100.2472,543.3708,529.3712,0.0,0.0,0.004
295,melhoria,2,6,931.7392,540.6246,363.6243,0.0,0.0,0.01
295,melhoria,1,7,608.0058,540.6246,42.3189,0.0,0.0,0.016
295,melhoria,2,9,607.8772,540.6246,42.3189,0.0,0.0,0.024
295,saida,0,14,607.8772,540.6246,42.3189,0.0,0.0,0.084
295,entrada,0,0,607.8772,540.6246,42.3189,0.0,0.0,0.0
295,saida,0,5,607.8772,540.6246,42.3189,0.0,0.0,0.059
295,entrada,0,0,607.8772,540.6246,42.3189,0.0,0.0,0.0
295,saida,0,5,607.8772,540.6246,42.3189,0.0,0.0,0.057
295,entrada,0,0,607.8772,540.6246,42.3189,0.0,0.0,0.0
295,saida,0,5,607.8772,540.6246,42.3189,0.0,0.0,0.056
296,entrada,0,0,4238.1851,542.4096,2880.6479,789.5465,0.0,0.0
296,melhoria,1,1,1068.8814,542.4096,498.5726,0.0,0.0,0.0
296,melhoria,1,2,1067.369,542.4096,498.5726,0.0,0.0,0.001
296,melhoria,1,3,939.4188,541.8604,366.8374,0.0,0.0,0.002
296,melhoria,1,4,762.6887,541.8604,190.1194,0.0,0.0,0.004
296,melhoria,1,5,760.858,541.8604,190.1194,0.0,0.0,0.005
296,melhoria,1,6,744.5891,541.1738,170.8411,0.0,0.0,0.009
296,melhoria,1,7,742.1459,541.1738,170.8411,0.0,0.0,0.013
296,melhoria,1,8,613.6288,540.6246,42.3189,0.0,0.0,0.014
296,melhoria,1,9,592.2226,539.938,21.1594,0.0,0.0,0.014
296,melhoria,3,12,591.9374,539.938,21.1594,0.0,0.0,0.023
296,melhoria,2,14,591.8586,539.938,21.1594,0.0,0.0,0.032
296,melhoria,3,17,588.9061,537.1919,21.1594,0.0,0.0,0.059
296,melhoria,1,18,587.6913,538.4276,21.1594,0.0,0.0,0.061
296,melhoria,1,19,586.752,538.4276,21.1594,0.0,0.0,0.069
296,melhoria,1,20,584.332,538.4276,21.1594,0.0,0.0,0.077
296,melhoria,3,23,584.1649,538.4276,21.1594,0.0,0.0,0.088
296,melhoria,3,26,563.4643,538.4276,0.0,0.0,0.0,0.111
296,melhoria,3,29,563.2337,538.4276,0.0,0.0,0.0,0.141
296,melhoria,3,32,563.2272,538.4276,0.0,0.0,0.0,0.19
296,melhoria,3,35,563.1396,538.4276,0.0,0.0,0.0,0.229
296,melhoria,3,38,563.0612,538.4276,0.0,0.0,0.0,0.249
296,melhoria,1,39,562.1173,538.4276,0.0,0.0,0.0,0.252
296,saida,0,44,562.1173,538.4276,0.0,0.0,0.0,0.322
296,entrada,0,0,562.1173,538.4276,0.0,0.0,0.0,0.0
296,saida,0,5,562.1173,538.4276,0.0,0.0,0.0,0.076
296,entrada,0,0,562.1173,538.4276,0.0,0.0,0.0,0.0
296,saida,0,5,562.1173,538.4276,0.0,0.0,0.0,0.07
296,entrada,0,0,562.1173,538.4276,0.0,0.0,0.0,0.0
296,saida,0,5,562.1173,538.4276,0.0,0.0,0.0,0.063
297,entrada,0,0,15018.5381,481.0003,6965.6927,7546.8946,0.0,0.0
297,melhoria,1,1,9924.0283,591.2816,5801.0213,3503.5404,0.0,0.0
297,melhoria,1,2,9411.7725,591.2816,5286.9327,3503.5404,0.0,0.002
297,melhoria,1,3,9348.8024,591.2816,5222.6716,3503.5404,0.0,0.002
297,melhoria,1,4,9347.8411,591.2816,5222.6716,3503.5404,0.0,0.003
297,melhoria,1,5,9118.5877,590.5551,5074.3402,3422.1668,0.0,0.004
297,melhoria,1,6,823.3761,541.1738,251.1674,0.0,0.0,0.008
297,melhoria,1,7,744.5342,541.1738,170.8411,0.0,0.0,0.008
297,melhoria,1,8,616.4288,540.6246,42.3189,0.0,0.0,0.009
297,melhoria,1,9,595.0226,539.938,21.1594,0.0,0.0,0.01
297,melhoria,3,12,594.9591,539.938,21.1594,0.0,0.0,0.018
297,melhoria,3,15,594.9461,539.938,21.1594,0.0,0.0,0.035
297,melhoria,3,18,594.8883,539.938,21.1594,0.0,0.0,0.047
297,melhoria,2,20,594.8012,539.938,21.1594,0.0,0.0,0.056
297,melhoria,3,23,594.3941,539.938,21.1594,0.0,0.0,0.069
297,melhoria,3,26,594.3343,539.938,21.1594,0.0,0.0,0.088
297,melhoria,3,29,591.5068,537.1919,21.1594,0.0,0.0,0.101
297,melhoria,1,30,590.5688,537.1919,21.1594,0.0,0.0,0.101
297,melhoria,1,31,589.354,538.4276,21.1594,0.0,0.0,0.108
297,melhoria,1,32,586.554,538.4276,21.1594,0.0,0.0,0.11
297,melhoria,1,33,561.6794,538.4276,0.0,0.0,0.0,0.111
297,melhoria,1,34,559.2485,538.4276,0.0,0.0,0.0,0.116
297,melhoria,3,37,559.1962,538.4276,0.0,0.0,0.0,0.131
297,melhoria,3,40,559.1086,538.4276,0.0,0.0,0.0,0.153
297,melhoria,3,43,557.6887,536.2307,0.0,0.0,0.0,0.166
297,saida,0,48,557.6887,536.2307,0.0,0.0,0.0,0.231
297,entrada,0,0,557.6887,536.2307,0.0,0.0,0.0,0.0
297,saida,0,5,557.6887,536.2307,0.0,0.0,0.0,0.067
297,entrada,0,0,557.6887,536.2307,0.0,0.0,0.0,0.0
297,saida,0,5,557.6887,536.2307,0.0,0.0,0.0,0.064
297,entrada,0,0,557.6887,536.2307,0.0,0.0,0.0,0.0
297,saida,0,5,557.6887,536.2307,0.0,0.0,0.0,0.061
298,entrada,0,0,20552.6344,520.0703,10356.7148,9646.84,0.0,0.0
298,melhoria,1,1,15625.727,623.6426,7844.938,7127.9757,0.0,0.004
298,melhoria,1,2,15545.1143,623.6426,7764.6116,7127.9757,0.0,0.008
298,melhoria,1,3,15542.6765,623.6426,7764.6116,7127.9757,0.0,0.014
298,melhoria,1,4,15463.542,623.6426,7684.2853,7127.9757,0.0,0.017
298,melhoria,2,6,15458.5822,623.6426,7679.1911,7127.9757,0.0,0.026
298,melhoria,4,10,564.798,537.7411,0.0,0.0,0.0,0.085
298,melhoria,2,12,564.7074,537.7411,0.0,0.0,0.0,0.094
298,saida,0,17,564.7074,537.7411,0.0,0.0,0.0,0.159
298,entrada,0,0,564.7074,537.7411,0.0,0.0,0.0,0.0
298,saida,0,5,564.7074,537.7411,0.0,0.0,0.0,0.063
298,entrada,0,0,564.7074,537.7411,0.0,0.0,0.0,0.0
298,saida,0,5,564.7074,537.7411,0.0,0.0,0.0,0.063
298,entrada,0,0,564.7074,537.7411,0.0,0.0,0.0,0.0
298,saida,0,5,564.7074,537.7411,0.0,0.0,0.0,0.063
299,entrada,0,0,3696.9326,481.2395,2403.2348,789.5465,0.0,0.0
299,melhoria,1,1,527.8715,481.2395,21.1594,0.0,0.0,0.0
299,melhoria,1,2,473.9007,428.6246,21.1594,0.0,0.0,0.002
299,melhoria,1,3,452.4945,427.938,0.0,0.0,0.0,0.005
299,melhoria,3,6,452.3312,427.938,0.0,0.0,0.0,0.019
299,melhoria,3,9,449.542,425.1918,0.0,0.0,0.0,0.059
299,melhoria,1,10,448.0322,425.1918,0.0,0.0,0.0,0.061
299,saida,0,15,448.0322,425.1918,0.0,0.0,0.0,0.124
301,entrada,0,0,11899.5586,532.7979,9110.1012,2230.1108,0.0,0.0
301,melhoria,1,1,6941.7889,582.4177,3820.5368,2510.7825,0.0,0.002
301,melhoria,1,2,6939.2469,582.4177,3820.5368,2510.7825,0.0,0.009
301,melhoria,3,5,6939.1217,582.4177,3820.5368,2510.7825,0.0,0.035
301,melhoria,3,8,561.2113,536.2307,0.0,0.0,0.0,0.058
301,melhoria,3,11,561.1254,536.2307,0.0,0.0,0.0,0.105
301,melhoria,3,14,561.1205,536.2307,0.0,0.0,0.0,0.126
301,saida,0,19,561.1205,536.2307,0.0,0.0,0.0,0.2
301,entrada,0,0,561.1205,536.2307,0.0,0.0,0.0,0.0
301,saida,0,5,561.1205,536.2307,0.0,0.0,0.0,0.071
302,entrada,0,0,8055.7536,481.0003,4374.7782,3173.9773,0.0,0.0
302,melhoria,1,1,567.7426,539.6634,0.0,0.0,0.0,0.0
302,melhoria,1,2,567.158,539.6634,0.0,0.0,0.0,0.008
302,melhoria,2,4,566.4677,538.9769,0.0,0.0,0.0,0.017
302,melhoria,1,5,565.4273,538.9769,0.0,0.0,0.0,0.023
302,melhoria,1,6,564.8426,538.9769,0.0,0.0,0.0,0.028
302,melhoria,2,8,564.8406,538.9769,0.0,0.0,0.0,0.038
302,melhoria,3,11,564.8169,538.9769,0.0,0.0,0.0,0.059
302,melhoria,2,13,564.7282,538.9769,0.0,0.0,0.0,0.068
302,melhoria,3,16,564.5716,538.9769,0.0,0.0,0.0,0.096
302,melhoria,1,17,564.3588,539.6634,0.0,0.0,0.0,0.097
302,melhoria,2,19,564.2328,539.6634,0.0,0.0,0.0,0.106
302,melhoria,2,21,564.2151,539.6634,0.0,0.0,0.0,0.116
302,melhoria,3,24,564.0401,539.6634,0.0,0.0,0.0,0.134
302,melhoria,3,27,561.1279,536.2307,0.0,0.0,0.0,0.177
302,melhoria,2,29,560.8813,536.2307,0.0,0.0,0.0,0.185
302,melhoria,3,32,560.8748,536.2307,0.0,0.0,0.0,0.201
302,melhoria,3,35,560.6756,536.2307,0.0,0.0,0.0,0.222
302,melhoria,1,36,560.1021,536.2307,0.0,0.0,0.0,0.227
302,melhoria,3,39,560.0005,536.2307,0.0,0.0,0.0,0.251
302,melhoria,3,42,559.994,536.2307,0.0,0.0,0.0,0.268
302,melhoria,3,45,559.9509,536.2307,0.0,0.0,0.0,0.284
302,melhoria,3,48,559.8922,536.2307,0.0,0.0,0.0,0.314
302,melhoria,3,51,559.8013,536.2307,0.0,0.0,0.0,0.35
302,melhoria,2,53,559.681,536.2307,0.0,0.0,0.0,0.359
302,saida,0,58,559.681,536.2307,0.0,0.0,0.0,0.424
302,entrada,0,0,559.681,536.2307,0.0,0.0,0.0,0.0
302,melhoria,3,3,559.5377,536.2307,0.0,0.0,0.0,0.033
302,saida,0,8,559.5377,536.2307,0.0,0.0,0.0,0.097
302,entrada,0,0,559.5377,536.2307,0.0,0.0,0.0,0.0
302,saida,0,5,559.5377,536.2307,0.0,0.0,0.0,0.066
302,entrada,0,0,559.5377,536.2307,0.0,0.0,0.0,0.0
302,saida,0,5,559.5377,536.2307,0.0,0.0,0.0,0.064
303,entrada,0,0,12181.6483,607.7605,6192.6208,5349.1736,0.0,0.0
303,melhoria,1,1,12180.1477,607.7605,6192.6208,5349.1736,0.0,0.002
303,melhoria,1,2,12039.2206,607.0739,6128.3597,5272.28,0.0,0.002
303,melhoria,1,3,11928.1509,606.5247,6076.9509,5210.7651,0.0,0.006
303,melhoria,1,4,11698.5914,605.2889,5982.4404,5072.3566,0.0,0.006
303,melhoria,1,5,11695.7954,605.2889,5982.4404,5072.3566,0.0,0.011
303,melhoria,1,6,11670.385,605.2889,5961.2809,5072.3566,0.0,0.02
303,melhoria,1,7,2028.1083,533.7911,1467.0337,0.0,0.0,0.023
303,melhoria,2,9,2028.0984,533.7911,1467.0337,0.0,0.0,0.03
303,melhoria,3,12,2028.0011,533.7911,1467.0337,0.0,0.0,0.049
303,melhoria,3,15,2027.7638,533.7911,1467.0337,0.0,0.0,0.06
303,melhoria,3,18,2023.5909,529.6056,1467.0337,0.0,0.0,0.095
303,melhoria,3,21,2022.6323,528.4096,1467.0337,0.0,0.0,0.127
303,melhoria,3,24,2018.1372,523.9606,1467.0337,0.0,0.0,0.144
303,melhoria,3,27,2017.8899,523.9606,1467.0337,0.0,0.0,0.155
303,melhoria,3,30,1996.8212,503.0783,1467.0337,0.0,0.0,0.201
303,melhoria,3,33,1986.9602,493.3965,1467.0337,0.0,0.0,0.237
303,melhoria,1,34,1237.0179,534.5637,673.9586,0.0,0.0,0.244
303,melhoria,1,35,1177.9944,534.5637,612.5842,0.0,0.0,0.246
303,melhoria,1,36,1176.2105,534.5637,612.5842,0.0,0.0,0.247
303,melhoria,1,37,1173.9281,534.5637,612.5842,0.0,0.0,0.25
303,melhoria,3,40,1172.4567,533.11,612.5842,0.0,0.0,0.26
303,melhoria,1,41,1119.2474,483.1716,612.5842,0.0,0.0,0.268
303,melhoria,3,44,1066.9165,482.8726,560.5582,0.0,0.0,0.292
303,melhoria,3,47,1066.3432,482.304,560.5582,0.0,0.0,0.331
303,melhoria,1,48,1014.4661,431.3708,560.5582,0.0,0.0,0.334
303,melhoria,3,51,1014.4325,431.3708,560.5582,0.0,0.0,0.368
303,melhoria,3,54,983.1385,431.3708,529.3712,0.0,0.0,0.388
303,melhoria,3,57,983.011,431.3708,529.3712,0.0,0.0,0.405
303,melhoria,3,60,982.3127,431.3708,529.3712,0.0,0.0,0.437
303,melhoria,1,61,980.0475,431.3708,529.3712,0.0,0.0,0.437
303,melhoria,2,63,958.5958,431.3708,508.2117,0.0,0.0,0.443
303,melhoria,3,66,469.8221,428.6246,21.1594,0.0,0.0,0.471
303,melhoria,3,69,469.7622,428.6246,21.1594,0.0,0.0,0.513
303,melhoria,2,71,469.5683,428.6246,21.1594,0.0,0.0,0.521
303,melhoria,3,74,469.3929,428.6246,21.1594,0.0,0.0,0.567
303,saida,0,79,469.3929,428.6246,21.1594,0.0,0.0,0.63
303,entrada,0,0,469.3929,428.6246,21.1594,0.0,0.0,0.0
303,saida,0,5,469.3929,428.6246,21.1594,0.0,0.0,0.061
303,entrada,0,0,469.3929,428.6246,21.1594,0.0,0.0,0.0
303,saida,0,5,469.3929,428.6246,21.1594,0.0,0.0,0.066
303,entrada,0,0,469.3929,428.6246,21.1594,0.0,0.0,0.0
303,melhoria,3,3,468.7459,428.6246,21.1594,0.0,0.0,0.056
303,melhoria,1,4,467.6978,428.6246,21.1594,0.0,0.0,0.058
303,melhoria,2,6,467.6095,428.6246,21.1594,0.0,0.0,0.067
303,saida,0,11,467.6095,428.6246,21.1594,0.0,0.0,0.137
304,entrada,0,0,20438.6232,492.4238,10943.827,8973.5777,0.0,0.0
304,melhoria,1,1,19130.597,608.647,12546.9592,5941.1344,0.0,0.0
304,melhoria,1,2,568.0407,538.9769,0.0,0.0,0.0,0.002
304,melhoria,1,3,566.749,539.6634,0.0,0.0,0.0,0.003
304,melhoria,1,4,565.8044,539.6634,0.0,0.0,0.0,0.007
304,melhoria,1,5,565.1231,538.9769,0.0,0.0,0.0,0.012
304,melhoria,1,6,563.6382,538.9769,0.0,0.0,0.0,0.019
304,melhoria,3,9,563.3306,538.9769,0.0,0.0,0.0,0.048
304,melhoria,1,10,562.5552,538.9769,0.0,0.0,0.0,0.049
304,melhoria,2,12,562.4689,538.9769,0.0,0.0,0.0,0.058
304,melhoria,2,14,562.2459,538.9769,0.0,0.0,0.0,0.069
304,melhoria,2,16,562.1469,538.9769,0.0,0.0,0.0,0.08
304,saida,0,21,562.1469,538.9769,0.0,0.0,0.0,0.148
304,entrada,0,0,562.1469,538.9769,0.0,0.0,0.0,0.0
304,melhoria,3,3,562.1114,538.9769,0.0,0.0,0.0,0.048
304,saida,0,8,562.1114,538.9769,0.0,0.0,0.0,0.121
305,entrada,0,0,14871.3596,525.037,7625.4984,6688.4916,0.0,0.0
305,melhoria,1,1,11163.1983,600.3874,6010.7082,4523.3839,0.0,0.007
305,melhoria,1,2,11162.7016,600.3874,6010.7082,4523.3839,0.0,0.007
305,melhoria,1,3,10971.4597,599.4544,5923.3853,4418.8949,0.0,0.009
305,melhoria,1,4,10695.2978,598.111,5797.6402,4268.4307,0.0,0.013
305,melhoria,1,5,10693.8035,598.111,5797.6402,4268.4307,0.0,0.018
305,melhoria,1,6,10692.7904,598.111,5797.6402,4268.4307,0.0,0.024
305,melhoria,3,9,1076.7275,540.3157,508.2117,0.0,0.0,0.044
305,melhoria,1,10,1076.5553,541.5514,508.2117,0.0,0.0,0.051
305,melhoria,3,13,1076.5009,541.5514,508.2117,0.0,0.0,0.089
305,melhoria,1,14,1075.7664,541.5514,508.2117,0.0,0.0,0.094
305,melhoria,2,16,1075.5833,541.5514,508.2117,0.0,0.0,0.1
305,melhoria,2,18,1075.4019,541.5514,508.2117,0.0,0.0,0.106
305,melhoria,1,19,1074.8676,540.8649,508.2117,0.0,0.0,0.109
305,melhoria,1,20,1074.8006,540.3157,508.2117,0.0,0.0,0.11
305,melhoria,1,21,1074.2397,540.3157,508.2117,0.0,0.0,0.111
305,melhoria,1,22,1073.6632,540.3157,508.2117,0.0,0.0,0.115
305,melhoria,3,25,1071.5276,537.5695,508.2117,0.0,0.0,0.123
305,melhoria,1,26,1071.4131,538.4276,508.2117,0.0,0.0,0.125
305,melhoria,1,27,1070.7236,539.6634,508.2117,0.0,0.0,0.128
305,melhoria,1,28,983.1714,431.3708,529.3712,0.0,0.0,0.134
305,melhoria,3,31,982.9197,431.3708,529.3712,0.0,0.0,0.154
305,melhoria,3,34,982.3627,431.3708,529.3712,0.0,0.0,0.171
305,melhoria,1,35,980.9082,431.3708,529.3712,0.0,0.0,0.172
305,melhoria,2,37,812.4002,428.6246,363.6243,0.0,0.0,0.178
305,melhoria,1,38,488.5748,428.6246,42.3189,0.0,0.0,0.179
305,melhoria,2,40,488.4228,428.6246,42.3189,0.0,0.0,0.186
305,melhoria,3,43,488.2878,428.6246,42.3189,0.0,0.0,0.215
305,saida,0,48,488.2878,428.6246,42.3189,0.0,0.0,0.273
305,entrada,0,0,488.2878,428.6246,42.3189,0.0,0.0,0.0
305,saida,0,5,488.2878,428.6246,42.3189,0.0,0.0,0.063
305,entrada,0,0,488.2878,428.6246,42.3189,0.0,0.0,0.0
305,saida,0,5,488.2878,428.6246,42.3189,0.0,0.0,0.056
305,entrada,0,0,488.2878,428.6246,42.3189,0.0,0.0,0.0
305,saida,0,5,488.2878,428.6246,42.3189,0.0,0.0,0.057
306,entrada,0,0,8055.338,481.0003,4374.7782,3173.9773,0.0,0.0
306,melhoria,1,1,2091.8547,539.1142,1524.0298,0.0,0.0,0.001
306,melhoria,1,2,567.327,539.6634,0.0,0.0,0.0,0.003
306,melhoria,1,3,566.4115,539.6634,0.0,0.0,0.0,0.007
306,melhoria,1,4,564.9266,539.6634,0.0,0.0,0.0,0.01
306,melhoria,1,5,530.6507,483.5184,21.1594,0.0,0.0,0.013
306,melhoria,1,6,529.5856,483.5184,21.1594,0.0,0.0,0.013
306,melhoria,1,7,529.1471,483.5184,21.1594,0.0,0.0,0.016
306,melhoria,1,8,448.0322,425.1918,0.0,0.0,0.0,0.019
306,saida,0,13,448.0322,425.1918,0.0,0.0,0.0,0.077
306,entrada,0,0,448.0322,425.1918,0.0,0.0,0.0,0.0
306,saida,0,5,448.0322,425.1918,0.0,0.0,0.0,0.067
306,entrada,0,0,448.0322,425.1918,0.0,0.0,0.0,0.0
306,saida,0,5,448.0322,425.1918,0.0,0.0,0.0,0.057
306,entrada,0,0,448.0322,425.1918,0.0,0.0,0.0,0.0
306,saida,0,5,448.0322,425.1918,0.0,0.0,0.0,0.059
309,entrada,0,0,8055.338,481.0003,4374.7782,3173.9773,0.0,0.0
309,melhoria,1,1,565.8233,539.6634,0.0,0.0,0.0,0.0
309,melhoria,1,2,563.4105,539.6634,0.0,0.0,0.0,0.005
309,melhoria,1,3,529.1471,483.5184,21.1594,0.0,0.0,0.006
309,melhoria,1,4,448.0322,425.1918,0.0,0.0,0.0,0.007
309,saida,0,9,448.0322,425.1918,0.0,0.0,0.0,0.067
309,entrada,0,0,448.0322,425.1918,0.0,0.0,0.0,0.0
309,saida,0,5,448.0322,425.1918,0.0,0.0,0.0,0.058
309,entrada,0,0,448.0322,425.1918,0.0,0.0,0.0,0.0
309,saida,0,5,448.0322,425.1918,0.0,0.0,0.0,0.061
309,entrada,0,0,448.0322,425.1918,0.0,0.0,0.0,0.0
309,saida,0,5,448.0322,425.1918,0.0,0.0,0.0,0.057
310,entrada,0,0,8055.9226,481.0003,4374.7782,3173.9773,0.0,0.0
310,melhoria,1,1,567.327,539.6634,0.0,0.0,0.0,0.0
310,melhoria,1,2,564.9266,539.6634,0.0,0.0,0.0,0.001
310,melhoria,1,3,530.6507,483.5184,21.1594,0.0,0.0,0.004
310,melhoria,1,4,529.5856,483.5184,21.1594,0.0,0.0,0.006
310,melhoria,1,5,529.1471,483.5184,21.1594,0.0,0.0,0.009
310,melhoria,1,6,448.0322,425.1918,0.0,0.0,0.0,0.016
310,saida,0,11,448.0322,425.1918,0.0,0.0,0.0,0.075
310,entrada,0,0,448.0322,425.1918,0.0,0.0,0.0,0.0
310,saida,0,5,448.0322,425.1918,0.0,0.0,0.0,0.065
310,entrada,0,0,448.0322,425.1918,0.0,0.0,0.0,0.0
310,saida,0,5,448.0322,425.1918,0.0,0.0,0.0,0.068
310,entrada,0,0,448.0322,425.1918,0.0,0.0,0.0,0.0
310,saida,0,5,448.0322,425.1918,0.0,0.0,0.0,0.07
312,entrada,0,0,1228.9097,535.5441,663.7702,0.0,0.0,0.0
312,melhoria,1,1,1228.5106,535.5441,663.7702,0.0,0.0,0.002
312,melhoria,1,2,1226.644,535.5441,663.7702,0.0,0.0,0.003
312,melhoria,1,3,1224.8291,535.5441,663.7702,0.0,0.0,0.008
312,melhoria,3,6,1224.7333,535.5441,663.7702,0.0,0.0,0.053
312,saida,0,11,1224.7333,535.5441,663.7702,0.0,0.0,0.119
314,entrada,0,0,41114.8456,682.4982,21456.4136,18940.4789,0.0,0.0
314,melhoria,1,1,39288.3776,681.7119,19758.0305,18812.2221,0.0,0.001
314,melhoria,1,2,12216.7345,599.7903,7128.3216,4456.5109,0.0,0.002
314,melhoria,1,3,2085.9966,538.4276,1515.9649,0.0,0.0,0.003
314,melhoria,1,4,1281.0414,538.4276,710.3869,0.0,0.0,0.005
314,melhoria,1,5,593.9664,538.4276,21.1594,0.0,0.0,0.006
314,melhoria,1,6,591.1664,538.4276,21.1594,0.0,0.0,0.011
314,melhoria,3,9,591.1002,538.4276,21.1594,0.0,0.0,0.025
314,melhoria,1,10,565.85,538.4276,0.0,0.0,0.0,0.035
314,melhoria,1,11,565.8396,538.4276,0.0,0.0,0.0,0.039
314,melhoria,1,12,564.3267,538.4276,0.0,0.0,0.0,0.044
314,melhoria,2,14,564.2236,538.4276,0.0,0.0,0.0,0.054
314,melhoria,1,15,563.2865,538.4276,0.0,0.0,0.0,0.055
314,melhoria,3,18,561.9622,536.2307,0.0,0.0,0.0,0.084
314,melhoria,3,21,561.868,536.2307,0.0,0.0,0.0,0.114
314,melhoria,3,24,561.6994,536.2307,0.0,0.0,0.0,0.149
314,saida,0,29,561.6994,536.2307,0.0,0.0,0.0,0.216
314,entrada,0,0,561.6994,536.2307,0.0,0.0,0.0,0.0
314,saida,0,5,561.6994,536.2307,0.0,0.0,0.0,0.07
316,entrada,0,0,20389.9652,644.8903,10208.3169,9507.7167,0.0,0.0
316,melhoria,1,1,19960.6092,643.5828,9925.2775,9361.2711,0.0,0.002
316,melhoria,1,2,19617.1101,642.5367,9698.846,9244.1146,0.0,0.003
316,melhoria,1,3,19449.7196,642.5367,9533.0992,9244.1146,0.0,0.008
316,melhoria,1,4,19448.1088,642.5367,9533.0992,9244.1146,0.0,0.012
316,melhoria,1,5,19446.4732,642.5367,9533.0992,9244.1146,0.0,0.013
316,melhoria,1,6,19358.6521,642.5367,9447.6786,9244.1146,0.0,0.02
316,melhoria,2,8,19116.5818,638.3526,9678.1531,8775.4887,0.0,0.029
316,melhoria,1,9,18724.4791,638.3526,9286.0492,8775.4887,0.0,0.03
316,melhoria,1,10,18581.5263,638.3526,9141.4618,8775.4887,0.0,0.03
316,melhoria,1,11,18366.7488,637.3065,9043.5524,8658.3322,0.0,0.032
316,melhoria,1,12,17760.3441,634.3646,8768.1824,8328.8296,0.0,0.033
316,melhoria,1,13,17759.6164,634.3646,8768.1824,8328.8296,0.0,0.036
316,melhoria,3,16,17759.3202,634.3646,8768.1824,8328.8296,0.0,0.048
316,melhoria,3,19,16678.7191,629.1344,8278.6357,7743.0472,0.0,0.059
316,melhoria,2,21,16593.1221,629.1344,8193.2152,7743.0472,0.0,0.067
316,melhoria,1,22,16592.2933,629.1344,8193.2152,7743.0472,0.0,0.069
316,melhoria,3,25,15769.8724,624.9502,7843.8967,7274.4213,0.0,0.082
316,melhoria,1,26,15285.7972,622.5966,7623.6007,7010.8192,0.0,0.089
316,melhoria,1,27,14949.0479,620.9622,7470.6173,6827.7622,0.0,0.09
316,melhoria,3,30,14948.9621,620.9622,7470.6173,6827.7622,0.0,0.097
316,melhoria,3,33,14948.7447,620.9622,7470.6173,6827.7622,0.0,0.123
316,melhoria,2,35,14948.6416,620.9622,7470.6173,6827.7622,0.0,0.132
316,melhoria,3,38,13598.1035,614.4244,6858.6839,6095.5342,0.0,0.145
316,melhoria,2,40,13597.9588,614.4244,6858.6839,6095.5342,0.0,0.154
316,melhoria,3,43,13597.9086,614.4244,6858.6839,6095.5342,0.0,0.191
316,saida,0,48,13597.9086,614.4244,6858.6839,6095.5342,0.0,0.254
317,entrada,0,0,36799.4597,674.4422,18154.1225,17936.3229,0.0,0.0
317,melhoria,1,1,36798.5139,674.4422,18154.1225,17936.3229,0.0,0.001
317,melhoria,1,2,36797.2238,674.4422,18154.1225,17936.3229,0.0,0.003
317,melhoria,1,3,36318.4687,674.4422,17998.1521,17611.2832,0.0,0.005
317,melhoria,1,4,26093.7978,674.4422,12434.0299,12954.2896,0.0,0.009
317,melhoria,1,5,26092.4603,674.4422,12434.0299,12954.2896,0.0,0.011
317,melhoria,3,8,25048.7297,670.0483,12022.759,12325.4074,0.0,0.037
317,melhoria,1,9,24539.4744,667.5767,11791.4191,12048.5904,0.0,0.039
317,melhoria,1,10,24537.2307,667.5767,11791.4191,12048.5904,0.0,0.042
317,melhoria,1,11,2032.1297,540.3157,1467.0337,0.0,0.0,0.047
317,melhoria,3,14,2032.0464,540.3157,1467.0337,0.0,0.0,0.06
317,melhoria,3,17,2031.7337,540.3157,1467.0337,0.0,0.0,0.074
317,melhoria,1,18,1630.0745,540.3157,1065.402,0.0,0.0,0.077
317,melhoria,1,19,1228.8208,541.5514,663.7702,0.0,0.0,0.078
317,melhoria,1,20,968.5423,543.0962,402.1809,0.0,0.0,0.082
317,melhoria,1,21,673.9236,542.7186,104.6989,0.0,0.0,0.086
317,melhoria,1,22,567.6431,538.9769,0.0,0.0,0.0,0.087
317,melhoria,1,23,565.2155,538.9769,0.0,0.0,0.0,0.088
317,melhoria,1,24,565.1234,538.9769,0.0,0.0,0.0,0.094
317,melhoria,1,25,563.6261,538.9769,0.0,0.0,0.0,0.095
317,melhoria,1,26,562.7119,538.9769,0.0,0.0,0.0,0.096
317,melhoria,3,29,562.6827,538.9769,0.0,0.0,0.0,0.106
317,melhoria,3,32,562.5987,538.9769,0.0,0.0,0.0,0.13
317,melhoria,3,35,562.464,538.9769,0.0,0.0,0.0,0.14
317,melhoria,2,37,562.3608,538.9769,0.0,0.0,0.0,0.149
317,melhoria,1,38,561.4238,538.9769,0.0,0.0,0.0,0.155
317,melhoria,3,41,561.3069,538.9769,0.0,0.0,0.0,0.201
317,melhoria,1,42,560.5792,538.9769,0.0,0.0,0.0,0.204
317,melhoria,3,45,560.4079,538.9769,0.0,0.0,0.0,0.219
317,melhoria,3,48,557.5174,536.2307,0.0,0.0,0.0,0.23
317,melhoria,1,49,557.5099,536.2307,0.0,0.0,0.0,0.233
317,saida,0,54,557.5099,536.2307,0.0,0.0,0.0,0.299
317,entrada,0,0,557.5099,536.2307,0.0,0.0,0.0,0.0
317,saida,0,5,557.5099,536.2307,0.0,0.0,0.0,0.066
317,entrada,0,0,557.5099,536.2307,0.0,0.0,0.0,0.0
317,saida,0,5,557.5099,536.2307,0.0,0.0,0.0,0.066
317,entrada,0,0,557.5099,536.2307,0.0,0.0,0.0,0.0
317,saida,0,5,557.5099,536.2307,0.0,0.0,0.0,0.066
318,entrada,0,0,9801.0506,539.6634,2960.1268,6273.1472,0.0,0.0
318,melhoria,1,1,947.4749,539.6634,378.625,0.0,0.0,0.0
318,melhoria,2,3,946.2288,538.4276,378.625,0.0,0.0,0.009
318,melhoria,3,6,946.0648,538.4276,378.625,0.0,0.0,0.027
318,melhoria,3,9,946.0474,538.4276,378.625,0.0,0.0,0.057
318,melhoria,2,11,943.8322,536.2307,378.625,0.0,0.0,0.066
318,melhoria,3,14,943.8315,536.2307,378.625,0.0,0.0,0.087
318,melhoria,3,17,943.677,536.2307,378.625,0.0,0.0,0.098
318,melhoria,3,20,943.594,536.2307,378.625,0.0,0.0,0.121
318,melhoria,3,23,565.0008,536.2307,0.0,0.0,0.0,0.132
318,melhoria,2,25,564.8212,536.2307,0.0,0.0,0.0,0.142
318,melhoria,3,28,564.8147,536.2307,0.0,0.0,0.0,0.155
318,melhoria,3,31,564.7497,536.2307,0.0,0.0,0.0,0.194
318,melhoria,3,34,564.4189,536.2307,0.0,0.0,0.0,0.238
318,melhoria,1,35,563.4856,536.2307,0.0,0.0,0.0,0.239
318,melhoria,1,36,561.961,536.2307,0.0,0.0,0.0,0.241
318,melhoria,1,37,560.5488,536.2307,0.0,0.0,0.0,0.245
318,melhoria,3,40,560.5212,536.2307,0.0,0.0,0.0,0.263
318,melhoria,3,43,560.5158,536.2307,0.0,0.0,0.0,0.297
318,melhoria,3,46,560.4333,536.2307,0.0,0.0,0.0,0.335
318,saida,0,51,560.4333,536.2307,0.0,0.0,0.0,0.399
318,entrada,0,0,560.4333,536.2307,0.0,0.0,0.0,0.0
318,saida,0,5,560.4333,536.2307,0.0,0.0,0.0,0.063
319,entrada,0,0,8055.338,481.0003,4374.7782,3173.9773,0.0,0.0
319,melhoria,1,1,798.7895,539.6634,230.008,0.0,0.0,0.0
319,melhoria,1,2,565.84,539.6634,0.0,0.0,0.0,0.003
319,melhoria,1,3,565.8233,539.6634,0.0,0.0,0.0,0.005
319,melhoria,1,4,563.4105,539.6634,0.0,0.0,0.0,0.009
319,melhoria,1,5,529.1471,483.5184,21.1594,0.0,0.0,0.011
319,melhoria,1,6,448.0322,425.1918,0.0,0.0,0.0,0.012
319,saida,0,11,448.0322,425.1918,0.0,0.0,0.0,0.076
319,entrada,0,0,448.0322,425.1918,0.0,0.0,0.0,0.0
319,saida,0,5,448.0322,425.1918,0.0,0.0,0.0,0.058
319,entrada,0,0,448.0322,425.1918,0.0,0.0,0.0,0.0
319,saida,0,5,448.0322,425.1918,0.0,0.0,0.0,0.061
319,entrada,0,0,448.0322,425.1918,0.0,0.0,0.0,0.0
319,saida,0,5,448.0322,425.1918,0.0,0.0,0.0,0.064
320,entrada,0,0,13409.5043,533.5044,10291.7772,2556.6188,0.0,0.0
320,melhoria,3,3,13409.4215,533.5044,10291.7772,2556.6188,0.0,0.023
320,melhoria,3,6,13386.766,511.1211,10291.7772,2556.6188,0.0,0.043
320,melhoria,1,7,11081.9085,601.8326,5637.7749,4810.4846,0.0,0.044
320,melhoria,1,8,11080.9704,601.8326,5637.7749,4810.4846,0.0,0.047
320,melhoria,1,9,564.4018,536.2307,0.0,0.0,0.0,0.053
320,melhoria,3,12,564.3028,536.2307,0.0,0.0,0.0,0.068
320,melhoria,3,15,564.2983,536.2307,0.0,0.0,0.0,0.102
320,melhoria,3,18,564.2757,536.2307,0.0,0.0,0.0,0.133
320,melhoria,3,21,564.2653,536.2307,0.0,0.0,0.0,0.16
320,saida,0,26,564.2653,536.2307,0.0,0.0,0.0,0.235
320,entrada,0,0,564.2653,536.2307,0.0,0.0,0.0,0.0
320,saida,0,5,564.2653,536.2307,0.0,0.0,0.0,0.068
321,entrada,0,0,6451.5498,524.6543,3962.8436,1934.4189,0.0,0.0
321,melhoria,1,1,1998.5299,524.6543,1444.7809,0.0,0.0,0.005
321,melhoria,1,2,1991.0249,524.6543,1438.7846,0.0,0.0,0.008
321,melhoria,3,5,1990.9243,524.0563,1438.7846,0.0,0.0,0.018
321,melhoria,1,6,1911.9191,524.0563,1358.4583,0.0,0.0,0.022
321,melhoria,3,9,1889.2828,501.6283,1358.4583,0.0,0.0,0.031
321,melhoria,3,12,1333.1912,501.6283,802.4808,0.0,0.0,0.045
321,melhoria,3,15,1323.8765,492.4876,802.4808,0.0,0.0,0.076
321,melhoria,3,18,1174.1663,492.4876,652.7992,0.0,0.0,0.108
321,melhoria,1,19,1069.8513,542.4096,498.5726,0.0,0.0,0.111
321,melhoria,1,20,812.81,543.9544,241.5282,0.0,0.0,0.115
321,melhoria,1,21,540.0134,492.4876,21.1594,0.0,0.0,0.115
321,melhoria,3,24,539.9643,492.4238,21.1594,0.0,0.0,0.129
321,melhoria,1,25,539.1414,492.4238,21.1594,0.0,0.0,0.132
321,melhoria,1,26,538.239,492.4238,21.1594,0.0,0.0,0.137
321,melhoria,3,29,528.9579,483.2194,21.1594,0.0,0.0,0.148
321,melhoria,3,32,516.5318,470.896,21.1594,0.0,0.0,0.158
321,melhoria,3,35,516.4428,470.896,21.1594,0.0,0.0,0.166
321,melhoria,3,38,516.326,470.896,21.1594,0.0,0.0,0.18
321,melhoria,3,41,516.3042,470.896,21.1594,0.0,0.0,0.194
321,melhoria,3,44,516.1559,470.896,21.1594,0.0,0.0,0.204
321,melhoria,3,47,516.1506,470.896,21.1594,0.0,0.0,0.25
321,melhoria,3,50,516.0663,470.896,21.1594,0.0,0.0,0.295
321,saida,0,55,516.0663,470.896,21.1594,0.0,0.0,0.356
321,entrada,0,0,516.0663,470.896,21.1594,0.0,0.0,0.0
321,saida,0,5,516.0663,470.896,21.1594,0.0,0.0,0.07
321,entrada,0,0,516.0663,470.896,21.1594,0.0,0.0,0.0
321,saida,0,5,516.0663,470.896,21.1594,0.0,0.0,0.06
321,entrada,0,0,516.0663,470.896,21.1594,0.0,0.0,0.0
321,saida,0,5,516.0663,470.896,21.1594,0.0,0.0,0.061
322,entrada,0,0,15772.9414,543.0962,7935.5009,7267.099,0.0,0.0
322,melhoria,2,2,587.236,539.6634,21.1594,0.0,0.0,0.007
322,melhoria,1,3,566.3712,541.2082,0.0,0.0,0.0,0.012
322,melhoria,1,4,566.0689,539.6634,0.0,0.0,0.0,0.014
322,melhoria,1,5,564.713,539.6634,0.0,0.0,0.0,0.017
322,melhoria,1,6,564.5696,538.9769,0.0,0.0,0.0,0.017
322,melhoria,1,7,563.6382,538.9769,0.0,0.0,0.0,0.024
322,melhoria,3,10,563.4429,538.9769,0.0,0.0,0.0,0.047
322,melhoria,1,11,562.6669,538.9769,0.0,0.0,0.0,0.05
322,melhoria,1,12,562.494,539.6634,0.0,0.0,0.0,0.054
322,melhoria,1,13,562.3427,538.9769,0.0,0.0,0.0,0.055
322,melhoria,3,16,562.2219,538.9769,0.0,0.0,0.0,0.071
322,melhoria,3,19,559.8357,536.2307,0.0,0.0,0.0,0.085
322,melhoria,2,21,559.7572,536.2307,0.0,0.0,0.0,0.094
322,melhoria,2,23,559.6417,536.2307,0.0,0.0,0.0,0.104
322,melhoria,3,26,559.5328,536.2307,0.0,0.0,0.0,0.119
322,saida,0,31,559.5328,536.2307,0.0,0.0,0.0,0.181
322,entrada,0,0,559.5328,536.2307,0.0,0.0,0.0,0.0
322,saida,0,5,559.5328,536.2307,0.0,0.0,0.0,0.065
322,entrada,0,0,559.5328,536.2307,0.0,0.0,0.0,0.0
322,saida,0,5,559.5328,536.2307,0.0,0.0,0.0,0.062
322,entrada,0,0,559.5328,536.2307,0.0,0.0,0.0,0.0
322,saida,0,5,559.5328,536.2307,0.0,0.0,0.0,0.065
323,entrada,0,0,8055.338,481.0003,4374.7782,3173.9773,0.0,0.0
323,melhoria,1,1,569.7702,539.6634,0.0,0.0,0.0,0.0
323,melhoria,1,2,568.2665,539.6634,0.0,0.0,0.0,0.001
323,melhoria,1,3,565.8537,539.6634,0.0,0.0,0.0,0.005
323,melhoria,1,4,531.5903,483.5184,21.1594,0.0,0.0,0.005
323,melhoria,1,5,450.4754,425.1918,0.0,0.0,0.0,0.009
323,melhoria,1,6,448.0322,425.1918,0.0,0.0,0.0,0.012
323,saida,0,11,448.0322,425.1918,0.0,0.0,0.0,0.075
323,entrada,0,0,448.0322,425.1918,0.0,0.0,0.0,0.0
323,saida,0,5,448.0322,425.1918,0.0,0.0,0.0,0.06
323,entrada,0,0,448.0322,425.1918,0.0,0.0,0.0,0.0
323,saida,0,5,448.0322,425.1918,0.0,0.0,0.0,0.06
323,entrada,0,0,448.0322,425.1918,0.0,0.0,0.0,0.0
323,saida,0,5,448.0322,425.1918,0.0,0.0,0.0,0.059
324,entrada,0,0,4630.4411,538.9769,2220.0912,1843.6406,0.0,0.0
324,melhoria,1,1,1962.089,539.6634,1395.5614,0.0,0.0,0.0
324,melhoria,1,2,1045.769,539.6634,478.0711,0.0,0.0,0.001
324,melhoria,1,3,809.0164,529.6983,251.1674,0.0,0.0,0.003
324,melhoria,1,4,808.083,529.6983,251.1674,0.0,0.0,0.005
324,melhoria,1,5,530.0045,483.4586,21.1594,0.0,0.0,0.007
324,melhoria,3,8,529.8904,483.4586,21.1594,0.0,0.0,0.047
324,melhoria,1,9,529.4103,483.4586,21.1594,0.0,0.0,0.05
324,melhoria,3,12,529.0536,483.327,21.1594,0.0,0.0,0.08
324,melhoria,1,13,448.1469,425.1918,0.0,0.0,0.0,0.085
324,saida,0,18,448.1469,425.1918,0.0,0.0,0.0,0.146
324,entrada,0,0,448.1469,425.1918,0.0,0.0,0.0,0.0
324,saida,0,5,448.1469,425.1918,0.0,0.0,0.0,0.063
324,entrada,0,0,448.1469,425.1918,0.0,0.0,0.0,0.0
324,saida,0,5,448.1469,425.1918,0.0,0.0,0.0,0.063
324,entrada,0,0,448.1469,425.1918,0.0,0.0,0.0,0.0
324,melhoria,3,3,448.1124,425.1918,0.0,0.0,0.0,0.03
324,saida,0,8,448.1124,425.1918,0.0,0.0,0.0,0.093
325,entrada,0,0,568.6012,538.9769,0.0,0.0,0.0,0.0
325,melhoria,1,1,567.6842,538.9769,0.0,0.0,0.0,0.001
325,melhoria,1,2,567.2955,538.9769,0.0,0.0,0.0,0.003
325,melhoria,1,3,566.22,538.9769,0.0,0.0,0.0,0.006
325,melhoria,2,5,566.0778,538.9769,0.0,0.0,0.0,0.014
325,melhoria,3,8,565.9919,538.9769,0.0,0.0,0.0,0.037
325,melhoria,3,11,565.8096,538.9769,0.0,0.0,0.0,0.047
325,melhoria,1,12,565.2227,538.9769,0.0,0.0,0.0,0.051
325,melhoria,2,14,565.213,538.9769,0.0,0.0,0.0,0.061
325,melhoria,1,15,564.6303,538.9769,0.0,0.0,0.0,0.066
325,melhoria,3,18,564.411,538.9769,0.0,0.0,0.0,0.09
325,melhoria,3,21,564.3827,538.9769,0.0,0.0,0.0,0.105
325,melhoria,3,24,564.3551,538.9769,0.0,0.0,0.0,0.122
325,melhoria,3,27,564.1661,538.9769,0.0,0.0,0.0,0.138
325,melhoria,3,30,564.1554,538.9769,0.0,0.0,0.0,0.177
325,melhoria,3,33,564.0316,538.9769,0.0,0.0,0.0,0.212
325,melhoria,3,36,563.8625,538.9769,0.0,0.0,0.0,0.239
325,melhoria,1,37,563.2592,538.9769,0.0,0.0,0.0,0.242
325,melhoria,3,40,563.1566,538.9769,0.0,0.0,0.0,0.287
325,melhoria,3,43,562.5341,538.9769,0.0,0.0,0.0,0.306
325,melhoria,3,46,560.8248,536.2307,0.0,0.0,0.0,0.325
325,melhoria,3,49,560.788,536.2307,0.0,0.0,0.0,0.358
325,melhoria,3,52,560.6998,536.2307,0.0,0.0,0.0,0.372
325,melhoria,3,55,560.687,536.2307,0.0,0.0,0.0,0.395
325,melhoria,3,58,560.6166,536.2307,0.0,0.0,0.0,0.427
325,saida,0,63,560.6166,536.2307,0.0,0.0,0.0,0.5
326,entrada,0,0,1249.9155,543.0962,680.3847,0.0,0.0,0.0
326,melhoria,1,1,966.7945,541.8604,396.0681,0.0,0.0,0.001
326,melhoria,1,2,966.296,541.8604,396.0681,0.0,0.0,0.004
326,melhoria,1,3,937.7902,540.6246,363.6243,0.0,0.0,0.005
326,melhoria,1,4,936.0269,540.6246,363.6243,0.0,0.0,0.01
326,melhoria,1,5,934.5326,540.6246,363.6243,0.0,0.0,0.017
326,melhoria,1,6,933.2269,540.6246,363.6243,0.0,0.0,0.025
326,melhoria,3,9,933.0974,540.6246,363.6243,0.0,0.0,0.04
326,melhoria,1,10,932.16,540.6246,363.6243,0.0,0.0,0.043
326,melhoria,1,11,608.484,540.6246,42.3189,0.0,0.0,0.049
326,melhoria,3,14,563.5361,538.4276,0.0,0.0,0.0,0.06
326,melhoria,3,17,563.0335,538.4276,0.0,0.0,0.0,0.077
326,melhoria,3,20,562.9505,538.4276,0.0,0.0,0.0,0.114
326,saida,0,25,562.9505,538.4276,0.0,0.0,0.0,0.176
326,entrada,0,0,562.9505,538.4276,0.0,0.0,0.0,0.0
326,saida,0,5,562.9505,538.4276,0.0,0.0,0.0,0.06
329,entrada,0,0,568.2603,539.6634,0.0,0.0,0.0,0.0
329,melhoria,1,1,567.3448,539.6634,0.0,0.0,0.0,0.003
329,melhoria,1,2,567.2621,538.9769,0.0,0.0,0.0,0.003
329,melhoria,1,3,564.4621,538.9769,0.0,0.0,0.0,0.005
329,melhoria,1,4,562.2219,538.9769,0.0,0.0,0.0,0.01
329,melhoria,3,7,560.1142,536.2307,0.0,0.0,0.0,0.026
329,melhoria,3,10,559.7119,536.2307,0.0,0.0,0.0,0.057
329,melhoria,2,12,559.6168,536.2307,0.0,0.0,0.0,0.066
329,melhoria,3,15,559.2466,536.2307,0.0,0.0,0.0,0.108
329,saida,0,20,559.2466,536.2307,0.0,0.0,0.0,0.168
329,entrada,0,0,559.2466,536.2307,0.0,0.0,0.0,0.0
329,saida,0,5,559.2466,536.2307,0.0,0.0,0.0,0.063
329,entrada,0,0,559.2466,536.2307,0.0,0.0,0.0,0.0
329,saida,0,5,559.2466,536.2307,0.0,0.0,0.0,0.061
329,entrada,0,0,559.2466,536.2307,0.0,0.0,0.0,0.0
329,saida,0,5,559.2466,536.2307,0.0,0.0,0.0,0.064
331,entrada,0,0,11899.5586,532.7979,9110.1012,2230.1108,0.0,0.0
331,melhoria,1,1,8346.6641,581.8365,5290.1625,2445.6836,0.0,0.001
331,melhoria,1,2,6941.7778,582.4177,3820.5368,2510.7825,0.0,0.005
331,melhoria,1,3,6941.5241,582.4177,3820.5368,2510.7825,0.0,0.005
331,melhoria,1,4,6939.1648,582.4177,3820.5368,2510.7825,0.0,0.01
331,melhoria,3,7,561.5086,536.2307,0.0,0.0,0.0,0.026
331,melhoria,1,8,560.5708,536.2307,0.0,0.0,0.0,0.026
331,melhoria,3,11,560.5397,536.2307,0.0,0.0,0.0,0.044
331,melhoria,3,14,560.4348,536.2307,0.0,0.0,0.0,0.062
331,saida,0,19,560.4348,536.2307,0.0,0.0,0.0,0.125
331,entrada,0,0,560.4348,536.2307,0.0,0.0,0.0,0.0
331,saida,0,5,560.4348,536.2307,0.0,0.0,0.0,0.065
331,entrada,0,0,34495.6078,700.8744,16375.1152,17394.895,0.0,0.0
331,melhoria,1,1,34494.0912,700.8744,16375.1152,17394.895,0.0,0.0
331,melhoria,1,2,34493.5162,700.8744,16375.1152,17394.895,0.0,0.001
331,melhoria,1,3,34492.5828,700.8744,16375.1152,17394.895,0.0,0.001
331,melhoria,1,4,34492.0095,700.8744,16375.1152,17394.895,0.0,0.001
331,melhoria,1,5,34491.0728,700.8744,16375.1152,17394.895,0.0,0.006
331,melhoria,3,8,33092.0427,696.4805,15718.24,16656.7164,0.0,0.012
331,melhoria,1,9,32740.243,695.382,15551.1612,16472.1718,0.0,0.013
331,melhoria,1,10,32730.0792,695.382,15539.7212,16472.1718,0.0,0.016
331,melhoria,1,11,32290.0841,694.0089,15330.8727,16241.491,0.0,0.018
331,melhoria,1,12,32288.2202,694.0089,15330.8727,16241.491,0.0,0.021
331,melhoria,1,13,32287.638,694.0089,15330.8727,16241.491,0.0,0.024
331,melhoria,3,16,30877.0726,689.615,14662.5575,15503.3124,0.0,0.035
331,melhoria,1,17,30524.8319,688.5165,14495.4787,15318.7678,0.0,0.038
331,melhoria,1,18,30524.8312,688.5165,14495.4787,15318.7678,0.0,0.04
331,melhoria,3,21,29114.2608,684.1226,13827.1634,14580.5892,0.0,0.052
331,melhoria,3,24,29018.907,678.6302,14659.0714,13657.866,0.0,0.065
331,melhoria,2,26,28910.0801,678.6302,14550.0274,13657.866,0.0,0.072
331,melhoria,2,28,28910.0192,678.6302,14550.0274,13657.866,0.0,0.078
331,melhoria,2,30,28909.8996,678.6302,14550.0274,13657.866,0.0,0.084
331,melhoria,3,33,28076.09,678.6302,13715.9799,13657.866,0.0,0.093
331,melhoria,2,35,28076.0534,678.6302,13715.9799,13657.866,0.0,0.1
331,melhoria,2,37,28052.6448,678.6302,13692.3459,13657.866,0.0,0.107
331,melhoria,2,39,28052.5838,678.6302,13692.3459,13657.866,0.0,0.117
331,melhoria,3,42,27810.1031,678.6302,13450.3639,13657.866,0.0,0.128
331,melhoria,2,44,27809.9846,678.6302,13450.3639,13657.866,0.0,0.134
331,melhoria,3,47,27520.3408,678.6302,13160.4964,13657.866,0.0,0.151
331,melhoria,2,49,27520.3042,678.6302,13160.4964,13657.866,0.0,0.16
331,melhoria,3,52,27520.0696,678.6302,13160.4964,13657.866,0.0,0.185
331,melhoria,1,53,27352.2283,678.6302,12991.7694,13657.866,0.0,0.186
331,melhoria,1,54,26912.7188,677.2571,12782.9209,13427.1852,0.0,0.189
331,melhoria,1,55,26910.8521,677.2571,12782.9209,13427.1852,0.0,0.191
331,melhoria,3,58,26910.2051,677.2571,12782.9209,13427.1852,0.0,0.21
331,melhoria,1,59,26898.6342,676.1586,12955.5971,13242.6406,0.0,0.215
331,melhoria,3,62,25550.8464,671.7647,12336.5907,12517.6414,0.0,0.226
331,melhoria,1,63,25539.6749,670.0483,12518.4029,12325.4074,0.0,0.233
331,melhoria,3,66,25386.6006,670.0483,12365.2239,12325.4074,0.0,0.246
331,melhoria,3,69,25386.5868,670.0483,12365.2239,12325.4074,0.0,0.259
331,melhoria,3,72,25386.5849,670.0483,12365.2239,12325.4074,0.0,0.277
331,melhoria,3,75,25386.4525,670.0483,12365.2239,12325.4074,0.0,0.291
331,melhoria,3,78,25386.3859,670.0483,12365.2239,12325.4074,0.0,0.311
331,melhoria,1,79,12638.593,595.1256,8084.9183,3934.0659,0.0,0.315
331,melhoria,1,80,12637.656,595.1256,8084.9183,3934.0659,0.0,0.322
331,melhoria,3,83,12335.6666,599.7903,7256.1084,4456.5109,0.0,0.343
331,melhoria,1,84,12334.453,599.7903,7256.1084,4456.5109,0.0,0.348
331,melhoria,1,85,12333.1056,599.7903,7256.1084,4456.5109,0.0,0.352
331,melhoria,1,86,2366.6627,537.5695,1809.4986,0.0,0.0,0.356
331,melhoria,2,88,2366.6567,537.5695,1809.4986,0.0,0.0,0.365
331,melhoria,3,91,2366.5644,537.5695,1809.4986,0.0,0.0,0.407
331,saida,0,96,2366.5644,537.5695,1809.4986,0.0,0.0,0.472
333,entrada,0,0,587.236,539.6634,21.1594,0.0,0.0,0.0
333,melhoria,1,1,585.8801,539.6634,21.1594,0.0,0.0,0.002
333,melhoria,1,2,564.713,539.6634,0.0,0.0,0.0,0.01
333,melhoria,1,3,564.5696,538.9769,0.0,0.0,0.0,0.011
333,melhoria,1,4,563.6382,538.9769,0.0,0.0,0.0,0.018
333,melhoria,3,7,563.5369,538.9769,0.0,0.0,0.0,0.047
333,melhoria,2,9,563.4569,538.9769,0.0,0.0,0.0,0.055
333,melhoria,3,12,560.6522,536.2307,0.0,0.0,0.0,0.079
333,melhoria,1,13,560.5582,536.2307,0.0,0.0,0.0,0.084
333,melhoria,3,16,560.5518,536.2307,0.0,0.0,0.0,0.108
333,melhoria,3,19,560.4725,536.2307,0.0,0.0,0.0,0.165
333,melhoria,1,20,559.8691,536.2307,0.0,0.0,0.0,0.17
333,melhoria,3,23,559.7092,536.2307,0.0,0.0,0.0,0.201
333,melhoria,3,26,559.6368,536.2307,0.0,0.0,0.0,0.247
333,saida,0,31,559.6368,536.2307,0.0,0.0,0.0,0.325
333,entrada,0,0,559.6368,536.2307,0.0,0.0,0.0,0.0
333,melhoria,3,3,559.4938,536.2307,0.0,0.0,0.0,0.047
333,saida,0,8,559.4938,536.2307,0.0,0.0,0.0,0.115
333,entrada,0,0,559.4938,536.2307,0.0,0.0,0.0,0.0
333,saida,0,5,559.4938,536.2307,0.0,0.0,0.0,0.073
333,entrada,0,0,559.4938,536.2307,0.0,0.0,0.0,0.0
333,saida,0,5,559.4938,536.2307,0.0,0.0,0.0,0.062
335,entrada,0,0,8059.2991,481.0003,4374.7782,3173.9773,0.0,0.0
335,melhoria,1,1,570.7035,539.6634,0.0,0.0,0.0,0.0
335,melhoria,1,2,568.3031,539.6634,0.0,0.0,0.0,0.0
335,melhoria,1,3,568.0702,517.1958,21.1594,0.0,0.0,0.003
335,melhoria,1,4,531.5903,483.5184,21.1594,0.0,0.0,0.006
335,melhoria,1,5,450.4754,425.1918,0.0,0.0,0.0,0.006
335,melhoria,1,6,449.542,425.1918,0.0,0.0,0.0,0.007
335,melhoria,1,7,448.0322,425.1918,0.0,0.0,0.0,0.012
335,saida,0,12,448.0322,425.1918,0.0,0.0,0.0,0.075
335,entrada,0,0,448.0322,425.1918,0.0,0.0,0.0,0.0
335,saida,0,5,448.0322,425.1918,0.0,0.0,0.0,0.061
335,entrada,0,0,448.0322,425.1918,0.0,0.0,0.0,0.0
335,saida,0,5,448.0322,425.1918,0.0,0.0,0.0,0.061
335,entrada,0,0,448.0322,425.1918,0.0,0.0,0.0,0.0
335,saida,0,5,448.0322,425.1918,0.0,0.0,0.0,0.057
336,entrada,0,0,1506.9631,482.9618,995.264,0.0,0.0,0.0
336,melhoria,1,1,1498.1087,482.9618,988.5923,0.0,0.0,0.002
336,melhoria,1,2,1073.0522,430.5126,617.3103,0.0,0.0,0.002
336,melhoria,1,3,1072.2225,430.5126,617.3103,0.0,0.0,0.003
336,melhoria,1,4,1071.6491,430.5126,617.3103,0.0,0.0,0.004
336,melhoria,1,5,873.7372,541.8604,305.8897,0.0,0.0,0.005
336,melhoria,1,6,611.3195,540.6246,42.3189,0.0,0.0,0.007
336,melhoria,1,7,609.4529,540.6246,42.3189,0.0,0.0,0.009
336,melhoria,1,8,607.9362,540.6246,42.3189,0.0,0.0,0.009
336,melhoria,3,11,585.0975,538.4276,21.1594,0.0,0.0,0.029
336,melhoria,1,12,584.6206,539.6634,21.1594,0.0,0.0,0.03
336,melhoria,1,13,584.4568,538.4276,21.1594,0.0,0.0,0.034
336,melhoria,1,14,583.7801,539.6634,21.1594,0.0,0.0,0.035
336,melhoria,3,17,580.4653,536.2307,21.1594,0.0,0.0,0.048
336,melhoria,2,19,580.449,536.2307,21.1594,0.0,0.0,0.055
336,melhoria,2,21,580.3292,536.2307,21.1594,0.0,0.0,0.064
336,melhoria,1,22,578.4786,536.2307,21.1594,0.0,0.0,0.07
336,melhoria,3,25,578.3927,536.2307,21.1594,0.0,0.0,0.081
336,melhoria,3,28,578.309,536.2307,21.1594,0.0,0.0,0.091
336,melhoria,3,31,557.5099,536.2307,0.0,0.0,0.0,0.117
336,saida,0,36,557.5099,536.2307,0.0,0.0,0.0,0.187
336,entrada,0,0,557.5099,536.2307,0.0,0.0,0.0,0.0
336,saida,0,5,557.5099,536.2307,0.0,0.0,0.0,0.066
336,entrada,0,0,557.5099,536.2307,0.0,0.0,0.0,0.0
336,saida,0,5,557.5099,536.2307,0.0,0.0,0.0,0.062
336,entrada,0,0,557.5099,536.2307,0.0,0.0,0.0,0.0
336,saida,0,5,557.5099,536.2307,0.0,0.0,0.0,0.067
337,entrada,0,0,43614.3923,678.2855,29663.0026,13247.978,0.0,0.0
337,melhoria,1,1,43574.6593,678.2855,29622.207,13247.978,0.0,0.002
337,melhoria,2,3,43444.1904,678.2855,29491.6612,13247.978,0.0,0.012
337,melhoria,1,4,43412.8873,678.2855,29459.0248,13247.978,0.0,0.013
337,melhoria,2,6,43412.88,678.2855,29459.0248,13247.978,0.0,0.023
337,melhoria,2,8,43412.8717,678.2855,29459.0248,13247.978,0.0,0.031
337,melhoria,2,10,43412.6355,678.2855,29459.0248,13247.978,0.0,0.038
337,melhoria,1,11,43323.2523,677.8497,29418.2292,13199.1628,0.0,0.043
337,melhoria,3,14,42962.9571,676.1063,29255.047,13003.902,0.0,0.07
337,melhoria,3,17,42764.8029,673.927,29302.2006,12759.826,0.0,0.084
337,melhoria,1,18,42515.0498,673.927,29051.0692,12759.826,0.0,0.084
337,melhoria,2,20,32667.6422,673.927,19203.7583,12759.826,0.0,0.094
337,melhoria,1,21,32665.3598,673.927,19203.7583,12759.826,0.0,0.097
337,melhoria,1,22,32663.9222,673.927,19203.7583,12759.826,0.0,0.105
337,melhoria,1,23,32661.9764,673.927,19203.7583,12759.826,0.0,0.107
337,melhoria,2,25,32593.5457,673.927,19135.2132,12759.826,0.0,0.117
337,melhoria,3,28,26042.0807,627.2411,17859.643,7531.0062,0.0,0.158
337,melhoria,2,30,25877.3784,626.1951,17813.1425,7413.8497,0.0,0.169
337,melhoria,1,31,25757.7223,625.6067,17758.0685,7347.9492,0.0,0.175
337,melhoria,2,33,25757.6192,625.6067,17758.0685,7347.9492,0.0,0.186
337,melhoria,3,36,25757.5881,625.6067,17758.0685,7347.9492,0.0,0.224
337,melhoria,3,39,2374.5134,539.7664,1809.4986,0.0,0.0,0.242
337,melhoria,1,40,2372.6745,539.7664,1809.4986,0.0,0.0,0.246
337,melhoria,1,41,2370.4856,539.7664,1809.4986,0.0,0.0,0.251
337,melhoria,1,42,2031.0877,541.0022,1467.0337,0.0,0.0,0.254
337,melhoria,1,43,1228.3733,539.7664,663.7702,0.0,0.0,0.255
337,melhoria,2,45,1228.35,539.7664,663.7702,0.0,0.0,0.264
337,melhoria,2,47,906.8455,539.7664,342.4648,0.0,0.0,0.271
337,melhoria,3,50,906.8443,539.7664,342.4648,0.0,0.0,0.318
337,melhoria,3,53,905.1893,537.5695,342.4648,0.0,0.0,0.335
337,melhoria,2,55,904.9747,537.5695,342.4648,0.0,0.0,0.344
337,melhoria,3,58,904.819,537.5695,342.4648,0.0,0.0,0.366
337,melhoria,1,59,904.6833,538.8052,342.4648,0.0,0.0,0.371
337,saida,0,64,904.6833,538.8052,342.4648,0.0,0.0,0.437
337,entrada,0,0,904.6833,538.8052,342.4648,0.0,0.0,0.0
337,melhoria,4,4,585.5462,541.0022,21.1594,0.0,0.0,0.057
337,saida,0,9,585.5462,541.0022,21.1594,0.0,0.0,0.124
338,entrada,0,0,566.7424,539.6634,0.0,0.0,0.0,0.0
338,melhoria,1,1,565.8233,539.6634,0.0,0.0,0.0,0.001
338,melhoria,1,2,563.4105,539.6634,0.0,0.0,0.0,0.001
338,melhoria,1,3,529.1471,483.5184,21.1594,0.0,0.0,0.005
338,melhoria,1,4,448.0322,425.1918,0.0,0.0,0.0,0.009
338,saida,0,9,448.0322,425.1918,0.0,0.0,0.0,0.071
338,entrada,0,0,448.0322,425.1918,0.0,0.0,0.0,0.0
338,saida,0,5,448.0322,425.1918,0.0,0.0,0.0,0.062
338,entrada,0,0,448.0322,425.1918,0.0,0.0,0.0,0.0
338,saida,0,5,448.0322,425.1918,0.0,0.0,0.0,0.061
338,entrada,0,0,448.0322,425.1918,0.0,0.0,0.0,0.0
338,saida,0,5,448.0322,425.1918,0.0,0.0,0.0,0.063
339,entrada,0,0,8058.7145,481.0003,4374.7782,3173.9773,0.0,0.0
339,melhoria,1,1,569.188,539.6634,0.0,0.0,0.0,0.002
339,melhoria,1,2,567.3698,539.6634,0.0,0.0,0.0,0.003
339,melhoria,1,3,533.0939,483.5184,21.1594,0.0,0.0,0.007
339,melhoria,1,4,532.1606,483.5184,21.1594,0.0,0.0,0.008
339,melhoria,1,5,531.0954,483.5184,21.1594,0.0,0.0,0.01
339,melhoria,1,6,450.4754,425.1918,0.0,0.0,0.0,0.012
339,melhoria,1,7,448.9655,425.1918,0.0,0.0,0.0,0.013
339,melhoria,1,8,448.0322,425.1918,0.0,0.0,0.0,0.02
339,saida,0,13,448.0322,425.1918,0.0,0.0,0.0,0.079
339,entrada,0,0,448.0322,425.1918,0.0,0.0,0.0,0.0
339,saida,0,5,448.0322,425.1918,0.0,0.0,0.0,0.059
339,entrada,0,0,448.0322,425.1918,0.0,0.0,0.0,0.0
339,saida,0,5,448.0322,425.1918,0.0,0.0,0.0,0.063
339,entrada,0,0,448.0322,425.1918,0.0,0.0,0.0,0.0
339,saida,0,5,448.0322,425.1918,0.0,0.0,0.0,0.062
340,entrada,0,0,1187.2132,534.3364,623.9821,0.0,0.0,0.0
340,melhoria,1,1,518.829,492.5035,0.0,0.0,0.0,0.003
340,melhoria,3,4,509.5279,483.2792,0.0,0.0,0.0,0.024
340,melhoria,3,7,509.4275,483.2792,0.0,0.0,0.0,0.062
340,melhoria,3,10,509.2467,483.2792,0.0,0.0,0.0,0.12
340,melhoria,3,13,506.7558,480.809,0.0,0.0,0.0,0.135
340,saida,0,18,506.7558,480.809,0.0,0.0,0.0,0.198
340,entrada,0,0,506.7558,480.809,0.0,0.0,0.0,0.0
340,saida,0,5,506.7558,480.809,0.0,0.0,0.0,0.062
340,entrada,0,0,506.7558,480.809,0.0,0.0,0.0,0.0
340,saida,0,5,506.7558,480.809,0.0,0.0,0.0,0.061
340,entrada,0,0,506.7558,480.809,0.0,0.0,0.0,0.0
340,melhoria,4,4,499.6078,473.72,0.0,0.0,0.0,0.06
340,melhoria,2,6,499.188,473.208,0.0,0.0,0.0,0.067
340,melhoria,3,9,498.4442,472.408,0.0,0.0,0.0,0.077
340,saida,0,14,498.4442,472.408,0.0,0.0,0.0,0.139
341,entrada,0,0,8055.338,481.0003,4374.7782,3173.9773,0.0,0.0
341,melhoria,1,1,569.7702,539.6634,0.0,0.0,0.0,0.001
341,melhoria,1,2,568.8547,539.6634,0.0,0.0,0.0,0.001
341,melhoria,1,3,567.3698,539.6634,0.0,0.0,0.0,0.004
341,melhoria,1,4,533.0939,483.5184,21.1594,0.0,0.0,0.009
341,melhoria,1,5,531.5965,483.5184,21.1594,0.0,0.0,0.009
341,melhoria,1,6,530.6632,483.5184,21.1594,0.0,0.0,0.011
341,melhoria,1,7,449.542,425.1918,0.0,0.0,0.0,0.012
341,melhoria,1,8,448.0322,425.1918,0.0,0.0,0.0,0.015
341,saida,0,13,448.0322,425.1918,0.0,0.0,0.0,0.072
341,entrada,0,0,448.0322,425.1918,0.0,0.0,0.0,0.0
341,saida,0,5,448.0322,425.1918,0.0,0.0,0.0,0.061
341,entrada,0,0,448.0322,425.1918,0.0,0.0,0.0,0.0
341,saida,0,5,448.0322,425.1918,0.0,0.0,0.0,0.062
341,entrada,0,0,448.0322,425.1918,0.0,0.0,0.0,0.0
341,saida,0,5,448.0322,425.1918,0.0,0.0,0.0,0.065
342,entrada,0,0,2114.2011,482.1963,1605.7443,0.0,0.0,0.0
342,melhoria,1,1,1823.1368,482.1963,1316.5694,0.0,0.0,0.0
342,melhoria,1,2,1822.1984,482.1963,1316.5694,0.0,0.0,0.001
342,melhoria,1,3,1821.7345,482.1963,1316.5694,0.0,0.0,0.002
342,melhoria,1,4,1762.9879,544.6066,1191.2603,0.0,0.0,0.002
342,melhoria,1,5,1762.2601,544.6066,1191.2603,0.0,0.0,0.003
342,melhoria,1,6,1713.3511,544.6066,1141.2838,0.0,0.0,0.005
342,melhoria,1,7,1456.3401,546.1513,884.2394,0.0,0.0,0.006
342,melhoria,1,8,1130.7407,481.7658,623.9821,0.0,0.0,0.008
342,melhoria,1,9,962.1531,431.3708,508.2117,0.0,0.0,0.01
342,melhoria,1,10,961.5062,431.3708,508.2117,0.0,0.0,0.015
342,melhoria,3,13,961.4476,431.3708,508.2117,0.0,0.0,0.039
342,melhoria,2,15,961.3482,431.3708,508.2117,0.0,0.0,0.047
342,melhoria,3,18,961.3446,431.3708,508.2117,0.0,0.0,0.072
342,melhoria,1,19,960.44,431.3708,508.2117,0.0,0.0,0.073
342,melhoria,3,22,960.2612,431.3708,508.2117,0.0,0.0,0.081
342,melhoria,3,25,471.0028,428.6246,21.1594,0.0,0.0,0.105
342,melhoria,3,28,470.9132,428.6246,21.1594,0.0,0.0,0.129
342,melhoria,3,31,470.8465,428.6246,21.1594,0.0,0.0,0.15
342,melhoria,1,32,470.411,428.6246,21.1594,0.0,0.0,0.156
342,melhoria,3,35,470.1593,428.6246,21.1594,0.0,0.0,0.166
342,melhoria,3,38,470.0663,428.6246,21.1594,0.0,0.0,0.211
342,melhoria,3,41,470.0598,428.6246,21.1594,0.0,0.0,0.221
342,saida,0,46,470.0598,428.6246,21.1594,0.0,0.0,0.275
342,entrada,0,0,470.0598,428.6246,21.1594,0.0,0.0,0.0
342,saida,0,5,470.0598,428.6246,21.1594,0.0,0.0,0.055
342,entrada,0,0,470.0598,428.6246,21.1594,0.0,0.0,0.0
342,saida,0,5,470.0598,428.6246,21.1594,0.0,0.0,0.054
342,entrada,0,0,470.0598,428.6246,21.1594,0.0,0.0,0.0
342,saida,0,5,470.0598,428.6246,21.1594,0.0,0.0,0.056
343,entrada,0,0,1501.9801,482.005,995.264,0.0,0.0,0.0
343,melhoria,1,1,1501.4191,482.005,995.264,0.0,0.0,0.001
343,melhoria,1,2,1419.892,541.8604,853.8896,0.0,0.0,0.002
343,melhoria,1,3,1418.9562,541.8604,853.8896,0.0,0.0,0.003
343,melhoria,1,4,1356.0327,541.8604,789.6286,0.0,0.0,0.005
343,melhoria,1,5,1354.3054,541.8604,786.8252,0.0,0.0,0.011
343,melhoria,1,6,1352.9997,541.8604,786.8252,0.0,0.0,0.011
343,melhoria,1,7,1351.6399,541.8604,786.8252,0.0,0.0,0.012
343,melhoria,1,8,1239.5624,541.8604,677.1717,0.0,0.0,0.012
343,melhoria,1,9,1135.203,541.1738,572.4728,0.0,0.0,0.015
343,melhoria,1,10,1071.5678,540.6246,508.2117,0.0,0.0,0.017
343,melhoria,1,11,1008.6599,540.6246,443.9506,0.0,0.0,0.019
343,melhoria,3,14,728.1501,538.4276,165.7469,0.0,0.0,0.029
343,melhoria,1,15,679.243,538.4276,115.7703,0.0,0.0,0.031
343,melhoria,1,16,679.0682,538.9769,115.7703,0.0,0.0,0.032
343,melhoria,1,17,678.7589,539.6634,115.7703,0.0,0.0,0.034
343,melhoria,3,20,563.0942,539.6634,0.0,0.0,0.0,0.042
343,melhoria,3,23,563.009,539.6634,0.0,0.0,0.0,0.052
343,melhoria,3,26,562.919,539.6634,0.0,0.0,0.0,0.074
343,melhoria,3,29,562.9159,539.6634,0.0,0.0,0.0,0.109
343,melhoria,1,30,561.1232,539.6634,0.0,0.0,0.0,0.113
343,melhoria,1,31,560.9313,538.4276,0.0,0.0,0.0,0.119
343,melhoria,1,32,560.4448,539.6634,0.0,0.0,0.0,0.125
343,melhoria,3,35,556.8704,536.2307,0.0,0.0,0.0,0.148
343,saida,0,40,556.8704,536.2307,0.0,0.0,0.0,0.209
343,entrada,0,0,556.8704,536.2307,0.0,0.0,0.0,0.0
343,saida,0,5,556.8704,536.2307,0.0,0.0,0.0,0.063
343,entrada,0,0,556.8704,536.2307,0.0,0.0,0.0,0.0
343,saida,0,5,556.8704,536.2307,0.0,0.0,0.0,0.064
343,entrada,0,0,556.8704,536.2307,0.0,0.0,0.0,0.0
343,saida,0,5,556.8704,536.2307,0.0,0.0,0.0,0.068
344,entrada,0,0,8653.1671,481.0003,4374.7782,3771.2173,0.0,0.0
344,melhoria,1,1,719.946,538.9769,149.6816,0.0,0.0,0.001
344,melhoria,1,2,566.9081,538.9769,0.0,0.0,0.0,0.003
344,melhoria,1,3,565.0414,538.9769,0.0,0.0,0.0,0.007
344,melhoria,1,4,562.8012,538.9769,0.0,0.0,0.0,0.013
344,melhoria,2,6,562.7148,538.9769,0.0,0.0,0.0,0.022
344,melhoria,2,8,562.3929,538.9769,0.0,0.0,0.0,0.03
344,melhoria,3,11,562.3087,538.9769,0.0,0.0,0.0,0.065
344,melhoria,3,14,562.1469,538.9769,0.0,0.0,0.0,0.094
344,saida,0,19,562.1469,538.9769,0.0,0.0,0.0,0.156
344,entrada,0,0,562.1469,538.9769,0.0,0.0,0.0,0.0
344,saida,0,5,562.1469,538.9769,0.0,0.0,0.0,0.065
345,entrada,0,0,17775.6788,644.7728,7064.2787,10036.3101,0.0,0.0
345,melhoria,1,1,1331.2699,558.608,744.2206,0.0,0.0,0.0
345,melhoria,1,2,1295.3516,558.608,706.439,0.0,0.0,0.0
345,melhoria,1,3,1231.048,558.5442,642.1779,0.0,0.0,0.002
345,melhoria,1,4,921.6176,510.3595,385.1336,0.0,0.0,0.006
345,melhoria,1,5,862.9331,510.3595,323.7591,0.0,0.0,0.008
345,melhoria,3,8,758.4818,510.3595,219.3867,0.0,0.0,0.016
345,melhoria,3,11,731.1155,483.2194,219.3867,0.0,0.0,0.035
345,melhoria,3,14,532.8015,483.2194,21.1594,0.0,0.0,0.054
345,melhoria,1,15,530.9855,483.2194,21.1594,0.0,0.0,0.054
345,melhoria,3,18,530.6595,482.9802,21.1594,0.0,0.0,0.097
345,melhoria,3,21,518.4746,470.896,21.1594,0.0,0.0,0.112
345,melhoria,3,24,518.2856,470.896,21.1594,0.0,0.0,0.122
345,saida,0,29,518.2856,470.896,21.1594,0.0,0.0,0.186
345,entrada,0,0,518.2856,470.896,21.1594,0.0,0.0,0.0
345,melhoria,3,3,518.1705,470.896,21.1594,0.0,0.0,0.04
345,melhoria,3,6,518.0518,470.896,21.1594,0.0,0.0,0.081
345,saida,0,11,518.0518,470.896,21.1594,0.0,0.0,0.147
345,entrada,0,0,518.0518,470.896,21.1594,0.0,0.0,0.0
345,saida,0,5,518.0518,470.896,21.1594,0.0,0.0,0.062
345,entrada,0,0,518.0518,470.896,21.1594,0.0,0.0,0.0
345,saida,0,5,518.0518,470.896,21.1594,0.0,0.0,0.065
347,entrada,0,0,11899.5586,532.7979,9110.1012,2230.1108,0.0,0.0
347,melhoria,1,1,6941.6686,582.4177,3820.5368,2510.7825,0.0,0.001
347,melhoria,1,2,558.8778,533.4845,0.0,0.0,0.0,0.004
347,saida,0,7,558.8778,533.4845,0.0,0.0,0.0,0.071
347,entrada,0,0,558.8778,533.4845,0.0,0.0,0.0,0.0
347,saida,0,5,558.8778,533.4845,0.0,0.0,0.0,0.068
347,entrada,0,0,558.8778,533.4845,0.0,0.0,0.0,0.0
347,saida,0,5,558.8778,533.4845,0.0,0.0,0.0,0.068
347,entrada,0,0,558.8778,533.4845,0.0,0.0,0.0,0.0
347,saida,0,5,558.8778,533.4845,0.0,0.0,0.0,0.066
348,entrada,0,0,567.1913,538.2903,0.0,0.0,0.0,0.0
348,melhoria,1,1,565.3246,538.2903,0.0,0.0,0.0,0.0
348,melhoria,1,2,565.1231,538.9769,0.0,0.0,0.0,0.001
348,melhoria,1,3,563.0844,538.2903,0.0,0.0,0.0,0.003
348,melhoria,1,4,562.2219,538.9769,0.0,0.0,0.0,0.008
348,melhoria,3,7,559.8711,536.2307,0.0,0.0,0.0,0.039
348,melhoria,3,10,559.7119,536.2307,0.0,0.0,0.0,0.083
348,melhoria,2,12,559.6168,536.2307,0.0,0.0,0.0,0.09
348,saida,0,17,559.6168,536.2307,0.0,0.0,0.0,0.155
348,entrada,0,0,559.6168,536.2307,0.0,0.0,0.0,0.0
348,saida,0,5,559.6168,536.2307,0.0,0.0,0.0,0.074
348,entrada,0,0,559.6168,536.2307,0.0,0.0,0.0,0.0
348,melhoria,3,3,559.2466,536.2307,0.0,0.0,0.0,0.026
348,saida,0,8,559.2466,536.2307,0.0,0.0,0.0,0.093
348,entrada,0,0,559.2466,536.2307,0.0,0.0,0.0,0.0
348,saida,0,5,559.2466,536.2307,0.0,0.0,0.0,0.067
349,entrada,0,0,8055.338,481.0003,4374.7782,3173.9773,0.0,0.0
349,melhoria,1,1,567.5546,538.9769,0.0,0.0,0.0,0.0
349,melhoria,1,2,567.0022,539.6634,0.0,0.0,0.0,0.0
349,melhoria,1,3,566.0689,539.6634,0.0,0.0,0.0,0.004
349,melhoria,1,4,564.713,539.6634,0.0,0.0,0.0,0.006
349,melhoria,1,5,564.5696,538.9769,0.0,0.0,0.0,0.009
349,melhoria,1,6,563.6382,538.9769,0.0,0.0,0.0,0.014
349,melhoria,3,9,563.2478,538.9769,0.0,0.0,0.0,0.027
349,melhoria,1,10,562.9361,539.6634,0.0,0.0,0.0,0.028
349,melhoria,1,11,562.828,538.9769,0.0,0.0,0.0,0.031
349,melhoria,1,12,562.0552,538.9769,0.0,0.0,0.0,0.036
349,melhoria,1,13,561.907,539.6634,0.0,0.0,0.0,0.037
349,saida,0,18,561.907,539.6634,0.0,0.0,0.0,0.099
349,entrada,0,0,561.907,539.6634,0.0,0.0,0.0,0.0
349,saida,0,5,561.907,539.6634,0.0,0.0,0.0,0.066
351,entrada,0,0,567.1913,538.2903,0.0,0.0,0.0,0.0
351,melhoria,1,1,566.6392,538.9769,0.0,0.0,0.0,0.0
351,melhoria,1,2,565.1543,538.9769,0.0,0.0,0.0,0.007
351,melhoria,1,3,563.6382,538.9769,0.0,0.0,0.0,0.009
351,melhoria,3,6,563.1525,538.9769,0.0,0.0,0.0,0.027
351,melhoria,1,7,562.3771,538.9769,0.0,0.0,0.0,0.034
351,melhoria,2,9,562.2104,538.9769,0.0,0.0,0.0,0.043
351,melhoria,2,11,562.1962,538.9769,0.0,0.0,0.0,0.052
351,saida,0,16,562.1962,538.9769,0.0,0.0,0.0,0.126
352,entrada,0,0,1595.8961,483.7576,1086.5614,0.0,0.0,0.0
352,melhoria,1,1,1595.4323,483.7576,1086.5614,0.0,0.0,0.004
352,melhoria,1,2,1593.9196,483.7576,1086.5614,0.0,0.0,0.01
352,melhoria,2,4,1192.0377,483.7576,684.9297,0.0,0.0,0.019
352,melhoria,3,7,1191.7656,483.4586,684.9297,0.0,0.0,0.037
352,melhoria,3,10,1189.2868,481.0003,684.9297,0.0,0.0,0.067
352,melhoria,3,13,1189.1721,481.0003,684.9297,0.0,0.0,0.081
352,melhoria,3,16,1189.0829,481.0003,684.9297,0.0,0.0,0.111
352,saida,0,21,1189.0829,481.0003,684.9297,0.0,0.0,0.185
354,entrada,0,0,8074.9492,517.1958,5326.4749,2203.2597,0.0,0.0
354,melhoria,1,1,2585.8309,517.1479,2039.6371,0.0,0.0,0.0
354,melhoria,1,2,1756.2522,524.5586,1202.3318,0.0,0.0,0.002
354,melhoria,1,3,1755.5748,524.5586,1202.3318,0.0,0.0,0.002
354,melhoria,2,5,1658.1473,524.5586,1104.9176,0.0,0.0,0.012
354,melhoria,2,7,1177.1527,524.5586,623.9821,0.0,0.0,0.023
354,melhoria,1,8,1176.3071,524.5586,623.9821,0.0,0.0,0.032
354,melhoria,3,11,1145.4257,523.9606,593.6323,0.0,0.0,0.053
354,melhoria,3,14,1122.7246,501.4683,593.6323,0.0,0.0,0.074
354,melhoria,3,17,1122.549,501.4683,593.6323,0.0,0.0,0.098
354,melhoria,3,20,1113.5863,492.6789,593.6323,0.0,0.0,0.111
354,melhoria,3,23,1112.9287,492.6789,593.6323,0.0,0.0,0.127
354,melhoria,3,26,1027.6242,492.6789,508.2117,0.0,0.0,0.171
354,melhoria,2,28,1027.4177,492.36,508.2117,0.0,0.0,0.181
354,melhoria,1,29,1025.8252,492.36,508.2117,0.0,0.0,0.181
354,melhoria,1,30,1024.1967,492.36,508.2117,0.0,0.0,0.183
354,melhoria,2,32,1023.9034,492.1048,508.2117,0.0,0.0,0.191
354,melhoria,2,34,1023.8003,492.1048,508.2117,0.0,0.0,0.199
354,melhoria,3,37,1023.4381,491.7457,508.2117,0.0,0.0,0.213
354,melhoria,1,38,1007.914,471.408,508.2117,0.0,0.0,0.215
354,melhoria,3,41,1007.827,471.408,508.2117,0.0,0.0,0.243
354,melhoria,3,44,662.2807,470.896,163.2189,0.0,0.0,0.289
354,melhoria,1,45,605.5801,470.896,106.58,0.0,0.0,0.29
354,melhoria,1,46,603.7315,470.896,106.58,0.0,0.0,0.293
354,melhoria,1,47,603.0612,470.896,106.58,0.0,0.0,0.299
354,melhoria,3,50,603.0375,470.896,106.58,0.0,0.0,0.334
354,melhoria,2,52,602.9743,470.896,106.58,0.0,0.0,0.342
354,melhoria,3,55,517.4386,470.896,21.1594,0.0,0.0,0.353
354,melhoria,1,56,450.9114,427.0799,0.0,0.0,0.0,0.36
354,melhoria,3,59,449.189,425.1918,0.0,0.0,0.0,0.401
354,melhoria,3,62,449.133,425.1918,0.0,0.0,0.0,0.444
354,saida,0,67,449.133,425.1918,0.0,0.0,0.0,0.506
354,entrada,0,0,449.133,425.1918,0.0,0.0,0.0,0.0
354,saida,0,5,449.133,425.1918,0.0,0.0,0.0,0.063
354,entrada,0,0,449.133,425.1918,0.0,0.0,0.0,0.0
354,saida,0,5,449.133,425.1918,0.0,0.0,0.0,0.068
354,entrada,0,0,449.133,425.1918,0.0,0.0,0.0,0.0
354,melhoria,3,3,449.0118,425.1918,0.0,0.0,0.0,0.018
354,saida,0,8,449.0118,425.1918,0.0,0.0,0.0,0.084
355,entrada,0,0,8055.7237,481.0003,4374.7782,3173.9773,0.0,0.0
355,melhoria,1,1,567.7127,539.6634,0.0,0.0,0.0,0.0
355,melhoria,1,2,567.128,539.6634,0.0,0.0,0.0,0.003
355,melhoria,1,3,566.5349,539.6634,0.0,0.0,0.0,0.008
355,melhoria,1,4,566.1288,538.9769,0.0,0.0,0.0,0.014
355,melhoria,1,5,565.8426,539.6634,0.0,0.0,0.0,0.014
355,melhoria,1,6,565.4889,539.6634,0.0,0.0,0.0,0.025
355,melhoria,2,8,565.4708,539.6634,0.0,0.0,0.0,0.035
355,melhoria,1,9,564.4833,539.6634,0.0,0.0,0.0,0.04
355,melhoria,2,11,564.3574,539.6634,0.0,0.0,0.0,0.052
355,melhoria,2,13,564.3397,539.6634,0.0,0.0,0.0,0.061
355,melhoria,3,16,564.3332,539.6634,0.0,0.0,0.0,0.103
355,melhoria,1,17,564.1574,538.9769,0.0,0.0,0.0,0.108
355,melhoria,1,18,562.6296,538.9769,0.0,0.0,0.0,0.114
355,melhoria,3,21,562.5662,538.9769,0.0,0.0,0.0,0.142
355,melhoria,3,24,560.4416,536.2307,0.0,0.0,0.0,0.179
355,melhoria,2,26,560.4182,536.2307,0.0,0.0,0.0,0.187
355,melhoria,3,29,560.3965,536.2307,0.0,0.0,0.0,0.227
355,melhoria,3,32,559.4991,536.2307,0.0,0.0,0.0,0.249
355,melhoria,3,35,559.485,536.2307,0.0,0.0,0.0,0.281
355,melhoria,3,38,559.4169,536.2307,0.0,0.0,0.0,0.297
355,saida,0,43,559.4169,536.2307,0.0,0.0,0.0,0.359
355,entrada,0,0,559.4169,536.2307,0.0,0.0,0.0,0.0
355,saida,0,5,559.4169,536.2307,0.0,0.0,0.0,0.065
355,entrada,0,0,559.4169,536.2307,0.0,0.0,0.0,0.0
355,saida,0,5,559.4169,536.2307,0.0,0.0,0.0,0.069
355,entrada,0,0,559.4169,536.2307,0.0,0.0,0.0,0.0
355,saida,0,5,559.4169,536.2307,0.0,0.0,0.0,0.07
356,entrada,0,0,8055.338,481.0003,4374.7782,3173.9773,0.0,0.0
356,melhoria,1,1,567.327,539.6634,0.0,0.0,0.0,0.0
356,melhoria,1,2,566.7424,539.6634,0.0,0.0,0.0,0.003
356,melhoria,1,3,565.84,539.6634,0.0,0.0,0.0,0.006
356,melhoria,1,4,565.8233,539.6634,0.0,0.0,0.0,0.007
356,melhoria,1,5,563.4105,539.6634,0.0,0.0,0.0,0.009
356,melhoria,1,6,529.1471,483.5184,21.1594,0.0,0.0,0.01
356,melhoria,1,7,448.0322,425.1918,0.0,0.0,0.0,0.016
356,saida,0,12,448.0322,425.1918,0.0,0.0,0.0,0.075
356,entrada,0,0,448.0322,425.1918,0.0,0.0,0.0,0.0
356,saida,0,5,448.0322,425.1918,0.0,0.0,0.0,0.069
356,entrada,0,0,448.0322,425.1918,0.0,0.0,0.0,0.0
356,saida,0,5,448.0322,425.1918,0.0,0.0,0.0,0.064
356,entrada,0,0,448.0322,425.1918,0.0,0.0,0.0,0.0
356,saida,0,5,448.0322,425.1918,0.0,0.0,0.0,0.063
357,entrada,0,0,18425.6874,541.5514,10017.5763,7839.9244,0.0,0.0
357,melhoria,1,1,2527.0631,542.4096,1957.3106,0.0,0.0,0.003
357,melhoria,1,2,2420.4762,542.4096,1852.1276,0.0,0.0,0.004
357,melhoria,1,3,1999.5136,542.4096,1429.3364,0.0,0.0,0.006
357,melhoria,3,6,1068.7541,542.4096,498.5726,0.0,0.0,0.028
357,melhoria,3,9,1068.6706,542.4096,498.5726,0.0,0.0,0.065
357,melhoria,3,12,1068.4509,542.4096,498.5726,0.0,0.0,0.1
357,melhoria,1,13,1067.1774,542.4096,498.5726,0.0,0.0,0.105
357,melhoria,2,15,1067.0825,542.4096,498.5726,0.0,0.0,0.113
357,melhoria,3,18,1067.0124,542.4096,498.5726,0.0,0.0,0.124
357,melhoria,1,19,1066.4475,542.4096,498.5726,0.0,0.0,0.127
357,melhoria,1,20,1065.1585,542.4096,498.5726,0.0,0.0,0.128
357,melhoria,2,22,663.4972,542.4096,96.9408,0.0,0.0,0.135
357,melhoria,2,24,663.4737,542.4096,96.9408,0.0,0.0,0.145
357,melhoria,3,27,663.3146,542.4096,96.9408,0.0,0.0,0.184
357,melhoria,1,28,587.9718,541.5514,21.1594,0.0,0.0,0.189
357,melhoria,3,31,587.9659,541.5514,21.1594,0.0,0.0,0.214
357,melhoria,3,34,587.9548,541.5514,21.1594,0.0,0.0,0.249
357,melhoria,3,37,587.9294,541.5514,21.1594,0.0,0.0,0.289
357,melhoria,3,40,587.9262,541.5514,21.1594,0.0,0.0,0.304
357,melhoria,3,43,587.8516,541.5514,21.1594,0.0,0.0,0.351
357,saida,0,48,587.8516,541.5514,21.1594,0.0,0.0,0.417
357,entrada,0,0,587.8516,541.5514,21.1594,0.0,0.0,0.0
357,saida,0,5,587.8516,541.5514,21.1594,0.0,0.0,0.067
358,entrada,0,0,8058.7145,481.0003,4374.7782,3173.9773,0.0,0.0
358,melhoria,1,1,570.9312,538.9769,0.0,0.0,0.0,0.0
358,melhoria,1,2,570.0157,538.9769,0.0,0.0,0.0,0.001
358,melhoria,1,3,568.4996,538.9769,0.0,0.0,0.0,0.001
358,melhoria,1,4,567.0147,538.9769,0.0,0.0,0.0,0.003
358,melhoria,1,5,565.4992,538.9769,0.0,0.0,0.0,0.003
358,melhoria,1,6,564.5684,538.9769,0.0,0.0,0.0,0.006
358,melhoria,1,7,563.6382,538.9769,0.0,0.0,0.0,0.01
358,melhoria,3,10,560.8398,536.2307,0.0,0.0,0.0,0.049
358,melhoria,3,13,560.7456,536.2307,0.0,0.0,0.0,0.073
358,melhoria,1,14,559.8156,536.2307,0.0,0.0,0.0,0.078
358,melhoria,1,15,559.7447,535.5441,0.0,0.0,0.0,0.083
358,melhoria,1,16,559.2466,536.2307,0.0,0.0,0.0,0.087
358,saida,0,21,559.2466,536.2307,0.0,0.0,0.0,0.148
358,entrada,0,0,559.2466,536.2307,0.0,0.0,0.0,0.0
358,saida,0,5,559.2466,536.2307,0.0,0.0,0.0,0.062
358,entrada,0,0,559.2466,536.2307,0.0,0.0,0.0,0.0
358,saida,0,5,559.2466,536.2307,0.0,0.0,0.0,0.062
358,entrada,0,0,559.2466,536.2307,0.0,0.0,0.0,0.0
358,saida,0,5,559.2466,536.2307,0.0,0.0,0.0,0.061
359,entrada,0,0,1169.0525,481.0003,663.7702,0.0,0.0,0.0
359,melhoria,1,1,565.6489,537.7411,0.0,0.0,0.0,0.001
359,melhoria,1,2,564.8935,538.9769,0.0,0.0,0.0,0.003
359,melhoria,1,3,564.145,538.9769,0.0,0.0,0.0,0.005
359,melhoria,2,5,563.5928,538.4276,0.0,0.0,0.0,0.014
359,melhoria,1,6,563.5777,538.4276,0.0,0.0,0.0,0.014
359,melhoria,1,7,561.9526,538.4276,0.0,0.0,0.0,0.016
359,melhoria,3,10,561.9495,538.4276,0.0,0.0,0.0,0.039
359,melhoria,3,13,561.8848,538.4276,0.0,0.0,0.0,0.051
359,melhoria,1,14,560.1637,538.4276,0.0,0.0,0.0,0.057
359,melhoria,1,15,559.5665,539.6634,0.0,0.0,0.0,0.062
359,melhoria,1,16,559.3205,538.4276,0.0,0.0,0.0,0.063
359,melhoria,3,19,559.3036,538.4276,0.0,0.0,0.0,0.072
359,melhoria,3,22,559.2094,538.4276,0.0,0.0,0.0,0.082
359,melhoria,3,25,557.9549,536.2307,0.0,0.0,0.0,0.091
359,saida,0,30,557.9549,536.2307,0.0,0.0,0.0,0.156
359,entrada,0,0,557.9549,536.2307,0.0,0.0,0.0,0.0
359,melhoria,3,3,557.8704,536.2307,0.0,0.0,0.0,0.015
359,saida,0,8,557.8704,536.2307,0.0,0.0,0.0,0.081
359,entrada,0,0,557.8704,536.2307,0.0,0.0,0.0,0.0
359,saida,0,5,557.8704,536.2307,0.0,0.0,0.0,0.063
359,entrada,0,0,557.8704,536.2307,0.0,0.0,0.0,0.0
359,saida,0,5,557.8704,536.2307,0.0,0.0,0.0,0.063
360,entrada,0,0,17164.0546,532.7979,8417.4192,8186.4102,0.0,0.0
360,melhoria,1,1,17142.43,629.8344,8590.2301,7891.046,0.0,0.001
360,melhoria,1,2,17141.4967,629.8344,8590.2301,7891.046,0.0,0.003
360,melhoria,1,3,16851.3627,629.8344,8301.0552,7891.046,0.0,0.007
360,melhoria,3,6,11450.1235,604.0299,5885.7531,4931.3435,0.0,0.015
360,melhoria,3,9,598.9672,528.5023,42.3189,0.0,0.0,0.048
360,melhoria,1,10,597.0601,528.5023,42.3189,0.0,0.0,0.05
360,melhoria,3,13,591.2295,522.7167,42.3189,0.0,0.0,0.08
360,melhoria,4,17,585.429,516.7438,42.3189,0.0,0.0,0.146
360,melhoria,1,18,578.566,512.0271,42.3189,0.0,0.0,0.148
360,melhoria,3,21,538.6168,472.408,42.3189,0.0,0.0,0.186
360,melhoria,1,22,493.8946,428.6246,42.3189,0.0,0.0,0.19
360,melhoria,1,23,493.3123,428.6246,42.3189,0.0,0.0,0.193
360,saida,0,28,493.3123,428.6246,42.3189,0.0,0.0,0.255
360,entrada,0,0,493.3123,428.6246,42.3189,0.0,0.0,0.0
360,saida,0,5,493.3123,428.6246,42.3189,0.0,0.0,0.061
360,entrada,0,0,493.3123,428.6246,42.3189,0.0,0.0,0.0
360,saida,0,5,493.3123,428.6246,42.3189,0.0,0.0,0.064
360,entrada,0,0,493.3123,428.6246,42.3189,0.0,0.0,0.0
360,saida,0,5,493.3123,428.6246,42.3189,0.0,0.0,0.065
361,entrada,0,0,8057.199,481.0003,4374.7782,3173.9773,0.0,0.0
361,melhoria,1,1,569.8871,539.6634,0.0,0.0,0.0,0.0
361,melhoria,1,2,569.3018,539.6634,0.0,0.0,0.0,0.005
361,melhoria,1,3,567.3451,539.6634,0.0,0.0,0.0,0.009
361,melhoria,1,4,566.7629,539.6634,0.0,0.0,0.0,0.016
361,melhoria,1,5,564.9019,539.6634,0.0,0.0,0.0,0.021
361,melhoria,2,7,563.6594,538.4276,0.0,0.0,0.0,0.031
361,melhoria,1,8,562.0343,538.4276,0.0,0.0,0.0,0.039
361,melhoria,3,11,561.9495,538.4276,0.0,0.0,0.0,0.054
361,melhoria,3,14,561.6724,538.4276,0.0,0.0,0.0,0.088
361,melhoria,1,15,559.9513,538.4276,0.0,0.0,0.0,0.092
361,melhoria,3,18,559.9319,538.4276,0.0,0.0,0.0,0.101
361,melhoria,3,21,559.2942,538.4276,0.0,0.0,0.0,0.123
361,melhoria,3,24,558.0389,536.2307,0.0,0.0,0.0,0.137
361,melhoria,3,27,557.9221,536.2307,0.0,0.0,0.0,0.147
361,melhoria,3,30,557.8475,536.2307,0.0,0.0,0.0,0.184
361,saida,0,35,557.8475,536.2307,0.0,0.0,0.0,0.251
361,entrada,0,0,557.8475,536.2307,0.0,0.0,0.0,0.0
361,saida,0,5,557.8475,536.2307,0.0,0.0,0.0,0.067
361,entrada,0,0,557.8475,536.2307,0.0,0.0,0.0,0.0
361,saida,0,5,557.8475,536.2307,0.0,0.0,0.0,0.066
361,entrada,0,0,557.8475,536.2307,0.0,0.0,0.0,0.0
361,saida,0,5,557.8475,536.2307,0.0,0.0,0.0,0.066
362,entrada,0,0,8949.6637,541.1738,4800.2241,3580.8453,0.0,0.0
362,melhoria,1,1,1088.1042,546.1513,511.4248,0.0,0.0,0.0
362,melhoria,1,2,821.9129,541.1738,251.1674,0.0,0.0,0.001
362,melhoria,1,3,820.0251,541.1738,251.1674,0.0,0.0,0.002
362,melhoria,1,4,740.6166,541.1738,170.8411,0.0,0.0,0.002
362,melhoria,1,5,740.0314,541.1738,170.8411,0.0,0.0,0.003
362,melhoria,1,6,738.0746,541.1738,170.8411,0.0,0.0,0.005
362,melhoria,1,7,738.0458,541.1738,170.8411,0.0,0.0,0.008
362,melhoria,1,8,736.5479,541.1738,170.8411,0.0,0.0,0.013
362,melhoria,2,10,736.5313,541.1738,170.8411,0.0,0.0,0.02
362,melhoria,3,13,736.2323,541.1738,170.8411,0.0,0.0,0.04
362,melhoria,1,14,609.6785,540.6246,42.3189,0.0,0.0,0.041
362,melhoria,1,15,608.7498,540.6246,42.3189,0.0,0.0,0.042
362,melhoria,1,16,608.1657,540.6246,42.3189,0.0,0.0,0.045
362,melhoria,1,17,606.3257,540.6246,42.3189,0.0,0.0,0.051
362,melhoria,3,20,561.8295,538.4276,0.0,0.0,0.0,0.078
362,melhoria,1,21,560.2043,538.4276,0.0,0.0,0.0,0.083
362,melhoria,3,24,560.1038,538.4276,0.0,0.0,0.0,0.095
362,melhoria,3,27,559.952,538.4276,0.0,0.0,0.0,0.122
362,melhoria,3,30,559.8719,538.4276,0.0,0.0,0.0,0.168
362,saida,0,35,559.8719,538.4276,0.0,0.0,0.0,0.244
362,entrada,0,0,559.8719,538.4276,0.0,0.0,0.0,0.0
362,saida,0,5,559.8719,538.4276,0.0,0.0,0.0,0.07
362,entrada,0,0,559.8719,538.4276,0.0,0.0,0.0,0.0
362,saida,0,5,559.8719,538.4276,0.0,0.0,0.0,0.062
362,entrada,0,0,559.8719,538.4276,0.0,0.0,0.0,0.0
362,melhoria,3,3,559.2248,538.4276,0.0,0.0,0.0,0.052
362,melhoria,3,6,557.8649,536.2307,0.0,0.0,0.0,0.101
362,melhoria,2,8,557.7575,536.2307,0.0,0.0,0.0,0.11
362,saida,0,13,557.7575,536.2307,0.0,0.0,0.0,0.176
364,entrada,0,0,6520.1507,483.5184,3686.1357,2324.6417,0.0,0.0
364,melhoria,1,1,574.4883,524.3672,21.1594,0.0,0.0,0.0
364,melhoria,1,2,572.8796,524.3672,21.1594,0.0,0.0,0.004
364,melhoria,3,5,562.1371,513.7137,21.1594,0.0,0.0,0.021
364,melhoria,3,8,561.7342,513.4375,21.1594,0.0,0.0,0.033
364,melhoria,3,11,561.649,513.4375,21.1594,0.0,0.0,0.049
364,melhoria,3,14,561.56,513.4375,21.1594,0.0,0.0,0.06
364,melhoria,3,17,560.9609,512.8433,21.1594,0.0,0.0,0.07
364,melhoria,1,18,518.0795,470.896,21.1594,0.0,0.0,0.077
364,melhoria,3,21,517.9987,470.896,21.1594,0.0,0.0,0.093
364,melhoria,3,24,517.9457,470.896,21.1594,0.0,0.0,0.118
364,melhoria,3,27,517.7792,470.896,21.1594,0.0,0.0,0.154
364,melhoria,1,28,515.3578,470.896,21.1594,0.0,0.0,0.16
364,melhoria,2,30,515.1922,470.896,21.1594,0.0,0.0,0.169
364,saida,0,35,515.1922,470.896,21.1594,0.0,0.0,0.23
364,entrada,0,0,515.1922,470.896,21.1594,0.0,0.0,0.0
364,saida,0,5,515.1922,470.896,21.1594,0.0,0.0,0.06
364,entrada,0,0,515.1922,470.896,21.1594,0.0,0.0,0.0
364,saida,0,5,515.1922,470.896,21.1594,0.0,0.0,0.059
364,entrada,0,0,515.1922,470.896,21.1594,0.0,0.0,0.0
364,saida,0,5,515.1922,470.896,21.1594,0.0,0.0,0.06
364,entrada,0,0,567.327,539.6634,0.0,0.0,0.0,0.0
364,melhoria,1,1,564.9266,539.6634,0.0,0.0,0.0,0.004
364,melhoria,1,2,530.6507,483.5184,21.1594,0.0,0.0,0.004
364,melhoria,1,3,529.5856,483.5184,21.1594,0.0,0.0,0.005
364,melhoria,1,4,529.1471,483.5184,21.1594,0.0,0.0,0.008
364,melhoria,1,5,448.0322,425.1918,0.0,0.0,0.0,0.014
364,saida,0,10,448.0322,425.1918,0.0,0.0,0.0,0.072
365,entrada,0,0,4242.4682,481.7658,3734.007,0.0,0.0,0.0
365,melhoria,1,1,2034.9413,537.7411,1467.0337,0.0,0.0,0.002
365,melhoria,1,2,2033.3306,537.7411,1467.0337,0.0,0.0,0.008
365,melhoria,3,5,2033.1622,537.7411,1467.0337,0.0,0.0,0.017
365,melhoria,2,7,2033.1568,537.7411,1467.0337,0.0,0.0,0.025
365,melhoria,1,8,2030.7705,537.7411,1467.0337,0.0,0.0,0.026
365,melhoria,3,11,2030.4519,537.7411,1467.0337,0.0,0.0,0.035
365,melhoria,1,12,2030.3748,537.7411,1467.0337,0.0,0.0,0.04
365,melhoria,1,13,2028.9304,537.7411,1467.0337,0.0,0.0,0.041
365,melhoria,1,14,909.4416,537.7411,342.4648,0.0,0.0,0.044
365,melhoria,1,15,585.7429,537.7411,21.1594,0.0,0.0,0.045
365,melhoria,3,18,564.288,537.7411,0.0,0.0,0.0,0.076
365,melhoria,1,19,563.409,537.7411,0.0,0.0,0.0,0.08
365,melhoria,1,20,562.5016,537.7411,0.0,0.0,0.0,0.081
365,melhoria,1,21,561.4843,537.7411,0.0,0.0,0.0,0.085
365,melhoria,3,24,561.4485,537.7411,0.0,0.0,0.0,0.106
365,melhoria,3,27,561.4454,537.7411,0.0,0.0,0.0,0.154
365,melhoria,3,30,561.4423,537.7411,0.0,0.0,0.0,0.179
365,melhoria,3,33,561.274,537.7411,0.0,0.0,0.0,0.217
365,saida,0,38,561.274,537.7411,0.0,0.0,0.0,0.278
365,entrada,0,0,561.274,537.7411,0.0,0.0,0.0,0.0
365,saida,0,5,561.274,537.7411,0.0,0.0,0.0,0.063
366,entrada,0,0,8115.8232,540.5216,4374.7782,3173.9773,0.0,0.0
366,melhoria,1,1,587.5611,539.6634,21.1594,0.0,0.0,0.003
366,melhoria,1,2,585.7137,539.6634,21.1594,0.0,0.0,0.004
366,melhoria,1,3,565.9835,541.2082,0.0,0.0,0.0,0.011
366,melhoria,1,4,564.3302,540.5216,0.0,0.0,0.0,0.011
366,melhoria,1,5,563.8544,539.6634,0.0,0.0,0.0,0.012
366,melhoria,1,6,505.4358,481.2395,0.0,0.0,0.0,0.014
366,melhoria,1,7,448.0322,425.1918,0.0,0.0,0.0,0.018
366,saida,0,12,448.0322,425.1918,0.0,0.0,0.0,0.08
366,entrada,0,0,448.0322,425.1918,0.0,0.0,0.0,0.0
366,melhoria,4,4,447.9268,425.1918,0.0,0.0,0.0,0.054
366,saida,0,9,447.9268,425.1918,0.0,0.0,0.0,0.116
367,entrada,0,0,18619.3809,636.7181,9361.2931,8592.4317,0.0,0.0
367,melhoria,1,1,18501.2007,636.7181,9245.5228,8592.4317,0.0,0.001
367,melhoria,1,2,18121.4261,634.3646,9126.7125,8328.8296,0.0,0.002
367,melhoria,1,3,18119.1008,634.3646,9126.7125,8328.8296,0.0,0.004
367,melhoria,2,5,1013.0061,540.6246,443.9506,0.0,0.0,0.01
367,melhoria,1,6,1011.6242,540.6246,443.9506,0.0,0.0,0.011
367,melhoria,1,7,1009.3368,540.6246,443.9506,0.0,0.0,0.015
367,melhoria,1,8,1008.3369,540.6246,443.9506,0.0,0.0,0.018
367,melhoria,2,10,1008.3351,540.6246,443.9506,0.0,0.0,0.025
367,melhoria,3,13,1008.2831,540.6246,443.9506,0.0,0.0,0.035
367,melhoria,2,15,984.8574,538.4276,422.7912,0.0,0.0,0.042
367,melhoria,2,17,984.7543,538.4276,422.7912,0.0,0.0,0.048
367,melhoria,2,19,750.9992,540.6246,186.9063,0.0,0.0,0.055
367,melhoria,1,20,608.5982,540.6246,42.3189,0.0,0.0,0.058
367,melhoria,3,23,608.4342,540.6246,42.3189,0.0,0.0,0.083
367,melhoria,3,26,608.433,540.6246,42.3189,0.0,0.0,0.095
367,melhoria,1,27,607.4286,540.6246,42.3189,0.0,0.0,0.102
367,melhoria,3,30,563.0636,538.4276,0.0,0.0,0.0,0.11
367,melhoria,3,33,563.0608,538.4276,0.0,0.0,0.0,0.131
367,melhoria,3,36,563.0286,538.4276,0.0,0.0,0.0,0.154
367,melhoria,3,39,563.022,538.4276,0.0,0.0,0.0,0.18
367,melhoria,3,42,563.0155,538.4276,0.0,0.0,0.0,0.23
367,melhoria,3,45,562.8702,538.4276,0.0,0.0,0.0,0.282
367,melhoria,1,46,562.0541,538.4276,0.0,0.0,0.0,0.288
367,melhoria,1,47,561.9579,538.4276,0.0,0.0,0.0,0.289
367,melhoria,1,48,561.1348,538.4276,0.0,0.0,0.0,0.292
367,melhoria,3,51,561.1153,538.4276,0.0,0.0,0.0,0.346
367,melhoria,1,52,560.9037,538.4276,0.0,0.0,0.0,0.352
367,melhoria,3,55,560.642,538.4276,0.0,0.0,0.0,0.392
367,saida,0,60,560.642,538.4276,0.0,0.0,0.0,0.464
367,entrada,0,0,560.642,538.4276,0.0,0.0,0.0,0.0
367,saida,0,5,560.642,538.4276,0.0,0.0,0.0,0.07
369,entrada,0,0,8055.2326,481.0003,4374.7782,3173.9773,0.0,0.0
369,melhoria,1,1,799.7288,539.6634,230.008,0.0,0.0,0.0
369,melhoria,1,2,566.7637,539.6634,0.0,0.0,0.0,0.003
369,melhoria,1,3,566.7502,539.6634,0.0,0.0,0.0,0.004
369,melhoria,1,4,564.3342,539.6634,0.0,0.0,0.0,0.009
369,melhoria,1,5,530.0739,483.5184,21.1594,0.0,0.0,0.011
369,melhoria,1,6,449.5355,425.1918,0.0,0.0,0.0,0.014
369,melhoria,3,9,449.4437,425.1918,0.0,0.0,0.0,0.06
369,saida,0,14,449.4437,425.1918,0.0,0.0,0.0,0.119
369,entrada,0,0,449.4437,425.1918,0.0,0.0,0.0,0.0
369,saida,0,5,449.4437,425.1918,0.0,0.0,0.0,0.063
369,entrada,0,0,449.4437,425.1918,0.0,0.0,0.0,0.0
369,saida,0,5,449.4437,425.1918,0.0,0.0,0.0,0.06
369,entrada,0,0,449.4437,425.1918,0.0,0.0,0.0,0.0
369,saida,0,5,449.4437,425.1918,0.0,0.0,0.0,0.063
370,entrada,0,0,2172.9859,517.3871,1626.6188,0.0,0.0,0.0
370,melhoria,1,1,2071.7332,517.3393,1524.0298,0.0,0.0,0.0
370,melhoria,1,2,1432.0148,517.3393,885.3019,0.0,0.0,0.002
370,melhoria,1,3,1396.8444,483.4706,885.3019,0.0,0.0,0.003
370,melhoria,1,4,644.361,483.5184,133.0699,0.0,0.0,0.004
370,melhoria,1,5,642.7523,483.5184,133.0699,0.0,0.0,0.008
370,melhoria,1,6,641.8189,483.5184,133.0699,0.0,0.0,0.014
370,melhoria,1,7,640.3091,483.5184,133.0699,0.0,0.0,0.016
370,melhoria,3,10,627.5815,470.896,133.0699,0.0,0.0,0.026
370,melhoria,3,13,627.4921,470.896,133.0699,0.0,0.0,0.037
370,melhoria,3,16,627.3645,470.896,133.0699,0.0,0.0,0.059
370,melhoria,3,19,627.3593,470.896,133.0699,0.0,0.0,0.085
370,melhoria,3,22,515.1889,470.896,21.1594,0.0,0.0,0.112
370,saida,0,27,515.1889,470.896,21.1594,0.0,0.0,0.175
370,entrada,0,0,515.1889,470.896,21.1594,0.0,0.0,0.0
370,saida,0,5,515.1889,470.896,21.1594,0.0,0.0,0.065
370,entrada,0,0,515.1889,470.896,21.1594,0.0,0.0,0.0
370,saida,0,5,515.1889,470.896,21.1594,0.0,0.0,0.062
370,entrada,0,0,515.1889,470.896,21.1594,0.0,0.0,0.0
370,saida,0,5,515.1889,470.896,21.1594,0.0,0.0,0.065
371,entrada,0,0,13824.3663,481.0003,7938.3138,5377.2371,0.0,0.0
371,melhoria,1,1,2095.9289,539.1142,1524.0298,0.0,0.0,0.0
371,melhoria,1,2,571.6287,538.4276,0.0,0.0,0.0,0.002
371,melhoria,1,3,568.8287,538.4276,0.0,0.0,0.0,0.003
371,melhoria,1,4,567.8953,538.4276,0.0,0.0,0.0,0.01
371,melhoria,1,5,565.0953,538.4276,0.0,0.0,0.0,0.011
371,melhoria,3,8,565.0592,538.4276,0.0,0.0,0.0,0.05
371,melhoria,1,9,564.6842,539.6634,0.0,0.0,0.0,0.053
371,melhoria,2,11,563.4417,538.4276,0.0,0.0,0.0,0.059
371,melhoria,1,12,561.8167,538.4276,0.0,0.0,0.0,0.063
371,melhoria,3,15,561.7472,538.4276,0.0,0.0,0.0,0.109
371,melhoria,2,17,561.6723,538.4276,0.0,0.0,0.0,0.116
371,melhoria,1,18,560.1723,538.4276,0.0,0.0,0.0,0.12
371,melhoria,3,21,559.987,538.4276,0.0,0.0,0.0,0.15
371,melhoria,3,24,559.9771,538.4276,0.0,0.0,0.0,0.169
371,melhoria,3,27,559.904,538.4276,0.0,0.0,0.0,0.195
371,melhoria,3,30,559.1104,538.4276,0.0,0.0,0.0,0.23
371,melhoria,3,33,557.8568,536.2307,0.0,0.0,0.0,0.24
371,saida,0,38,557.8568,536.2307,0.0,0.0,0.0,0.304
371,entrada,0,0,557.8568,536.2307,0.0,0.0,0.0,0.0
371,saida,0,5,557.8568,536.2307,0.0,0.0,0.0,0.066
371,entrada,0,0,557.8568,536.2307,0.0,0.0,0.0,0.0
371,saida,0,5,557.8568,536.2307,0.0,0.0,0.0,0.065
371,entrada,0,0,557.8568,536.2307,0.0,0.0,0.0,0.0
371,saida,0,5,557.8568,536.2307,0.0,0.0,0.0,0.07
372,entrada,0,0,8057.7772,481.0003,4374.7782,3173.9773,0.0,0.0
372,melhoria,1,1,569.7637,539.6634,0.0,0.0,0.0,0.001
372,melhoria,1,2,569.1815,539.6634,0.0,0.0,0.0,0.002
372,melhoria,1,3,568.26,539.6634,0.0,0.0,0.0,0.003
372,melhoria,1,4,565.8472,539.6634,0.0,0.0,0.0,0.004
372,melhoria,1,5,531.5838,483.5184,21.1594,0.0,0.0,0.01
372,melhoria,1,6,530.6504,483.5184,21.1594,0.0,0.0,0.011
372,melhoria,1,7,449.5355,425.1918,0.0,0.0,0.0,0.012
372,melhoria,3,10,449.4437,425.1918,0.0,0.0,0.0,0.03
372,saida,0,15,449.4437,425.1918,0.0,0.0,0.0,0.093
372,entrada,0,0,449.4437,425.1918,0.0,0.0,0.0,0.0
372,saida,0,5,449.4437,425.1918,0.0,0.0,0.0,0.064
372,entrada,0,0,449.4437,425.1918,0.0,0.0,0.0,0.0
372,saida,0,5,449.4437,425.1918,0.0,0.0,0.0,0.066
372,entrada,0,0,449.4437,425.1918,0.0,0.0,0.0,0.0
372,saida,0,5,449.4437,425.1918,0.0,0.0,0.0,0.074
373,entrada,0,0,8896.4668,439.0945,5536.7978,2892.9289,0.0,0.0
373,melhoria,1,1,2626.9705,544.6066,2051.3261,0.0,0.0,0.0
373,melhoria,1,2,2624.1694,544.6066,2051.3261,0.0,0.0,0.0
373,melhoria,1,3,2366.1193,544.0574,1791.0688,0.0,0.0,0.001
373,melhoria,1,4,2363.8419,544.0574,1791.0688,0.0,0.0,0.002
373,melhoria,1,5,2111.8423,544.0574,1541.4832,0.0,0.0,0.002
373,melhoria,1,6,2111.3189,544.0574,1541.4832,0.0,0.0,0.003
373,melhoria,1,7,2109.9926,544.0574,1541.4832,0.0,0.0,0.005
373,melhoria,1,8,1965.3923,544.0574,1396.8958,0.0,0.0,0.007
373,melhoria,1,9,1964.4545,544.0574,1396.8958,0.0,0.0,0.012
373,melhoria,1,10,1963.923,544.0574,1396.8958,0.0,0.0,0.015
373,melhoria,2,12,1963.8106,544.0574,1396.8958,0.0,0.0,0.022
373,melhoria,2,14,1883.4788,544.0574,1316.5694,0.0,0.0,0.028
373,melhoria,2,16,1883.3588,544.0574,1316.5694,0.0,0.0,0.034
373,melhoria,1,17,1882.5404,544.0574,1316.5694,0.0,0.0,0.04
373,melhoria,2,19,1882.418,544.0574,1316.5694,0.0,0.0,0.047
373,melhoria,2,21,1882.2984,544.0574,1316.5694,0.0,0.0,0.053
373,melhoria,3,24,1882.1322,544.0574,1316.5694,0.0,0.0,0.074
373,melhoria,3,27,1882.0469,544.0574,1316.5694,0.0,0.0,0.088
373,melhoria,2,29,1560.7195,544.0574,995.264,0.0,0.0,0.096
373,melhoria,3,32,1231.4579,541.8604,667.6438,0.0,0.0,0.105
373,melhoria,1,33,1179.9656,541.8604,613.3096,0.0,0.0,0.107
373,melhoria,1,34,1099.637,541.8604,532.5842,0.0,0.0,0.112
373,melhoria,3,37,1099.4672,541.8604,532.5842,0.0,0.0,0.146
373,melhoria,3,40,964.5357,539.6634,399.7844,0.0,0.0,0.188
373,melhoria,1,41,964.1294,539.6634,399.7844,0.0,0.0,0.189
373,melhoria,3,44,963.8425,539.6634,399.7844,0.0,0.0,0.207
373,melhoria,2,46,963.8243,539.6634,399.7844,0.0,0.0,0.216
373,melhoria,1,47,962.889,539.6634,399.7844,0.0,0.0,0.219
373,melhoria,2,49,962.8071,539.6634,399.7844,0.0,0.0,0.227
373,melhoria,3,52,962.6478,539.6634,399.7844,0.0,0.0,0.251
373,melhoria,3,55,962.5692,539.6634,399.7844,0.0,0.0,0.266
373,melhoria,3,58,802.0062,539.6634,239.2344,0.0,0.0,0.327
373,saida,0,63,802.0062,539.6634,239.2344,0.0,0.0,0.392
373,entrada,0,0,802.0062,539.6634,239.2344,0.0,0.0,0.0
373,melhoria,3,3,776.1931,541.8604,211.2788,0.0,0.0,0.05
373,melhoria,1,4,774.7893,541.8604,211.2788,0.0,0.0,0.057
373,melhoria,3,7,774.631,541.8604,211.2788,0.0,0.0,0.098
373,melhoria,1,8,774.0894,541.8604,211.2788,0.0,0.0,0.099
373,melhoria,3,11,580.5982,538.4276,21.1594,0.0,0.0,0.122
373,melhoria,3,14,580.5916,538.4276,21.1594,0.0,0.0,0.136
373,saida,0,19,580.5916,538.4276,21.1594,0.0,0.0,0.206
374,entrada,0,0,8057.1925,481.0003,4374.7782,3173.9773,0.0,0.0
374,melhoria,1,1,568.26,539.6634,0.0,0.0,0.0,0.002
374,melhoria,1,2,566.7502,539.6634,0.0,0.0,0.0,0.006
374,melhoria,1,3,564.3342,539.6634,0.0,0.0,0.0,0.014
374,melhoria,1,4,530.0739,483.5184,21.1594,0.0,0.0,0.015
374,melhoria,1,5,449.5355,425.1918,0.0,0.0,0.0,0.018
374,melhoria,3,8,449.4437,425.1918,0.0,0.0,0.0,0.064
374,saida,0,13,449.4437,425.1918,0.0,0.0,0.0,0.125
374,entrada,0,0,449.4437,425.1918,0.0,0.0,0.0,0.0
374,saida,0,5,449.4437,425.1918,0.0,0.0,0.0,0.061
374,entrada,0,0,449.4437,425.1918,0.0,0.0,0.0,0.0
374,saida,0,5,449.4437,425.1918,0.0,0.0,0.0,0.059
374,entrada,0,0,449.4437,425.1918,0.0,0.0,0.0,0.0
374,saida,0,5,449.4437,425.1918,0.0,0.0,0.0,0.066
375,entrada,0,0,1379.1607,471.536,882.8071,0.0,0.0,0.0
375,melhoria,1,1,705.5235,432.0573,251.1674,0.0,0.0,0.001
375,melhoria,1,2,704.1263,432.0573,251.1674,0.0,0.0,0.002
375,melhoria,1,3,640.7584,431.3708,186.9063,0.0,0.0,0.006
375,melhoria,1,4,639.567,431.3708,186.9063,0.0,0.0,0.008
375,melhoria,1,5,589.8201,430.5126,136.9298,0.0,0.0,0.011
375,melhoria,1,6,588.4163,430.5126,136.9298,0.0,0.0,0.014
375,melhoria,3,9,588.3827,430.5126,136.9298,0.0,0.0,0.023
375,melhoria,3,12,588.1339,430.5126,136.9298,0.0,0.0,0.035
375,melhoria,2,14,587.9109,430.5126,136.9298,0.0,0.0,0.042
375,melhoria,3,17,470.563,428.6246,21.1594,0.0,0.0,0.05
375,melhoria,3,20,470.477,428.6246,21.1594,0.0,0.0,0.091
375,saida,0,25,470.477,428.6246,21.1594,0.0,0.0,0.152
375,entrada,0,0,470.477,428.6246,21.1594,0.0,0.0,0.0
375,melhoria,3,3,470.4746,428.6246,21.1594,0.0,0.0,0.018
375,saida,0,8,470.4746,428.6246,21.1594,0.0,0.0,0.076
375,entrada,0,0,470.4746,428.6246,21.1594,0.0,0.0,0.0
375,saida,0,5,470.4746,428.6246,21.1594,0.0,0.0,0.062
375,entrada,0,0,470.4746,428.6246,21.1594,0.0,0.0,0.0
375,saida,0,5,470.4746,428.6246,21.1594,0.0,0.0,0.055
376,entrada,0,0,6990.9123,538.4276,3907.9114,2513.1207,0.0,0.0
376,melhoria,1,1,3555.5074,539.6634,1906.0208,1080.1729,0.0,0.0
376,melhoria,1,2,655.2496,538.4276,85.4205,0.0,0.0,0.0
376,melhoria,1,3,566.9072,538.4276,0.0,0.0,0.0,0.003
376,melhoria,1,4,566.6582,538.9769,0.0,0.0,0.0,0.004
376,melhoria,1,5,565.1452,538.9769,0.0,0.0,0.0,0.005
376,melhoria,1,6,564.215,538.9769,0.0,0.0,0.0,0.011
376,melhoria,2,8,563.6628,538.4276,0.0,0.0,0.0,0.018
376,melhoria,1,9,563.4753,538.4276,0.0,0.0,0.0,0.018
376,melhoria,3,12,563.4459,538.4276,0.0,0.0,0.0,0.043
376,melhoria,2,14,561.237,536.2307,0.0,0.0,0.0,0.051
376,melhoria,3,17,561.154,536.2307,0.0,0.0,0.0,0.072
376,melhoria,3,20,561.1205,536.2307,0.0,0.0,0.0,0.088
376,saida,0,25,561.1205,536.2307,0.0,0.0,0.0,0.154
376,entrada,0,0,561.1205,536.2307,0.0,0.0,0.0,0.0
376,saida,0,5,561.1205,536.2307,0.0,0.0,0.0,0.066
377,entrada,0,0,8330.5082,522.4476,4604.7862,3173.9773,0.0,0.0
377,melhoria,3,3,8100.1729,521.9692,4374.7782,3173.9773,0.0,0.013
377,melhoria,3,6,8094.4233,516.2853,4374.7782,3173.9773,0.0,0.024
377,melhoria,3,9,7774.3437,517.6813,4228.5282,2998.9773,0.0,0.078
377,melhoria,1,10,7372.8106,584.488,4014.3122,2742.6505,0.0,0.083
377,melhoria,1,11,7371.8692,584.488,4014.3122,2742.6505,0.0,0.088
377,melhoria,1,12,7371.8598,584.488,4014.3122,2742.6505,0.0,0.089
377,melhoria,1,13,7370.0978,584.488,4014.3122,2742.6505,0.0,0.091
377,melhoria,1,14,7102.3149,583.1802,3891.9031,2596.178,0.0,0.096
377,melhoria,1,15,7099.8717,583.1802,3891.9031,2596.178,0.0,0.097
377,melhoria,1,16,7099.8711,583.1802,3891.9031,2596.178,0.0,0.102
377,melhoria,3,19,566.4211,538.4276,0.0,0.0,0.0,0.132
377,melhoria,3,22,566.2629,538.4276,0.0,0.0,0.0,0.144
377,melhoria,3,25,565.8011,538.4276,0.0,0.0,0.0,0.186
377,melhoria,1,26,563.5309,538.4276,0.0,0.0,0.0,0.192
377,melhoria,2,28,563.5214,538.4276,0.0,0.0,0.0,0.2
377,melhoria,3,31,563.4404,538.4276,0.0,0.0,0.0,0.231
377,saida,0,36,563.4404,538.4276,0.0,0.0,0.0,0.304
377,entrada,0,0,563.4404,538.4276,0.0,0.0,0.0,0.0
377,melhoria,3,3,563.3475,538.4276,0.0,0.0,0.0,0.05
377,melhoria,1,4,560.0332,538.4276,0.0,0.0,0.0,0.053
377,melhoria,4,8,557.8179,536.2307,0.0,0.0,0.0,0.113
377,saida,0,13,557.8179,536.2307,0.0,0.0,0.0,0.184
377,entrada,0,0,557.8179,536.2307,0.0,0.0,0.0,0.0
377,saida,0,5,557.8179,536.2307,0.0,0.0,0.0,0.073
377,entrada,0,0,557.8179,536.2307,0.0,0.0,0.0,0.0
377,saida,0,5,557.8179,536.2307,0.0,0.0,0.0,0.062
378,entrada,0,0,39515.6012,680.2212,25339.3348,13464.7736,0.0,0.0
378,melhoria,1,1,39513.2008,680.2212,25339.3348,13464.7736,0.0,0.001
378,melhoria,1,2,39419.5561,679.7635,25296.4941,13413.5112,0.0,0.003
378,melhoria,1,3,39418.0431,679.7635,25296.4941,13413.5112,0.0,0.003
378,melhoria,1,4,39416.527,679.7635,25296.4941,13413.5112,0.0,0.009
378,melhoria,2,6,39253.4004,679.7635,25133.3119,13413.5112,0.0,0.017
378,melhoria,1,7,39110.0439,679.3973,25025.6073,13372.5013,0.0,0.018
378,melhoria,1,8,39106.7386,679.3973,25025.6073,13372.5013,0.0,0.02
378,melhoria,1,9,39056.3257,679.3973,24974.6129,13372.5013,0.0,0.024
378,melhoria,1,10,39009.1637,678.9396,24976.3971,13321.2389,0.0,0.024
378,melhoria,1,11,38837.4682,678.5735,24845.227,13280.229,0.0,0.025
378,melhoria,1,12,38834.6682,678.5735,24845.227,13280.229,0.0,0.032
378,melhoria,2,14,29061.898,678.5735,15072.4568,13280.229,0.0,0.04
378,melhoria,1,15,29061.3088,678.5735,15072.4568,13280.229,0.0,0.043
378,melhoria,1,16,29058.1861,678.5735,15072.4568,13280.229,0.0,0.044
378,melhoria,1,17,29055.8053,678.5735,15072.4568,13280.229,0.0,0.046
378,melhoria,2,19,28966.2058,678.5735,14982.7522,13280.229,0.0,0.054
378,melhoria,2,21,28965.9583,678.5735,14982.7522,13280.229,0.0,0.063
378,melhoria,3,24,23663.9342,627.4117,15462.4381,7550.1072,0.0,0.072
378,melhoria,1,25,23573.0386,627.4117,15369.1183,7550.1072,0.0,0.073
378,melhoria,1,26,23570.5714,627.4117,15369.1183,7550.1072,0.0,0.076
378,melhoria,2,28,23494.0474,627.4117,15292.3684,7550.1072,0.0,0.084
378,melhoria,1,29,23403.9417,627.4117,15199.0486,7550.1072,0.0,0.089
378,melhoria,3,32,23403.853,627.4117,15199.0486,7550.1072,0.0,0.122
378,melhoria,3,35,588.3464,540.6246,21.1594,0.0,0.0,0.147
378,melhoria,1,36,585.1364,540.6246,21.1594,0.0,0.0,0.148
378,melhoria,1,37,582.8661,540.6246,21.1594,0.0,0.0,0.149
378,melhoria,2,39,580.6509,538.4276,21.1594,0.0,0.0,0.157
378,melhoria,2,41,580.424,538.4276,21.1594,0.0,0.0,0.164
378,melhoria,2,43,559.1086,538.4276,0.0,0.0,0.0,0.172
378,melhoria,3,46,557.9549,536.2307,0.0,0.0,0.0,0.184
378,melhoria,3,49,557.7902,536.2307,0.0,0.0,0.0,0.194
378,saida,0,54,557.7902,536.2307,0.0,0.0,0.0,0.265
378,entrada,0,0,557.7902,536.2307,0.0,0.0,0.0,0.0
378,saida,0,5,557.7902,536.2307,0.0,0.0,0.0,0.064
378,entrada,0,0,557.7902,536.2307,0.0,0.0,0.0,0.0
378,saida,0,5,557.7902,536.2307,0.0,0.0,0.0,0.068
378,entrada,0,0,557.7902,536.2307,0.0,0.0,0.0,0.0
378,saida,0,5,557.7902,536.2307,0.0,0.0,0.0,0.059
380,entrada,0,0,8057.1925,481.0003,4374.7782,3173.9773,0.0,0.0
380,melhoria,1,1,567.9754,540.35,0.0,0.0,0.0,0.0
380,melhoria,1,2,567.5722,539.6634,0.0,0.0,0.0,0.004
380,melhoria,1,3,566.2163,539.6634,0.0,0.0,0.0,0.011
380,melhoria,3,6,563.3861,536.2307,0.0,0.0,0.0,0.025
380,melhoria,1,7,563.3739,536.9172,0.0,0.0,0.0,0.029
380,melhoria,1,8,562.8117,536.9172,0.0,0.0,0.0,0.03
380,melhoria,2,10,562.7831,536.9172,0.0,0.0,0.0,0.04
380,melhoria,3,13,562.6877,536.9172,0.0,0.0,0.0,0.076
380,melhoria,3,16,562.4181,536.9172,0.0,0.0,0.0,0.124
380,melhoria,1,17,561.7988,536.9172,0.0,0.0,0.0,0.124
380,saida,0,22,561.7988,536.9172,0.0,0.0,0.0,0.188
380,entrada,0,0,561.7988,536.9172,0.0,0.0,0.0,0.0
380,saida,0,5,561.7988,536.9172,0.0,0.0,0.0,0.066
381,entrada,0,0,9664.3715,481.0003,5980.2376,3173.9773,0.0,0.0
381,melhoria,1,1,2173.9148,539.6634,1605.4594,0.0,0.0,0.0
381,melhoria,1,2,680.4628,539.6634,111.9105,0.0,0.0,0.001
381,melhoria,1,3,678.9443,539.6634,111.9105,0.0,0.0,0.004
381,melhoria,1,4,676.9875,539.6634,111.9105,0.0,0.0,0.005
381,melhoria,2,6,675.745,538.4276,111.9105,0.0,0.0,0.013
381,melhoria,1,7,674.1199,538.4276,111.9105,0.0,0.0,0.02
381,melhoria,3,10,673.9889,538.4276,111.9105,0.0,0.0,0.046
381,melhoria,3,13,562.3169,538.4276,0.0,0.0,0.0,0.071
381,melhoria,2,15,561.9618,538.4276,0.0,0.0,0.0,0.08
381,melhoria,3,18,561.9441,538.4276,0.0,0.0,0.0,0.116
381,melhoria,3,21,561.9423,538.4276,0.0,0.0,0.0,0.128
381,melhoria,3,24,561.8167,538.4276,0.0,0.0,0.0,0.139
381,melhoria,3,27,561.6724,538.4276,0.0,0.0,0.0,0.16
381,melhoria,1,28,559.9513,538.4276,0.0,0.0,0.0,0.162
381,melhoria,3,31,559.849,538.4276,0.0,0.0,0.0,0.186
381,melhoria,3,34,559.2188,538.4276,0.0,0.0,0.0,0.23
381,melhoria,3,37,558.088,536.2307,0.0,0.0,0.0,0.241
381,saida,0,42,558.088,536.2307,0.0,0.0,0.0,0.315
381,entrada,0,0,558.088,536.2307,0.0,0.0,0.0,0.0
381,saida,0,5,558.088,536.2307,0.0,0.0,0.0,0.062
381,entrada,0,0,558.088,536.2307,0.0,0.0,0.0,0.0
381,saida,0,5,558.088,536.2307,0.0,0.0,0.0,0.064
381,entrada,0,0,558.088,536.2307,0.0,0.0,0.0,0.0
381,saida,0,5,558.088,536.2307,0.0,0.0,0.0,0.063
382,entrada,0,0,588.7394,539.6634,21.1594,0.0,0.0,0.0
382,melhoria,1,1,567.5722,539.6634,0.0,0.0,0.0,0.001
382,melhoria,1,2,566.2163,539.6634,0.0,0.0,0.0,0.006
382,melhoria,3,5,563.5451,536.2307,0.0,0.0,0.0,0.037
382,melhoria,3,8,563.4539,536.2307,0.0,0.0,0.0,0.065
382,melhoria,3,11,563.337,536.2307,0.0,0.0,0.0,0.095
382,saida,0,16,563.337,536.2307,0.0,0.0,0.0,0.164
383,entrada,0,0,14394.9595,480.4741,10180.5478,3708.7458,0.0,0.0
383,melhoria,1,1,599.2616,528.5023,42.3189,0.0,0.0,0.0
383,melhoria,1,2,599.2522,528.5023,42.3189,0.0,0.0,0.004
383,melhoria,1,3,597.7424,528.5023,42.3189,0.0,0.0,0.006
383,melhoria,1,4,551.7175,483.2792,42.3189,0.0,0.0,0.008
383,melhoria,3,7,551.4521,482.9054,42.3189,0.0,0.0,0.028
383,melhoria,3,10,551.0082,483.0878,42.3189,0.0,0.0,0.048
383,melhoria,1,11,550.0679,483.0878,42.3189,0.0,0.0,0.052
383,melhoria,4,15,537.7744,470.896,42.3189,0.0,0.0,0.132
383,melhoria,2,17,537.7694,470.896,42.3189,0.0,0.0,0.139
383,melhoria,3,20,537.5717,470.896,42.3189,0.0,0.0,0.152
383,melhoria,1,21,536.2093,470.896,42.3189,0.0,0.0,0.16
383,saida,0,26,536.2093,470.896,42.3189,0.0,0.0,0.224
383,entrada,0,0,536.2093,470.896,42.3189,0.0,0.0,0.0
383,saida,0,5,536.2093,470.896,42.3189,0.0,0.0,0.062
383,entrada,0,0,536.2093,470.896,42.3189,0.0,0.0,0.0
383,saida,0,5,536.2093,470.896,42.3189,0.0,0.0,0.063
383,entrada,0,0,536.2093,470.896,42.3189,0.0,0.0,0.0
383,saida,0,5,536.2093,470.896,42.3189,0.0,0.0,0.064
384,entrada,0,0,5001.7737,556.3095,4418.0882,0.0,0.0,0.0
384,melhoria,1,1,4767.6083,556.166,4182.3728,0.0,0.0,0.001
384,melhoria,1,2,1571.0941,544.0574,995.264,0.0,0.0,0.002
384,melhoria,1,3,1570.1585,544.0574,995.264,0.0,0.0,0.002
384,melhoria,1,4,1567.9381,544.0574,995.264,0.0,0.0,0.002
384,melhoria,1,5,1244.2383,544.0574,673.9586,0.0,0.0,0.005
384,melhoria,2,7,1244.232,544.0574,673.9586,0.0,0.0,0.013
384,melhoria,3,10,609.0242,540.6246,42.3189,0.0,0.0,0.029
384,melhoria,2,12,609.023,540.6246,42.3189,0.0,0.0,0.038
384,melhoria,3,15,564.6384,538.4276,0.0,0.0,0.0,0.058
384,melhoria,1,16,564.2916,538.9769,0.0,0.0,0.0,0.059
384,melhoria,1,17,563.4592,538.9769,0.0,0.0,0.0,0.062
384,melhoria,3,20,563.4569,538.9769,0.0,0.0,0.0,0.07
384,melhoria,3,23,563.2161,538.9769,0.0,0.0,0.0,0.086
384,melhoria,1,24,561.647,538.9769,0.0,0.0,0.0,0.088
384,melhoria,2,26,561.5274,538.9769,0.0,0.0,0.0,0.097
384,melhoria,3,29,561.4522,538.9769,0.0,0.0,0.0,0.135
384,melhoria,1,30,561.437,538.9769,0.0,0.0,0.0,0.139
384,melhoria,1,31,560.6128,538.9769,0.0,0.0,0.0,0.139
384,melhoria,3,34,560.5792,538.9769,0.0,0.0,0.0,0.155
384,melhoria,3,37,560.5748,538.9769,0.0,0.0,0.0,0.165
384,melhoria,3,40,557.6937,536.2307,0.0,0.0,0.0,0.211
384,saida,0,45,557.6937,536.2307,0.0,0.0,0.0,0.275
384,entrada,0,0,557.6937,536.2307,0.0,0.0,0.0,0.0
384,melhoria,3,3,557.6887,536.2307,0.0,0.0,0.0,0.013
384,saida,0,8,557.6887,536.2307,0.0,0.0,0.0,0.078
384,entrada,0,0,557.6887,536.2307,0.0,0.0,0.0,0.0
384,saida,0,5,557.6887,536.2307,0.0,0.0,0.0,0.064
384,entrada,0,0,557.6887,536.2307,0.0,0.0,0.0,0.0
384,saida,0,5,557.6887,536.2307,0.0,0.0,0.0,0.077
385,entrada,0,0,1771.7089,432.0573,1316.5694,0.0,0.0,0.0
385,melhoria,1,1,1771.3342,432.0573,1316.5694,0.0,0.0,0.001
385,melhoria,1,2,1770.8703,432.0573,1316.5694,0.0,0.0,0.001
385,melhoria,1,3,1770.0287,432.0573,1316.5694,0.0,0.0,0.002
385,melhoria,1,4,1722.5048,546.014,1152.2738,0.0,0.0,0.004
385,melhoria,1,5,1699.6196,546.7006,1130.2123,0.0,0.0,0.004
385,melhoria,1,6,1619.3678,545.8424,1049.8859,0.0,0.0,0.004
385,melhoria,1,7,1457.2807,545.2931,884.2394,0.0,0.0,0.006
385,melhoria,1,8,1392.8563,544.6066,819.9784,0.0,0.0,0.006
385,melhoria,1,9,1363.8087,544.6066,789.6286,0.0,0.0,0.007
385,melhoria,1,10,1362.3919,544.6066,789.6286,0.0,0.0,0.01
385,melhoria,1,11,1360.5136,544.6066,789.6286,0.0,0.0,0.01
385,melhoria,1,12,1360.0628,544.6066,789.6286,0.0,0.0,0.01
385,melhoria,1,13,1359.1014,544.6066,789.6286,0.0,0.0,0.012
385,melhoria,1,14,1358.4261,544.6066,789.6286,0.0,0.0,0.015
385,melhoria,3,17,1104.7128,541.1738,538.5206,0.0,0.0,0.023
385,melhoria,2,19,1024.3818,541.1738,458.1942,0.0,0.0,0.032
385,melhoria,3,22,1024.1336,541.1738,458.1942,0.0,0.0,0.047
385,melhoria,3,25,1024.1021,541.1738,458.1942,0.0,0.0,0.071
385,melhoria,3,28,936.0347,538.4276,372.7737,0.0,0.0,0.08
385,melhoria,2,30,905.9528,538.4276,342.4648,0.0,0.0,0.089
385,melhoria,3,33,905.6771,538.4276,342.4648,0.0,0.0,0.125
385,melhoria,1,34,732.3279,538.4276,165.7469,0.0,0.0,0.129
385,melhoria,1,35,730.0303,538.4276,165.7469,0.0,0.0,0.135
385,melhoria,2,37,729.7954,538.4276,165.7469,0.0,0.0,0.143
385,melhoria,1,38,727.8681,538.4276,165.7469,0.0,0.0,0.148
385,melhoria,2,40,727.5256,538.4276,165.7469,0.0,0.0,0.157
385,melhoria,3,43,727.4355,538.4276,165.7469,0.0,0.0,0.177
385,melhoria,3,46,727.36,538.4276,165.7469,0.0,0.0,0.189
385,melhoria,3,49,727.3239,538.4276,165.7469,0.0,0.0,0.212
385,melhoria,3,52,561.7398,538.4276,0.0,0.0,0.0,0.224
385,melhoria,1,53,560.0227,538.4276,0.0,0.0,0.0,0.228
385,melhoria,3,56,560.0064,538.4276,0.0,0.0,0.0,0.253
385,melhoria,3,59,559.987,538.4276,0.0,0.0,0.0,0.301
385,melhoria,3,62,559.9771,538.4276,0.0,0.0,0.0,0.333
385,melhoria,3,65,559.904,538.4276,0.0,0.0,0.0,0.356
385,saida,0,70,559.904,538.4276,0.0,0.0,0.0,0.424
385,entrada,0,0,559.904,538.4276,0.0,0.0,0.0,0.0
385,saida,0,5,559.904,538.4276,0.0,0.0,0.0,0.069
385,entrada,0,0,559.904,538.4276,0.0,0.0,0.0,0.0
385,melhoria,4,4,557.6887,536.2307,0.0,0.0,0.0,0.063
385,saida,0,9,557.6887,536.2307,0.0,0.0,0.0,0.132
385,entrada,0,0,557.6887,536.2307,0.0,0.0,0.0,0.0
385,saida,0,5,557.6887,536.2307,0.0,0.0,0.0,0.07
386,entrada,0,0,1858.5817,481.7658,1346.9192,0.0,0.0,0.0
386,melhoria,1,1,1620.2042,481.5744,1107.7209,0.0,0.0,0.001
386,melhoria,1,2,1618.3376,481.5744,1107.7209,0.0,0.0,0.001
386,melhoria,1,3,1617.4009,481.5744,1107.7209,0.0,0.0,0.007
386,melhoria,1,4,1246.092,544.0574,673.9586,0.0,0.0,0.011
386,melhoria,1,5,1101.376,543.3708,529.3712,0.0,0.0,0.012
386,melhoria,1,6,1099.5139,543.3708,529.3712,0.0,0.0,0.018
386,melhoria,1,7,1074.613,543.3708,508.2117,0.0,0.0,0.021
386,melhoria,3,10,650.1878,541.1738,85.4205,0.0,0.0,0.029
386,melhoria,2,12,650.0846,541.1738,85.4205,0.0,0.0,0.037
386,melhoria,1,13,648.2258,541.1738,85.4205,0.0,0.0,0.039
386,melhoria,1,14,584.6936,540.6246,21.1594,0.0,0.0,0.043
386,melhoria,3,17,561.0358,538.4276,0.0,0.0,0.0,0.096
386,melhoria,3,20,560.9332,538.4276,0.0,0.0,0.0,0.124
386,saida,0,25,560.9332,538.4276,0.0,0.0,0.0,0.184
386,entrada,0,0,560.9332,538.4276,0.0,0.0,0.0,0.0
386,melhoria,3,3,559.2893,536.2307,0.0,0.0,0.0,0.034
386,saida,0,8,559.2893,536.2307,0.0,0.0,0.0,0.104
386,entrada,0,0,559.2893,536.2307,0.0,0.0,0.0,0.0
386,saida,0,5,559.2893,536.2307,0.0,0.0,0.0,0.063
386,entrada,0,0,559.2893,536.2307,0.0,0.0,0.0,0.0
386,saida,0,5,559.2893,536.2307,0.0,0.0,0.0,0.063
387,entrada,0,0,27842.7151,681.1017,13057.3624,14073.0915,0.0,0.0
387,melhoria,1,1,27196.1631,678.6302,12826.0225,13657.866,0.0,0.003
387,melhoria,1,2,27194.4112,678.6302,12826.0225,13657.866,0.0,0.004
387,melhoria,1,3,26570.9343,676.1586,12615.8421,13242.6406,0.0,0.005
387,melhoria,1,4,26510.8439,669.9796,13483.3666,12317.718,0.0,0.005
387,melhoria,1,5,3504.6806,534.7889,2934.0675,0.0,0.0,0.006
387,melhoria,1,6,3101.7257,536.8829,2532.4357,0.0,0.0,0.007
387,melhoria,1,7,2297.9828,538.9769,1729.1722,0.0,0.0,0.008
387,melhoria,1,8,2296.9143,538.9769,1729.1722,0.0,0.0,0.009
387,melhoria,1,9,2296.3327,538.9769,1729.1722,0.0,0.0,0.013
387,melhoria,1,10,1891.9682,538.9769,1327.5405,0.0,0.0,0.014
387,melhoria,1,11,1231.4249,538.9769,663.7702,0.0,0.0,0.014
387,melhoria,1,12,829.9487,541.0709,262.1385,0.0,0.0,0.016
387,melhoria,1,13,568.5039,538.9769,0.0,0.0,0.0,0.016
387,melhoria,1,14,567.7283,540.5216,0.0,0.0,0.0,0.018
387,melhoria,1,15,566.1158,540.5216,0.0,0.0,0.0,0.021
387,melhoria,1,16,565.282,540.5216,0.0,0.0,0.0,0.026
387,melhoria,1,17,562.769,538.9769,0.0,0.0,0.0,0.03
387,melhoria,3,20,562.4525,538.9769,0.0,0.0,0.0,0.039
387,melhoria,3,23,562.2999,538.9769,0.0,0.0,0.0,0.054
387,melhoria,3,26,562.2896,538.9769,0.0,0.0,0.0,0.094
387,melhoria,3,29,562.2831,538.9769,0.0,0.0,0.0,0.132
387,melhoria,3,32,562.2023,538.9769,0.0,0.0,0.0,0.163
387,melhoria,3,35,562.1456,538.9769,0.0,0.0,0.0,0.175
387,melhoria,3,38,561.49,538.9769,0.0,0.0,0.0,0.191
387,melhoria,3,41,559.653,536.2307,0.0,0.0,0.0,0.226
387,melhoria,3,44,559.5208,536.2307,0.0,0.0,0.0,0.243
387,saida,0,49,559.5208,536.2307,0.0,0.0,0.0,0.309
387,entrada,0,0,559.5208,536.2307,0.0,0.0,0.0,0.0
387,melhoria,3,3,559.5207,536.2307,0.0,0.0,0.0,0.045
387,saida,0,8,559.5207,536.2307,0.0,0.0,0.0,0.109
387,entrada,0,0,559.5207,536.2307,0.0,0.0,0.0,0.0
387,melhoria,3,3,559.5137,536.2307,0.0,0.0,0.0,0.03
387,saida,0,8,559.5137,536.2307,0.0,0.0,0.0,0.091
387,entrada,0,0,559.5137,536.2307,0.0,0.0,0.0,0.0
387,saida,0,5,559.5137,536.2307,0.0,0.0,0.0,0.061
388,entrada,0,0,8055.2326,481.0003,4374.7782,3173.9773,0.0,0.0
388,melhoria,1,1,568.2663,539.6634,0.0,0.0,0.0,0.0
388,melhoria,1,2,565.8503,539.6634,0.0,0.0,0.0,0.003
388,melhoria,1,3,531.59,483.5184,21.1594,0.0,0.0,0.004
388,melhoria,1,4,530.0739,483.5184,21.1594,0.0,0.0,0.005
388,melhoria,1,5,449.5355,425.1918,0.0,0.0,0.0,0.011
388,melhoria,3,8,449.4437,425.1918,0.0,0.0,0.0,0.035
388,saida,0,13,449.4437,425.1918,0.0,0.0,0.0,0.096
388,entrada,0,0,449.4437,425.1918,0.0,0.0,0.0,0.0
388,saida,0,5,449.4437,425.1918,0.0,0.0,0.0,0.06
388,entrada,0,0,449.4437,425.1918,0.0,0.0,0.0,0.0
388,saida,0,5,449.4437,425.1918,0.0,0.0,0.0,0.055
388,entrada,0,0,449.4437,425.1918,0.0,0.0,0.0,0.0
388,saida,0,5,449.4437,425.1918,0.0,0.0,0.0,0.061
390,entrada,0,0,588.7394,539.6634,21.1594,0.0,0.0,0.0
390,melhoria,1,1,587.3835,539.6634,21.1594,0.0,0.0,0.005
390,melhoria,1,2,566.5186,541.2082,0.0,0.0,0.0,0.008
390,melhoria,1,3,566.2163,539.6634,0.0,0.0,0.0,0.01
390,melhoria,3,6,566.1276,539.6634,0.0,0.0,0.0,0.026
390,melhoria,3,9,563.4539,536.2307,0.0,0.0,0.0,0.038
390,melhoria,3,12,563.3176,536.2307,0.0,0.0,0.0,0.055
390,melhoria,1,13,563.0825,536.2307,0.0,0.0,0.0,0.061
390,melhoria,1,14,562.4017,536.2307,0.0,0.0,0.0,0.072
390,melhoria,1,15,561.5664,536.2307,0.0,0.0,0.0,0.085
390,melhoria,3,18,561.4343,536.2307,0.0,0.0,0.0,0.108
390,melhoria,3,21,561.2569,536.2307,0.0,0.0,0.0,0.126
390,saida,0,26,561.2569,536.2307,0.0,0.0,0.0,0.187
391,entrada,0,0,40217.7365,708.4839,22848.0985,16630.2001,0.0,0.0
391,melhoria,1,1,40216.2391,708.4839,22848.0985,16630.2001,0.0,0.0
391,melhoria,1,2,40215.3126,708.4839,22848.0985,16630.2001,0.0,0.004
391,melhoria,2,4,40093.2419,708.4839,22725.7119,16630.2001,0.0,0.012
391,melhoria,1,5,40065.0134,708.4839,22695.1152,16630.2001,0.0,0.012
391,melhoria,1,6,40063.5655,708.4839,22695.1152,16630.2001,0.0,0.015
391,melhoria,1,7,40027.2894,708.4839,22656.8694,16630.2001,0.0,0.016
391,melhoria,1,8,40025.8415,708.4839,22656.8694,16630.2001,0.0,0.018
391,melhoria,1,9,39917.7948,708.072,22593.8354,16584.0639,0.0,0.023
391,melhoria,2,11,32905.7386,708.072,15581.7792,16584.0639,0.0,0.032
391,melhoria,1,12,32905.2156,708.072,15581.7792,16584.0639,0.0,0.038
391,melhoria,1,13,32904.2823,708.072,15581.7792,16584.0639,0.0,0.044
391,melhoria,1,14,32902.0376,708.072,15581.7792,16584.0639,0.0,0.046
391,melhoria,2,16,32901.8314,708.072,15581.7792,16584.0639,0.0,0.054
391,melhoria,1,17,32901.2462,708.072,15581.7792,16584.0639,0.0,0.059
391,melhoria,1,18,32899.4942,708.072,15581.7792,16584.0639,0.0,0.061
391,melhoria,2,20,32899.4579,708.072,15581.7792,16584.0639,0.0,0.071
391,melhoria,1,21,32898.8726,708.072,15581.7792,16584.0639,0.0,0.072
391,melhoria,3,24,32898.8532,708.072,15581.7792,16584.0639,0.0,0.087
391,melhoria,3,27,23817.2063,627.4117,15615.4215,7550.1072,0.0,0.106
391,melhoria,2,29,23664.2849,627.4117,15462.4381,7550.1072,0.0,0.116
391,melhoria,3,32,23664.2783,627.4117,15462.4381,7550.1072,0.0,0.135
391,melhoria,3,35,16062.9384,626.5846,7954.5611,7457.4783,0.0,0.175
391,melhoria,1,36,15243.0086,622.5966,7581.2818,7010.8192,0.0,0.178
391,melhoria,2,38,14544.5261,618.4124,7355.3913,6542.1933,0.0,0.187
391,melhoria,1,39,14261.8255,614.4244,7516.2169,6095.5342,0.0,0.192
391,melhoria,2,41,13218.9397,610.1651,6583.4381,5989.7774,0.0,0.2
391,melhoria,1,42,13215.7154,610.1651,6583.4381,5989.7774,0.0,0.203
391,melhoria,1,43,13213.4451,610.1651,6583.4381,5989.7774,0.0,0.204
391,melhoria,1,44,13212.5118,610.1651,6583.4381,5989.7774,0.0,0.214
391,melhoria,2,46,13212.2676,610.1651,6583.4381,5989.7774,0.0,0.23
391,melhoria,2,48,13212.1645,610.1651,6583.4381,5989.7774,0.0,0.242
391,melhoria,1,49,756.1989,541.8604,190.1194,0.0,0.0,0.246
391,melhoria,1,50,587.7132,540.6246,21.1594,0.0,0.0,0.256
391,melhoria,2,52,585.5039,538.4276,21.1594,0.0,0.0,0.266
391,melhoria,2,54,564.4224,538.4276,0.0,0.0,0.0,0.275
391,melhoria,1,55,563.931,539.6634,0.0,0.0,0.0,0.284
391,melhoria,2,57,563.7492,539.6634,0.0,0.0,0.0,0.298
391,melhoria,3,60,563.7156,539.6634,0.0,0.0,0.0,0.326
391,melhoria,3,63,563.7025,539.6634,0.0,0.0,0.0,0.379
391,melhoria,1,64,563.1147,539.6634,0.0,0.0,0.0,0.38
391,melhoria,3,67,562.9918,539.6634,0.0,0.0,0.0,0.411
391,melhoria,3,70,562.9351,539.6634,0.0,0.0,0.0,0.44
391,melhoria,3,73,559.634,536.2307,0.0,0.0,0.0,0.454
391,saida,0,78,559.634,536.2307,0.0,0.0,0.0,0.525
391,entrada,0,0,559.634,536.2307,0.0,0.0,0.0,0.0
391,melhoria,3,3,559.6321,536.2307,0.0,0.0,0.0,0.047
391,melhoria,2,5,559.5026,536.2307,0.0,0.0,0.0,0.055
391,melhoria,2,7,559.4428,536.2307,0.0,0.0,0.0,0.065
391,melhoria,3,10,559.2962,536.2307,0.0,0.0,0.0,0.09
391,melhoria,1,11,557.079,536.2307,0.0,0.0,0.0,0.095
391,melhoria,3,14,557.0691,536.2307,0.0,0.0,0.0,0.104
391,melhoria,3,17,557.0035,536.2307,0.0,0.0,0.0,0.152
391,saida,0,22,557.0035,536.2307,0.0,0.0,0.0,0.216
391,entrada,0,0,557.0035,536.2307,0.0,0.0,0.0,0.0
391,saida,0,5,557.0035,536.2307,0.0,0.0,0.0,0.061
391,entrada,0,0,557.0035,536.2307,0.0,0.0,0.0,0.0
391,saida,0,5,557.0035,536.2307,0.0,0.0,0.0,0.063
392,entrada,0,0,568.5969,539.6634,0.0,0.0,0.0,0.0
392,melhoria,1,1,567.3633,539.6634,0.0,0.0,0.0,0.0
392,melhoria,1,2,533.0874,483.5184,21.1594,0.0,0.0,0.002
392,melhoria,1,3,532.1541,483.5184,21.1594,0.0,0.0,0.002
392,melhoria,1,4,531.5838,483.5184,21.1594,0.0,0.0,0.003
392,melhoria,1,5,450.4688,425.1918,0.0,0.0,0.0,0.004
392,melhoria,1,6,449.5355,425.1918,0.0,0.0,0.0,0.006
392,melhoria,3,9,449.4437,425.1918,0.0,0.0,0.0,0.045
392,saida,0,14,449.4437,425.1918,0.0,0.0,0.0,0.104
392,entrada,0,0,449.4437,425.1918,0.0,0.0,0.0,0.0
392,saida,0,5,449.4437,425.1918,0.0,0.0,0.0,0.061
392,entrada,0,0,449.4437,425.1918,0.0,0.0,0.0,0.0
392,saida,0,5,449.4437,425.1918,0.0,0.0,0.0,0.063
392,entrada,0,0,449.4437,425.1918,0.0,0.0,0.0,0.0
392,saida,0,5,449.4437,425.1918,0.0,0.0,0.0,0.062
393,entrada,0,0,8055.2326,481.0003,4374.7782,3173.9773,0.0,0.0
393,melhoria,1,1,568.2663,539.6634,0.0,0.0,0.0,0.001
393,melhoria,1,2,567.6816,539.6634,0.0,0.0,0.0,0.003
393,melhoria,1,3,565.8503,539.6634,0.0,0.0,0.0,0.007
393,melhoria,1,4,531.59,483.5184,21.1594,0.0,0.0,0.009
393,melhoria,1,5,530.0739,483.5184,21.1594,0.0,0.0,0.013
393,melhoria,1,6,449.5355,425.1918,0.0,0.0,0.0,0.015
393,melhoria,3,9,449.4437,425.1918,0.0,0.0,0.0,0.06
393,saida,0,14,449.4437,425.1918,0.0,0.0,0.0,0.12
393,entrada,0,0,449.4437,425.1918,0.0,0.0,0.0,0.0
393,saida,0,5,449.4437,425.1918,0.0,0.0,0.0,0.057
393,entrada,0,0,449.4437,425.1918,0.0,0.0,0.0,0.0
393,saida,0,5,449.4437,425.1918,0.0,0.0,0.0,0.06
393,entrada,0,0,449.4437,425.1918,0.0,0.0,0.0,0.0
393,saida,0,5,449.4437,425.1918,0.0,0.0,0.0,0.057
394,entrada,0,0,8057.1925,481.0003,4374.7782,3173.9773,0.0,0.0
394,melhoria,1,1,2094.6528,539.1142,1524.0298,0.0,0.0,0.0
394,melhoria,1,2,569.7637,539.6634,0.0,0.0,0.0,0.002
394,melhoria,1,3,568.2663,539.6634,0.0,0.0,0.0,0.002
394,melhoria,1,4,565.8503,539.6634,0.0,0.0,0.0,0.006
394,melhoria,1,5,531.59,483.5184,21.1594,0.0,0.0,0.012
394,melhoria,1,6,530.0739,483.5184,21.1594,0.0,0.0,0.014
394,melhoria,1,7,449.5355,425.1918,0.0,0.0,0.0,0.018
394,melhoria,3,10,449.4437,425.1918,0.0,0.0,0.0,0.036
394,saida,0,15,449.4437,425.1918,0.0,0.0,0.0,0.092
394,entrada,0,0,449.4437,425.1918,0.0,0.0,0.0,0.0
394,saida,0,5,449.4437,425.1918,0.0,0.0,0.0,0.059
394,entrada,0,0,449.4437,425.1918,0.0,0.0,0.0,0.0
394,saida,0,5,449.4437,425.1918,0.0,0.0,0.0,0.061
394,entrada,0,0,449.4437,425.1918,0.0,0.0,0.0,0.0
394,saida,0,5,449.4437,425.1918,0.0,0.0,0.0,0.061
395,entrada,0,0,1324.9926,483.2194,814.4561,0.0,0.0,0.0
395,melhoria,1,1,947.076,428.6246,493.3227,0.0,0.0,0.002
395,melhoria,1,2,501.3653,475.0,0.0,0.0,0.0,0.005
395,melhoria,1,3,454.0566,428.6246,0.0,0.0,0.0,0.011
395,melhoria,2,5,453.97,428.6246,0.0,0.0,0.0,0.02
395,melhoria,1,6,452.3722,428.6246,0.0,0.0,0.0,0.023
395,melhoria,3,9,452.1019,428.6246,0.0,0.0,0.0,0.07
395,melhoria,3,12,451.9841,428.6246,0.0,0.0,0.0,0.102
395,melhoria,3,15,451.5944,428.6246,0.0,0.0,0.0,0.122
395,saida,0,20,451.5944,428.6246,0.0,0.0,0.0,0.177
395,entrada,0,0,451.5944,428.6246,0.0,0.0,0.0,0.0
395,saida,0,5,451.5944,428.6246,0.0,0.0,0.0,0.059
395,entrada,0,0,451.5944,428.6246,0.0,0.0,0.0,0.0
395,saida,0,5,451.5944,428.6246,0.0,0.0,0.0,0.059
395,entrada,0,0,451.5944,428.6246,0.0,0.0,0.0,0.0
395,saida,0,5,451.5944,428.6246,0.0,0.0,0.0,0.065
396,entrada,0,0,2081.9001,538.4276,1515.9649,0.0,0.0,0.0
396,melhoria,1,1,716.4939,538.9769,149.6816,0.0,0.0,0.004
396,melhoria,2,3,716.353,538.9769,149.6816,0.0,0.0,0.013
396,melhoria,1,4,716.2073,539.6634,149.6816,0.0,0.0,0.017
396,melhoria,3,7,712.796,536.2307,149.6816,0.0,0.0,0.048
396,melhoria,3,10,712.6252,536.2307,149.6816,0.0,0.0,0.073
396,melhoria,3,13,712.5383,536.2307,149.6816,0.0,0.0,0.092
396,saida,0,18,712.5383,536.2307,149.6816,0.0,0.0,0.16
396,entrada,0,0,712.5383,536.2307,149.6816,0.0,0.0,0.0
396,melhoria,3,3,712.4813,536.2307,149.6816,0.0,0.0,0.011
396,melhoria,1,4,620.3645,536.2307,59.891,0.0,0.0,0.014
396,melhoria,1,5,562.7914,536.2307,0.0,0.0,0.0,0.02
396,melhoria,3,8,562.6831,536.2307,0.0,0.0,0.0,0.052
396,melhoria,3,11,562.6329,536.2307,0.0,0.0,0.0,0.106
396,saida,0,16,562.6329,536.2307,0.0,0.0,0.0,0.173
397,entrada,0,0,19881.2984,530.5367,10079.3183,9244.1146,0.0,0.0
397,melhoria,1,1,19874.5351,641.9483,10024.2443,9178.2141,0.0,0.001
397,melhoria,1,2,19873.6114,641.9483,10024.2443,9178.2141,0.0,0.002
397,melhoria,1,3,19563.0834,639.5947,9977.863,8914.612,0.0,0.002
397,melhoria,1,4,19499.8588,639.5947,9913.6019,8914.612,0.0,0.003
397,melhoria,1,5,19342.8971,639.5947,9753.8615,8914.612,0.0,0.004
397,melhoria,1,6,19263.755,639.5947,9673.5352,8914.612,0.0,0.007
397,melhoria,1,7,19261.8883,639.5947,9673.5352,8914.612,0.0,0.01
397,melhoria,1,8,19261.4165,639.5947,9673.5352,8914.612,0.0,0.015
397,melhoria,2,10,13324.582,609.4785,6845.5766,5835.9902,0.0,0.022
397,melhoria,1,11,13324.0758,609.4785,6845.5766,5835.9902,0.0,0.023
397,melhoria,1,12,1457.1001,541.1738,886.3195,0.0,0.0,0.025
397,melhoria,1,13,1454.8248,541.1738,886.3195,0.0,0.0,0.028
397,melhoria,1,14,1388.3864,541.8604,819.4671,0.0,0.0,0.029
397,melhoria,1,15,1387.4495,541.8604,819.4671,0.0,0.0,0.035
397,melhoria,1,16,1385.9918,541.8604,819.4671,0.0,0.0,0.036
397,melhoria,2,18,1385.7772,541.8604,819.4671,0.0,0.0,0.043
397,melhoria,1,19,1384.7875,541.8604,819.4671,0.0,0.0,0.045
397,melhoria,3,22,1202.1763,539.6634,638.9828,0.0,0.0,0.058
397,melhoria,1,23,1193.9223,539.6634,629.7924,0.0,0.0,0.058
397,melhoria,3,26,1193.6028,539.6634,629.7924,0.0,0.0,0.072
397,melhoria,1,27,1192.6694,539.6634,629.7924,0.0,0.0,0.074
397,melhoria,2,29,962.6428,539.6634,399.7844,0.0,0.0,0.083
397,melhoria,1,30,961.9708,539.6634,399.7844,0.0,0.0,0.085
397,melhoria,1,31,961.0285,539.6634,399.7844,0.0,0.0,0.092
397,melhoria,3,34,961.0136,539.6634,399.7844,0.0,0.0,0.106
397,melhoria,2,36,960.9392,539.6634,399.7844,0.0,0.0,0.115
397,melhoria,1,37,960.4885,539.6634,399.7844,0.0,0.0,0.117
397,melhoria,2,39,960.373,539.6634,399.7844,0.0,0.0,0.125
397,melhoria,2,41,960.2657,539.6634,399.7844,0.0,0.0,0.134
397,melhoria,3,44,799.7027,539.6634,239.2344,0.0,0.0,0.164
397,melhoria,3,47,799.6439,539.6634,239.2344,0.0,0.0,0.184
397,melhoria,3,50,799.5369,539.6634,239.2344,0.0,0.0,0.21
397,melhoria,3,53,799.4855,539.6634,239.2344,0.0,0.0,0.223
397,melhoria,3,56,799.4557,539.6634,239.2344,0.0,0.0,0.242
397,melhoria,2,58,799.3277,539.6634,239.2344,0.0,0.0,0.253
397,melhoria,2,60,799.2287,539.6634,239.2344,0.0,0.0,0.259
397,melhoria,1,61,656.986,539.6634,96.5984,0.0,0.0,0.265
397,melhoria,3,64,581.6503,539.6634,21.1594,0.0,0.0,0.281
397,saida,0,69,581.6503,539.6634,21.1594,0.0,0.0,0.339
397,entrada,0,0,581.6503,539.6634,21.1594,0.0,0.0,0.0
397,saida,0,5,581.6503,539.6634,21.1594,0.0,0.0,0.061
398,entrada,0,0,529.5894,483.2792,21.1594,0.0,0.0,0.0
398,melhoria,3,3,529.5305,482.9802,21.1594,0.0,0.0,0.025
398,melhoria,2,5,529.4489,482.9802,21.1594,0.0,0.0,0.034
398,melhoria,3,8,517.264,470.896,21.1594,0.0,0.0,0.048
398,melhoria,3,11,516.5169,470.896,21.1594,0.0,0.0,0.073
398,saida,0,16,516.5169,470.896,21.1594,0.0,0.0,0.136
398,entrada,0,0,516.5169,470.896,21.1594,0.0,0.0,0.0
398,melhoria,3,3,516.3259,470.896,21.1594,0.0,0.0,0.033
398,melhoria,1,4,514.8255,470.896,21.1594,0.0,0.0,0.035
398,saida,0,9,514.8255,470.896,21.1594,0.0,0.0,0.096
398,entrada,0,0,514.8255,470.896,21.1594,0.0,0.0,0.0
398,saida,0,5,514.8255,470.896,21.1594,0.0,0.0,0.064
398,entrada,0,0,514.8255,470.896,21.1594,0.0,0.0,0.0
398,saida,0,5,514.8255,470.896,21.1594,0.0,0.0,0.06
398,entrada,0,0,34495.6078,700.8744,16375.1152,17394.895,0.0,0.0
398,melhoria,1,1,34494.0912,700.8744,16375.1152,17394.895,0.0,0.001
398,melhoria,1,2,34493.5162,700.8744,16375.1152,17394.895,0.0,0.002
398,melhoria,1,3,34492.5828,700.8744,16375.1152,17394.895,0.0,0.002
398,melhoria,1,4,34492.0095,700.8744,16375.1152,17394.895,0.0,0.004
398,melhoria,1,5,34491.0728,700.8744,16375.1152,17394.895,0.0,0.006
398,melhoria,3,8,33080.5075,696.4805,15706.8,16656.7164,0.0,0.012
398,melhoria,1,9,32728.7077,695.382,15539.7212,16472.1718,0.0,0.017
398,melhoria,1,10,32288.2828,694.0089,15330.8727,16241.491,0.0,0.021
398,melhoria,1,11,32287.6994,694.0089,15330.8727,16241.491,0.0,0.023
398,melhoria,3,14,30877.1803,689.615,14662.5575,15503.3124,0.0,0.032
398,melhoria,1,15,30525.9971,688.5165,14495.4787,15318.7678,0.0,0.033
398,melhoria,1,16,30524.4805,688.5165,14495.4787,15318.7678,0.0,0.036
398,melhoria,1,17,30524.4784,688.5165,14495.4787,15318.7678,0.0,0.045
398,melhoria,3,20,29113.9514,684.1226,13827.1634,14580.5892,0.0,0.057
398,melhoria,3,23,29113.5411,684.1226,13827.1634,14580.5892,0.0,0.073
398,melhoria,3,26,28675.8973,678.6302,14317.3648,13657.866,0.0,0.085
398,melhoria,1,27,26910.9922,677.2571,12782.9209,13427.1852,0.0,0.091
398,melhoria,3,30,26910.6555,677.2571,12782.9209,13427.1852,0.0,0.122
398,saida,0,35,26910.6555,677.2571,12782.9209,13427.1852,0.0,0.192
399,entrada,0,0,757.7831,482.1963,251.1674,0.0,0.0,0.0
399,melhoria,1,1,757.2278,482.1963,251.1674,0.0,0.0,0.001
399,melhoria,1,2,673.1148,482.005,165.7469,0.0,0.0,0.002
399,melhoria,3,5,673.1135,482.005,165.7469,0.0,0.0,0.022
399,melhoria,3,8,506.9456,481.2395,0.0,0.0,0.0,0.074
399,melhoria,1,9,449.542,425.1918,0.0,0.0,0.0,0.076
399,melhoria,3,12,449.5355,425.1918,0.0,0.0,0.0,0.115
399,melhoria,3,15,449.4437,425.1918,0.0,0.0,0.0,0.14
399,saida,0,20,449.4437,425.1918,0.0,0.0,0.0,0.212
399,entrada,0,0,449.4437,425.1918,0.0,0.0,0.0,0.0
399,saida,0,5,449.4437,425.1918,0.0,0.0,0.0,0.067
399,entrada,0,0,449.4437,425.1918,0.0,0.0,0.0,0.0
399,saida,0,5,449.4437,425.1918,0.0,0.0,0.0,0.065
399,entrada,0,0,449.4437,425.1918,0.0,0.0,0.0,0.0
399,saida,0,5,449.4437,425.1918,0.0,0.0,0.0,0.067
400,entrada,0,0,28294.7087,682.8181,13218.0151,14361.4425,0.0,0.0
400,melhoria,1,1,28147.6798,679.7286,13592.6105,13842.4107,0.0,0.001
400,melhoria,1,2,27904.2063,677.2571,13762.9023,13427.1852,0.0,0.001
400,melhoria,1,3,27900.8453,677.2571,13762.9023,13427.1852,0.0,0.002
400,melhoria,1,4,27496.4225,677.2571,13361.2706,13427.1852,0.0,0.002
400,melhoria,1,5,26800.671,673.0691,13370.9098,12723.6088,0.0,0.002
400,melhoria,1,6,26797.871,673.0691,13370.9098,12723.6088,0.0,0.005
400,melhoria,1,7,26796.9376,673.0691,13370.9098,12723.6088,0.0,0.006
400,melhoria,1,8,26101.2239,669.9796,13081.7349,12317.718,0.0,0.009
400,melhoria,1,9,3095.0606,534.7889,2532.4357,0.0,0.0,0.01
400,melhoria,1,10,2291.7993,536.0247,1729.1722,0.0,0.0,0.01
400,melhoria,1,11,2290.3427,536.0247,1729.1722,0.0,0.0,0.011
400,melhoria,1,12,1891.2489,537.2605,1327.5405,0.0,0.0,0.013
400,melhoria,1,13,1890.5518,538.1187,1327.5405,0.0,0.0,0.014
400,melhoria,1,14,1315.8477,538.1187,750.0928,0.0,0.0,0.015
400,melhoria,1,15,1074.8522,538.1187,509.1138,0.0,0.0,0.018
400,melhoria,1,16,987.0194,538.1187,422.7912,0.0,0.0,0.018
400,melhoria,1,17,908.1016,537.5695,342.4648,0.0,0.0,0.019
400,melhoria,1,18,587.1327,539.6634,21.1594,0.0,0.0,0.02
400,melhoria,3,21,587.0492,539.6634,21.1594,0.0,0.0,0.045
400,melhoria,3,24,586.9532,539.6634,21.1594,0.0,0.0,0.078
400,melhoria,3,27,586.8606,539.6634,21.1594,0.0,0.0,0.097
400,saida,0,32,586.8606,539.6634,21.1594,0.0,0.0,0.162
400,entrada,0,0,586.8606,539.6634,21.1594,0.0,0.0,0.0
400,melhoria,3,3,586.8206,539.6634,21.1594,0.0,0.0,0.01
400,melhoria,1,4,568.0456,539.6634,0.0,0.0,0.0,0.015
400,melhoria,1,5,567.3833,539.6634,0.0,0.0,0.0,0.017
400,melhoria,1,6,566.8006,539.6634,0.0,0.0,0.0,0.018
400,melhoria,3,9,566.7994,539.6634,0.0,0.0,0.0,0.028
400,melhoria,3,12,566.6612,539.6634,0.0,0.0,0.0,0.042
400,melhoria,3,15,566.5149,539.6634,0.0,0.0,0.0,0.056
400,melhoria,3,18,566.5086,539.6634,0.0,0.0,0.0,0.083
400,melhoria,3,21,566.3436,539.6634,0.0,0.0,0.0,0.143
400,saida,0,26,566.3436,539.6634,0.0,0.0,0.0,0.214
401,entrada,0,0,1132.2117,481.7658,623.9821,0.0,0.0,0.0
401,melhoria,1,1,1131.7133,481.7658,623.9821,0.0,0.0,0.001
401,melhoria,1,2,1130.219,481.7658,623.9821,0.0,0.0,0.003
401,melhoria,3,5,1013.4128,480.809,508.2117,0.0,0.0,0.013
401,melhoria,1,6,1011.8804,481.2395,508.2117,0.0,0.0,0.014
401,melhoria,1,7,960.6557,431.3708,508.2117,0.0,0.0,0.018
401,melhoria,3,10,960.5838,431.3708,508.2117,0.0,0.0,0.034
401,melhoria,3,13,960.4306,431.3708,508.2117,0.0,0.0,0.045
401,melhoria,2,15,960.216,431.3708,508.2117,0.0,0.0,0.052
401,saida,0,20,960.216,431.3708,508.2117,0.0,0.0,0.11
402,entrada,0,0,12924.1137,483.327,7037.848,5377.8083,0.0,0.0
402,melhoria,1,1,10831.4455,597.402,6016.3597,4189.0191,0.0,0.0
402,melhoria,1,2,10288.6922,597.402,5474.2305,4189.0191,0.0,0.0
402,melhoria,1,3,10224.9475,596.8049,5477.5107,4122.1461,0.0,0.006
402,melhoria,1,4,9407.0358,585.4692,5940.5223,2852.5516,0.0,0.013
402,melhoria,1,5,7943.939,586.0505,4411.7296,2917.6505,0.0,0.017
402,melhoria,1,6,7943.3687,586.0505,4411.7296,2917.6505,0.0,0.019
402,melhoria,1,7,562.8671,536.9172,0.0,0.0,0.0,0.019
402,melhoria,2,9,562.8385,536.9172,0.0,0.0,0.0,0.027
402,melhoria,3,12,562.8362,536.9172,0.0,0.0,0.0,0.048
402,melhoria,3,15,562.7444,536.9172,0.0,0.0,0.0,0.088
402,melhoria,3,18,562.5846,536.9172,0.0,0.0,0.0,0.118
402,melhoria,3,21,562.5834,536.9172,0.0,0.0,0.0,0.145
402,melhoria,3,24,562.4969,536.9172,0.0,0.0,0.0,0.195
402,melhoria,1,25,562.1073,536.9172,0.0,0.0,0.0,0.197
402,saida,0,30,562.1073,536.9172,0.0,0.0,0.0,0.262
402,entrada,0,0,562.1073,536.9172,0.0,0.0,0.0,0.0
402,saida,0,5,562.1073,536.9172,0.0,0.0,0.0,0.061
403,entrada,0,0,567.5722,539.6634,0.0,0.0,0.0,0.0
403,melhoria,1,1,566.2163,539.6634,0.0,0.0,0.0,0.003
403,melhoria,3,4,566.1276,539.6634,0.0,0.0,0.0,0.032
403,melhoria,3,7,563.4064,536.2307,0.0,0.0,0.0,0.056
403,melhoria,1,8,563.3807,536.9172,0.0,0.0,0.0,0.061
403,melhoria,3,11,563.364,536.9172,0.0,0.0,0.0,0.107
403,melhoria,3,14,563.221,536.9172,0.0,0.0,0.0,0.158
403,melhoria,1,15,562.926,536.9172,0.0,0.0,0.0,0.158
403,melhoria,2,17,562.9041,536.9172,0.0,0.0,0.0,0.168
403,melhoria,3,20,562.5834,536.9172,0.0,0.0,0.0,0.191
403,melhoria,3,23,562.4969,536.9172,0.0,0.0,0.0,0.241
403,melhoria,1,24,562.1073,536.9172,0.0,0.0,0.0,0.246
403,saida,0,29,562.1073,536.9172,0.0,0.0,0.0,0.303
405,entrada,0,0,531.2207,483.5184,21.1594,0.0,0.0,0.0
405,melhoria,1,1,530.1556,483.5184,21.1594,0.0,0.0,0.001
405,melhoria,1,2,449.5355,425.1918,0.0,0.0,0.0,0.005
405,melhoria,3,5,449.4437,425.1918,0.0,0.0,0.0,0.045
405,saida,0,10,449.4437,425.1918,0.0,0.0,0.0,0.108
405,entrada,0,0,449.4437,425.1918,0.0,0.0,0.0,0.0
405,saida,0,5,449.4437,425.1918,0.0,0.0,0.0,0.065
405,entrada,0,0,449.4437,425.1918,0.0,0.0,0.0,0.0
405,saida,0,5,449.4437,425.1918,0.0,0.0,0.0,0.067
405,entrada,0,0,449.4437,425.1918,0.0,0.0,0.0,0.0
405,saida,0,5,449.4437,425.1918,0.0,0.0,0.0,0.073
407,entrada,0,0,21022.9773,541.7574,10897.4981,9556.7325,0.0,0.0
407,melhoria,1,1,3118.1024,558.1783,2527.8109,0.0,0.0,0.0
407,melhoria,1,2,3117.1691,558.1783,2527.8109,0.0,0.0,0.001
407,melhoria,1,3,2885.4263,558.1783,2297.8029,0.0,0.0,0.005
407,melhoria,1,4,2884.493,558.1783,2297.8029,0.0,0.0,0.012
407,melhoria,3,7,2791.2496,558.1783,2204.5246,0.0,0.0,0.029
407,melhoria,1,8,562.3954,514.2337,21.1594,0.0,0.0,0.033
407,melhoria,3,11,561.9302,513.851,21.1594,0.0,0.0,0.077
407,melhoria,1,12,561.8358,513.7553,21.1594,0.0,0.0,0.086
407,melhoria,3,15,559.5655,511.5038,21.1594,0.0,0.0,0.111
407,melhoria,3,18,531.1057,483.2792,21.1594,0.0,0.0,0.138
407,melhoria,3,21,530.8269,483.0878,21.1594,0.0,0.0,0.15
407,saida,0,26,530.8269,483.0878,21.1594,0.0,0.0,0.215
407,entrada,0,0,530.8269,483.0878,21.1594,0.0,0.0,0.0
407,melhoria,3,3,518.5335,470.896,21.1594,0.0,0.0,0.046
407,saida,0,8,518.5335,470.896,21.1594,0.0,0.0,0.11
407,entrada,0,0,518.5335,470.896,21.1594,0.0,0.0,0.0
407,melhoria,3,3,518.523,470.896,21.1594,0.0,0.0,0.016
407,melhoria,1,4,517.8435,470.896,21.1594,0.0,0.0,0.017
407,melhoria,1,5,516.7659,470.896,21.1594,0.0,0.0,0.018
407,melhoria,1,6,516.1831,470.896,21.1594,0.0,0.0,0.021
407,melhoria,3,9,516.0663,470.896,21.1594,0.0,0.0,0.053
407,saida,0,14,516.0663,470.896,21.1594,0.0,0.0,0.116
407,entrada,0,0,516.0663,470.896,21.1594,0.0,0.0,0.0
407,saida,0,5,516.0663,470.896,21.1594,0.0,0.0,0.062
409,entrada,0,0,20378.1479,640.7062,10662.3156,9039.0908,0.0,0.0
409,melhoria,1,1,20087.0836,640.7062,10373.1408,9039.0908,0.0,0.0
409,melhoria,1,2,20085.2092,640.7062,10373.1408,9039.0908,0.0,0.001
409,melhoria,1,3,19974.6173,640.7062,10260.6839,9039.0908,0.0,0.004
409,melhoria,1,4,19937.3251,637.7642,10555.8059,8709.5882,0.0,0.007
409,melhoria,1,5,19935.4539,637.7642,10555.8059,8709.5882,0.0,0.009
409,melhoria,1,6,19304.879,635.4106,10190.9224,8445.9861,0.0,0.012
409,melhoria,1,7,19303.9457,635.4106,10190.9224,8445.9861,0.0,0.02
409,melhoria,2,9,13200.9625,607.2816,7218.2909,5343.8711,0.0,0.027
409,melhoria,1,10,13198.1625,607.2816,7218.2909,5343.8711,0.0,0.031
409,melhoria,2,12,12791.145,607.2816,6811.565,5343.8711,0.0,0.039
409,melhoria,1,13,12790.5561,607.2816,6811.565,5343.8711,0.0,0.041
409,melhoria,3,16,12790.24,607.2816,6811.565,5343.8711,0.0,0.051
409,melhoria,1,17,12789.3038,607.2816,6811.565,5343.8711,0.0,0.053
409,melhoria,1,18,12788.0185,607.2816,6811.565,5343.8711,0.0,0.056
409,melhoria,3,21,12787.9669,607.2816,6811.565,5343.8711,0.0,0.07
409,melhoria,3,24,12787.8084,607.2816,6811.565,5343.8711,0.0,0.079
409,melhoria,3,27,1226.7086,538.9769,663.7702,0.0,0.0,0.104
409,melhoria,1,28,1225.7746,538.9769,663.7702,0.0,0.0,0.104
409,melhoria,3,31,1225.6168,538.9769,663.7702,0.0,0.0,0.154
409,melhoria,1,32,1224.1274,538.9769,663.7702,0.0,0.0,0.158
409,saida,0,37,1224.1274,538.9769,663.7702,0.0,0.0,0.219
409,entrada,0,0,1224.1274,538.9769,663.7702,0.0,0.0,0.0
409,saida,0,5,1224.1274,538.9769,663.7702,0.0,0.0,0.066
410,entrada,0,0,3699.1544,539.5261,2208.5968,923.1979,0.0,0.0
410,melhoria,1,1,1230.7101,538.9769,663.7702,0.0,0.0,0.0
410,melhoria,1,2,719.9292,538.9769,149.6816,0.0,0.0,0.001
410,melhoria,1,3,718.0626,538.9769,149.6816,0.0,0.0,0.003
410,melhoria,1,4,565.0247,538.9769,0.0,0.0,0.0,0.004
410,melhoria,1,5,562.7844,538.9769,0.0,0.0,0.0,0.007
410,melhoria,3,8,562.7382,538.9769,0.0,0.0,0.0,0.024
410,melhoria,1,9,562.5925,539.6634,0.0,0.0,0.0,0.028
410,melhoria,1,10,562.1516,538.4276,0.0,0.0,0.0,0.03
410,melhoria,1,11,561.8146,538.9769,0.0,0.0,0.0,0.034
410,melhoria,1,12,561.3442,538.9769,0.0,0.0,0.0,0.04
410,melhoria,1,13,561.2141,538.4276,0.0,0.0,0.0,0.044
410,melhoria,1,14,560.8773,538.9769,0.0,0.0,0.0,0.05
410,melhoria,1,15,559.9439,538.9769,0.0,0.0,0.0,0.055
410,melhoria,3,18,559.8846,538.9769,0.0,0.0,0.0,0.09
410,melhoria,3,21,559.8805,538.9769,0.0,0.0,0.0,0.125
410,melhoria,1,22,559.7914,538.9769,0.0,0.0,0.0,0.13
410,melhoria,1,23,559.5665,539.6634,0.0,0.0,0.0,0.133
410,melhoria,2,25,559.4428,539.6634,0.0,0.0,0.0,0.143
410,melhoria,1,26,559.1808,538.4276,0.0,0.0,0.0,0.147
410,melhoria,3,29,557.897,536.2307,0.0,0.0,0.0,0.182
410,melhoria,2,31,557.8606,536.2307,0.0,0.0,0.0,0.19
410,melhoria,3,34,557.7842,536.2307,0.0,0.0,0.0,0.218
410,saida,0,39,557.7842,536.2307,0.0,0.0,0.0,0.281
410,entrada,0,0,557.7842,536.2307,0.0,0.0,0.0,0.0
410,saida,0,5,557.7842,536.2307,0.0,0.0,0.0,0.064
410,entrada,0,0,557.7842,536.2307,0.0,0.0,0.0,0.0
410,saida,0,5,557.7842,536.2307,0.0,0.0,0.0,0.065
410,entrada,0,0,557.7842,536.2307,0.0,0.0,0.0,0.0
410,melhoria,3,3,557.6843,536.2307,0.0,0.0,0.0,0.051
410,saida,0,8,557.6843,536.2307,0.0,0.0,0.0,0.116
411,entrada,0,0,1106.863,541.1738,538.5615,0.0,0.0,0.0
411,melhoria,1,1,1104.4166,541.1738,538.5615,0.0,0.0,0.001
411,melhoria,1,2,1074.1313,540.3157,508.2117,0.0,0.0,0.001
411,melhoria,1,3,1073.9416,541.5514,508.2117,0.0,0.0,0.004
411,melhoria,1,4,1072.5377,541.5514,508.2117,0.0,0.0,0.005
411,melhoria,3,7,1070.0082,538.8052,508.2117,0.0,0.0,0.013
411,melhoria,1,8,1069.3696,539.6634,508.2117,0.0,0.0,0.016
411,melhoria,1,9,1010.9509,481.2395,508.2117,0.0,0.0,0.022
411,melhoria,1,10,959.7262,431.3708,508.2117,0.0,0.0,0.027
411,melhoria,3,13,959.6585,431.3708,508.2117,0.0,0.0,0.051
411,melhoria,3,16,959.5705,431.3708,508.2117,0.0,0.0,0.08
411,melhoria,1,17,958.6755,431.3708,508.2117,0.0,0.0,0.081
411,melhoria,2,19,637.2598,431.3708,186.9063,0.0,0.0,0.09
411,melhoria,1,20,557.0268,430.5126,106.58,0.0,0.0,0.095
411,melhoria,3,23,469.5224,428.6246,21.1594,0.0,0.0,0.127
411,melhoria,1,24,467.7037,428.6246,21.1594,0.0,0.0,0.133
411,melhoria,3,27,467.6868,428.6246,21.1594,0.0,0.0,0.179
411,melhoria,3,30,467.6189,428.6246,21.1594,0.0,0.0,0.198
411,saida,0,35,467.6189,428.6246,21.1594,0.0,0.0,0.254
411,entrada,0,0,467.6189,428.6246,21.1594,0.0,0.0,0.0
411,saida,0,5,467.6189,428.6246,21.1594,0.0,0.0,0.062
411,entrada,0,0,467.6189,428.6246,21.1594,0.0,0.0,0.0
411,saida,0,5,467.6189,428.6246,21.1594,0.0,0.0,0.057
411,entrada,0,0,467.6189,428.6246,21.1594,0.0,0.0,0.0
411,saida,0,5,467.6189,428.6246,21.1594,0.0,0.0,0.053
412,entrada,0,0,14451.9468,537.4665,10180.5478,3708.7458,0.0,0.0
412,melhoria,1,1,568.719,539.6634,0.0,0.0,0.0,0.0
412,melhoria,1,2,567.7876,539.6634,0.0,0.0,0.0,0.006
412,melhoria,2,4,567.7643,539.6634,0.0,0.0,0.0,0.014
412,melhoria,3,7,564.3134,536.2307,0.0,0.0,0.0,0.023
412,saida,0,12,564.3134,536.2307,0.0,0.0,0.0,0.09
412,entrada,0,0,564.3134,536.2307,0.0,0.0,0.0,0.0
412,melhoria,3,3,564.119,536.2307,0.0,0.0,0.0,0.012
412,saida,0,8,564.119,536.2307,0.0,0.0,0.0,0.082
413,entrada,0,0,8414.5819,538.9769,4673.4207,3173.9773,0.0,0.0
413,melhoria,1,1,869.0871,539.6634,298.6425,0.0,0.0,0.0
413,melhoria,1,2,868.1563,539.6634,298.6425,0.0,0.0,0.001
413,melhoria,1,3,868.119,538.9769,298.6425,0.0,0.0,0.002
413,melhoria,1,4,569.8103,538.4276,0.0,0.0,0.0,0.003
413,melhoria,1,5,567.2683,538.4276,0.0,0.0,0.0,0.005
413,melhoria,1,6,564.9557,538.9769,0.0,0.0,0.0,0.006
413,melhoria,1,7,564.3792,538.9769,0.0,0.0,0.0,0.008
413,melhoria,1,8,563.8342,538.4276,0.0,0.0,0.0,0.013
413,melhoria,3,11,563.7035,538.4276,0.0,0.0,0.0,0.046
413,melhoria,3,14,563.6326,538.4276,0.0,0.0,0.0,0.082
413,melhoria,3,17,563.5227,538.4276,0.0,0.0,0.0,0.101
413,melhoria,3,20,563.465,538.4276,0.0,0.0,0.0,0.135
413,saida,0,25,563.465,538.4276,0.0,0.0,0.0,0.197
413,entrada,0,0,563.465,538.4276,0.0,0.0,0.0,0.0
413,saida,0,5,563.465,538.4276,0.0,0.0,0.0,0.068
414,entrada,0,0,8055.2326,481.0003,4374.7782,3173.9773,0.0,0.0
414,melhoria,1,1,566.7637,539.6634,0.0,0.0,0.0,0.0
414,melhoria,1,2,565.8503,539.6634,0.0,0.0,0.0,0.002
414,melhoria,1,3,531.59,483.5184,21.1594,0.0,0.0,0.007
414,melhoria,1,4,530.0739,483.5184,21.1594,0.0,0.0,0.008
414,melhoria,1,5,449.5355,425.1918,0.0,0.0,0.0,0.009
414,melhoria,3,8,449.4437,425.1918,0.0,0.0,0.0,0.056
414,saida,0,13,449.4437,425.1918,0.0,0.0,0.0,0.12
414,entrada,0,0,449.4437,425.1918,0.0,0.0,0.0,0.0
414,saida,0,5,449.4437,425.1918,0.0,0.0,0.0,0.06
414,entrada,0,0,449.4437,425.1918,0.0,0.0,0.0,0.0
414,saida,0,5,449.4437,425.1918,0.0,0.0,0.0,0.069
414,entrada,0,0,449.4437,425.1918,0.0,0.0,0.0,0.0
414,saida,0,5,449.4437,425.1918,0.0,0.0,0.0,0.062
415,entrada,0,0,12780.0301,537.1919,9781.064,2431.0387,0.0,0.0
415,melhoria,1,1,8196.5966,587.6489,4481.0144,3096.6724,0.0,0.001
415,melhoria,1,2,8195.6632,587.6489,4481.0144,3096.6724,0.0,0.001
415,melhoria,1,3,8107.4305,587.6489,4395.5939,3096.6724,0.0,0.003
415,melhoria,1,4,8106.0267,587.6489,4395.5939,3096.6724,0.0,0.007
415,melhoria,1,5,8011.182,587.0676,4362.3493,3031.5735,0.0,0.009
415,melhoria,1,6,8009.7859,587.0676,4362.3493,3031.5735,0.0,0.011
415,melhoria,3,9,7508.8261,584.7427,4123.5736,2771.178,0.0,0.02
415,melhoria,1,10,7419.6974,584.7427,4038.1531,2771.178,0.0,0.022
415,melhoria,1,11,2637.2742,535.6814,1392.8436,685.6179,0.0,0.027
415,melhoria,3,14,685.9809,538.4276,124.631,0.0,0.0,0.038
415,melhoria,1,15,653.5271,538.9967,85.4205,0.0,0.0,0.039
415,melhoria,1,16,652.6272,538.9967,85.4205,0.0,0.0,0.041
415,melhoria,1,17,588.404,538.7416,21.1594,0.0,0.0,0.041
415,melhoria,3,20,588.3246,538.7416,21.1594,0.0,0.0,0.052
415,melhoria,1,21,562.6426,538.4276,0.0,0.0,0.0,0.052
415,melhoria,1,22,562.6351,538.4276,0.0,0.0,0.0,0.055
415,melhoria,1,23,562.6332,538.4276,0.0,0.0,0.0,0.06
415,melhoria,3,26,562.5591,538.4276,0.0,0.0,0.0,0.092
415,melhoria,1,27,561.6168,538.4276,0.0,0.0,0.0,0.098
415,melhoria,1,28,559.3561,538.4276,0.0,0.0,0.0,0.105
415,melhoria,2,30,559.328,538.4276,0.0,0.0,0.0,0.114
415,melhoria,2,32,559.2248,538.4276,0.0,0.0,0.0,0.125
415,melhoria,3,35,557.8494,536.2307,0.0,0.0,0.0,0.138
415,melhoria,4,39,557.7929,536.2307,0.0,0.0,0.0,0.202
415,saida,0,44,557.7929,536.2307,0.0,0.0,0.0,0.272
415,entrada,0,0,557.7929,536.2307,0.0,0.0,0.0,0.0
415,saida,0,5,557.7929,536.2307,0.0,0.0,0.0,0.078
415,entrada,0,0,557.7929,536.2307,0.0,0.0,0.0,0.0
415,saida,0,5,557.7929,536.2307,0.0,0.0,0.0,0.067
415,entrada,0,0,557.7929,536.2307,0.0,0.0,0.0,0.0
415,saida,0,5,557.7929,536.2307,0.0,0.0,0.0,0.07
416,entrada,0,0,17794.0601,482.1963,9100.7175,8182.384,0.0,0.0
416,melhoria,1,1,17409.3849,631.2264,8768.7234,7977.3602,0.0,0.0
416,melhoria,1,2,17407.5223,631.2264,8768.7234,7977.3602,0.0,0.0
416,melhoria,1,3,17328.3802,631.2264,8688.3971,7977.3602,0.0,0.001
416,melhoria,1,4,17127.4011,630.1804,8606.553,7860.2037,0.0,0.001
416,melhoria,1,5,17065.7238,630.1804,8542.2919,7860.2037,0.0,0.003
416,melhoria,1,6,17062.9222,630.1804,8542.2919,7860.2037,0.0,0.003
416,melhoria,1,7,17061.1538,630.1804,8542.2919,7860.2037,0.0,0.004
416,melhoria,1,8,16973.3296,630.1804,8456.8714,7860.2037,0.0,0.007
416,melhoria,1,9,16691.562,627.8268,8434.4528,7596.6016,0.0,0.007
416,melhoria,1,10,16691.5364,627.8268,8434.4528,7596.6016,0.0,0.01
416,melhoria,1,11,16430.2251,627.8268,8177.4085,7596.6016,0.0,0.013
416,melhoria,1,12,16342.4021,627.8268,8091.9879,7596.6016,0.0,0.013
416,melhoria,3,15,16305.9508,622.5966,7602.4412,8054.3734,0.0,0.029
416,melhoria,1,16,14801.7231,619.6546,7471.6586,6681.3166,0.0,0.03
416,melhoria,3,19,14801.6663,619.6546,7471.6586,6681.3166,0.0,0.044
416,melhoria,3,22,13937.3745,615.4705,7080.0212,6212.6907,0.0,0.054
416,melhoria,3,25,13937.2558,615.4705,7080.0212,6212.6907,0.0,0.068
416,melhoria,3,28,12995.5768,610.2403,6729.3145,5626.9083,0.0,0.091
416,melhoria,1,29,12920.9242,610.2403,6654.7356,5626.9083,0.0,0.092
416,melhoria,3,32,12920.8552,610.2403,6654.7356,5626.9083,0.0,0.107
416,melhoria,3,35,12690.9543,610.2403,6424.7276,5626.9083,0.0,0.131
416,melhoria,3,38,12690.7628,610.2403,6424.7276,5626.9083,0.0,0.147
416,melhoria,1,39,12690.7584,610.2403,6424.7276,5626.9083,0.0,0.147
416,melhoria,2,41,12690.7326,610.2403,6424.7276,5626.9083,0.0,0.156
416,melhoria,2,43,12690.6088,610.2403,6424.7276,5626.9083,0.0,0.166
416,melhoria,3,46,12690.6083,610.2403,6424.7276,5626.9083,0.0,0.179
416,melhoria,3,49,12690.608,610.2403,6424.7276,5626.9083,0.0,0.19
416,melhoria,3,52,12690.503,610.2403,6424.7276,5626.9083,0.0,0.251
416,melhoria,3,55,12690.4991,610.2403,6424.7276,5626.9083,0.0,0.275
416,melhoria,3,58,12690.3926,610.2403,6424.7276,5626.9083,0.0,0.291
416,melhoria,3,61,12690.2512,610.2403,6424.7276,5626.9083,0.0,0.311
416,saida,0,66,12690.2512,610.2403,6424.7276,5626.9083,0.0,0.375
417,entrada,0,0,568.5969,539.6634,0.0,0.0,0.0,0.0
417,melhoria,1,1,568.2663,539.6634,0.0,0.0,0.0,0.002
417,melhoria,1,2,565.8503,539.6634,0.0,0.0,0.0,0.004
417,melhoria,1,3,531.59,483.5184,21.1594,0.0,0.0,0.011
417,melhoria,1,4,450.4688,425.1918,0.0,0.0,0.0,0.014
417,melhoria,1,5,449.5355,425.1918,0.0,0.0,0.0,0.014
417,melhoria,3,8,449.4437,425.1918,0.0,0.0,0.0,0.037
417,saida,0,13,449.4437,425.1918,0.0,0.0,0.0,0.107
417,entrada,0,0,449.4437,425.1918,0.0,0.0,0.0,0.0
417,saida,0,5,449.4437,425.1918,0.0,0.0,0.0,0.067
417,entrada,0,0,449.4437,425.1918,0.0,0.0,0.0,0.0
417,saida,0,5,449.4437,425.1918,0.0,0.0,0.0,0.063
417,entrada,0,0,449.4437,425.1918,0.0,0.0,0.0,0.0
417,saida,0,5,449.4437,425.1918,0.0,0.0,0.0,0.071
418,entrada,0,0,17638.2926,634.1684,8664.4039,8306.8628,0.0,0.0
418,melhoria,1,1,17637.3771,634.1684,8664.4039,8306.8628,0.0,0.0
418,melhoria,1,2,17367.836,632.8609,8542.0172,8160.4172,0.0,0.001
418,melhoria,1,3,17365.3899,632.8609,8542.0172,8160.4172,0.0,0.002
418,melhoria,1,4,17153.0669,631.8148,8444.1079,8043.2607,0.0,0.003
418,melhoria,1,5,17152.1389,631.8148,8444.1079,8043.2607,0.0,0.005
418,melhoria,1,6,17149.7417,631.8148,8444.1079,8043.2607,0.0,0.007
418,melhoria,2,8,568.1046,538.4276,0.0,0.0,0.0,0.014
418,melhoria,3,11,567.8958,538.4276,0.0,0.0,0.0,0.026
418,melhoria,1,12,565.41,538.4276,0.0,0.0,0.0,0.029
418,melhoria,1,13,563.0465,538.4276,0.0,0.0,0.0,0.032
418,melhoria,1,14,562.1395,538.4276,0.0,0.0,0.0,0.037
418,melhoria,1,15,560.892,538.4276,0.0,0.0,0.0,0.041
418,melhoria,2,17,560.8094,538.4276,0.0,0.0,0.0,0.049
418,melhoria,1,18,560.4724,538.9769,0.0,0.0,0.0,0.053
418,melhoria,3,21,560.4108,538.9769,0.0,0.0,0.0,0.078
418,melhoria,1,22,560.2808,538.4276,0.0,0.0,0.0,0.084
418,melhoria,1,23,559.9439,538.9769,0.0,0.0,0.0,0.086
418,melhoria,3,26,557.086,536.2307,0.0,0.0,0.0,0.121
418,melhoria,3,29,556.9941,536.2307,0.0,0.0,0.0,0.157
418,saida,0,34,556.9941,536.2307,0.0,0.0,0.0,0.229
418,entrada,0,0,556.9941,536.2307,0.0,0.0,0.0,0.0
418,saida,0,5,556.9941,536.2307,0.0,0.0,0.0,0.072
418,entrada,0,0,556.9941,536.2307,0.0,0.0,0.0,0.0
418,saida,0,5,556.9941,536.2307,0.0,0.0,0.0,0.067
418,entrada,0,0,556.9941,536.2307,0.0,0.0,0.0,0.0
418,saida,0,5,556.9941,536.2307,0.0,0.0,0.0,0.065
419,entrada,0,0,14510.8319,540.8992,10233.8378,3708.7458,0.0,0.0
419,melhoria,1,1,568.9766,539.6634,0.0,0.0,0.0,0.0
419,melhoria,2,3,565.5252,536.2307,0.0,0.0,0.0,0.008
419,melhoria,1,4,565.0669,536.2307,0.0,0.0,0.0,0.009
419,melhoria,1,5,564.4823,536.2307,0.0,0.0,0.0,0.012
419,melhoria,3,8,564.4029,536.2307,0.0,0.0,0.0,0.032
419,melhoria,3,11,564.2784,536.2307,0.0,0.0,0.0,0.068
419,melhoria,2,13,564.0599,536.2307,0.0,0.0,0.0,0.076
419,melhoria,1,14,563.5885,536.2307,0.0,0.0,0.0,0.082
419,melhoria,2,16,563.3625,536.2307,0.0,0.0,0.0,0.092
419,melhoria,3,19,563.1803,536.2307,0.0,0.0,0.0,0.111
419,melhoria,3,22,563.0965,536.2307,0.0,0.0,0.0,0.138
419,saida,0,27,563.0965,536.2307,0.0,0.0,0.0,0.211
419,entrada,0,0,563.0965,536.2307,0.0,0.0,0.0,0.0
419,saida,0,5,563.0965,536.2307,0.0,0.0,0.0,0.071
421,entrada,0,0,1820.756,532.8528,623.9821,634.5733,0.0,0.0
421,melhoria,1,1,1092.4904,532.741,529.3712,0.0,0.0,0.005
421,melhoria,1,2,1090.6238,532.741,529.3712,0.0,0.0,0.013
421,melhoria,2,4,1090.268,532.2936,529.3712,0.0,0.0,0.022
421,melhoria,1,5,1089.5794,532.2936,529.3712,0.0,0.0,0.029
421,melhoria,3,8,1088.9883,531.814,529.3712,0.0,0.0,0.04
421,melhoria,3,11,1088.9024,531.814,529.3712,0.0,0.0,0.053
421,melhoria,1,12,1081.0663,523.9606,529.3712,0.0,0.0,0.055
421,melhoria,3,15,1059.699,523.9606,508.2117,0.0,0.0,0.096
421,melhoria,1,16,1057.881,523.9606,508.2117,0.0,0.0,0.102
421,melhoria,2,18,736.547,523.9606,186.9063,0.0,0.0,0.11
421,melhoria,1,19,724.536,528.5023,165.8494,0.0,0.0,0.114
421,melhoria,1,20,722.9211,528.5023,165.8494,0.0,0.0,0.119
421,melhoria,3,23,677.5125,483.5,165.8494,0.0,0.0,0.128
421,melhoria,1,24,675.4695,481.2395,165.8494,0.0,0.0,0.128
421,melhoria,1,25,673.8546,481.2395,165.8494,0.0,0.0,0.137
421,melhoria,2,27,673.7558,481.2395,165.8494,0.0,0.0,0.146
421,melhoria,3,30,673.5361,481.2395,165.8494,0.0,0.0,0.173
421,melhoria,2,32,673.4404,481.2395,165.8494,0.0,0.0,0.182
421,melhoria,3,35,528.5719,481.2395,21.1594,0.0,0.0,0.192
421,melhoria,3,38,528.4797,481.2395,21.1594,0.0,0.0,0.227
421,saida,0,43,528.4797,481.2395,21.1594,0.0,0.0,0.296
421,entrada,0,0,528.4797,481.2395,21.1594,0.0,0.0,0.0
421,melhoria,3,3,527.7806,481.2395,21.1594,0.0,0.0,0.055
421,melhoria,2,5,527.7706,481.2395,21.1594,0.0,0.0,0.063
421,saida,0,10,527.7706,481.2395,21.1594,0.0,0.0,0.13
421,entrada,0,0,527.7706,481.2395,21.1594,0.0,0.0,0.0
421,saida,0,5,527.7706,481.2395,21.1594,0.0,0.0,0.065
421,entrada,0,0,527.7706,481.2395,21.1594,0.0,0.0,0.0
421,saida,0,5,527.7706,481.2395,21.1594,0.0,0.0,0.065
422,entrada,0,0,8055.2326,481.0003,4374.7782,3173.9773,0.0,0.0
422,melhoria,1,1,567.9754,540.35,0.0,0.0,0.0,0.0
422,melhoria,1,2,566.6195,540.35,0.0,0.0,0.0,0.0
422,melhoria,1,3,566.2163,539.6634,0.0,0.0,0.0,0.002
422,melhoria,3,6,563.3861,536.2307,0.0,0.0,0.0,0.027
422,melhoria,1,7,563.3739,536.9172,0.0,0.0,0.0,0.029
422,melhoria,1,8,562.8117,536.9172,0.0,0.0,0.0,0.032
422,melhoria,2,10,562.7831,536.9172,0.0,0.0,0.0,0.041
422,melhoria,3,13,562.6877,536.9172,0.0,0.0,0.0,0.082
422,melhoria,3,16,562.5846,536.9172,0.0,0.0,0.0,0.107
422,melhoria,3,19,562.5093,536.9172,0.0,0.0,0.0,0.14
422,melhoria,1,20,562.0166,536.9172,0.0,0.0,0.0,0.144
422,melhoria,2,22,561.7988,536.9172,0.0,0.0,0.0,0.154
422,saida,0,27,561.7988,536.9172,0.0,0.0,0.0,0.229
422,entrada,0,0,561.7988,536.9172,0.0,0.0,0.0,0.0
422,saida,0,5,561.7988,536.9172,0.0,0.0,0.0,0.062
423,entrada,0,0,1816.3339,534.7829,1252.3083,0.0,0.0,0.0
423,melhoria,1,1,1674.1517,534.7829,1107.7209,0.0,0.0,0.001
423,melhoria,1,2,1673.6829,534.7829,1107.7209,0.0,0.0,0.001
423,melhoria,1,3,1671.3467,534.7829,1107.7209,0.0,0.0,0.004
423,melhoria,1,4,1669.9952,534.7829,1107.7209,0.0,0.0,0.004
423,melhoria,2,6,1669.5269,534.3364,1107.7209,0.0,0.0,0.011
423,melhoria,1,7,1026.2068,492.5673,508.2117,0.0,0.0,0.015
423,melhoria,1,8,1024.2282,492.5673,508.2117,0.0,0.0,0.017
423,melhoria,1,9,932.1326,541.8604,366.8374,0.0,0.0,0.019
423,melhoria,1,10,811.8559,543.9544,241.5282,0.0,0.0,0.021
423,melhoria,1,11,475.1962,428.6246,21.1594,0.0,0.0,0.022
423,melhoria,1,12,473.2176,428.6246,21.1594,0.0,0.0,0.028
423,melhoria,2,14,473.1252,428.6246,21.1594,0.0,0.0,0.036
423,melhoria,1,15,472.5474,428.6246,21.1594,0.0,0.0,0.041
423,melhoria,2,17,472.4194,428.6246,21.1594,0.0,0.0,0.049
423,melhoria,2,19,472.3311,428.6246,21.1594,0.0,0.0,0.057
423,melhoria,2,21,472.3062,428.6246,21.1594,0.0,0.0,0.066
423,melhoria,3,24,472.1101,428.6246,21.1594,0.0,0.0,0.084
423,saida,0,29,472.1101,428.6246,21.1594,0.0,0.0,0.148
423,entrada,0,0,472.1101,428.6246,21.1594,0.0,0.0,0.0
423,melhoria,3,3,472.1036,428.6246,21.1594,0.0,0.0,0.03
423,melhoria,3,6,471.9138,428.6246,21.1594,0.0,0.0,0.081
423,melhoria,1,7,471.3388,428.6246,21.1594,0.0,0.0,0.084
423,melhoria,3,10,471.1843,428.6246,21.1594,0.0,0.0,0.104
423,melhoria,3,13,471.1071,428.6246,21.1594,0.0,0.0,0.141
423,saida,0,18,471.1071,428.6246,21.1594,0.0,0.0,0.201
423,entrada,0,0,471.1071,428.6246,21.1594,0.0,0.0,0.0
423,saida,0,5,471.1071,428.6246,21.1594,0.0,0.0,0.062
423,entrada,0,0,471.1071,428.6246,21.1594,0.0,0.0,0.0
423,saida,0,5,471.1071,428.6246,21.1594,0.0,0.0,0.066
424,entrada,0,0,8057.1925,481.0003,4374.7782,3173.9773,0.0,0.0
424,melhoria,1,1,568.2663,539.6634,0.0,0.0,0.0,0.0
424,melhoria,1,2,566.7502,539.6634,0.0,0.0,0.0,0.002
424,melhoria,1,3,564.3342,539.6634,0.0,0.0,0.0,0.005
424,melhoria,1,4,530.0739,483.5184,21.1594,0.0,0.0,0.006
424,melhoria,1,5,449.5355,425.1918,0.0,0.0,0.0,0.01
424,melhoria,3,8,449.4437,425.1918,0.0,0.0,0.0,0.056
424,saida,0,13,449.4437,425.1918,0.0,0.0,0.0,0.122
424,entrada,0,0,449.4437,425.1918,0.0,0.0,0.0,0.0
424,saida,0,5,449.4437,425.1918,0.0,0.0,0.0,0.07
424,entrada,0,0,449.4437,425.1918,0.0,0.0,0.0,0.0
424,saida,0,5,449.4437,425.1918,0.0,0.0,0.0,0.068
424,entrada,0,0,449.4437,425.1918,0.0,0.0,0.0,0.0
424,saida,0,5,449.4437,425.1918,0.0,0.0,0.0,0.06
426,entrada,0,0,9999.9182,597.2039,5204.5239,4166.8354,0.0,0.0
426,melhoria,1,1,9579.7043,593.6702,5184.1056,3771.0631,0.0,0.004
426,melhoria,1,2,9409.0791,592.7373,5117.9421,3666.5741,0.0,0.005
426,melhoria,1,3,9408.1458,592.7373,5117.9421,3666.5741,0.0,0.006
426,melhoria,1,4,9406.6297,592.7373,5117.9421,3666.5741,0.0,0.008
426,melhoria,1,5,9117.0785,592.7373,4828.7672,3666.5741,0.0,0.009
426,melhoria,1,6,9116.4958,592.7373,4828.7672,3666.5741,0.0,0.014
426,melhoria,3,9,9116.2997,592.7373,4828.7672,3666.5741,0.0,0.031
426,melhoria,3,12,9116.2335,592.7373,4828.7672,3666.5741,0.0,0.041
426,melhoria,3,15,9116.1866,592.7373,4828.7672,3666.5741,0.0,0.061
426,melhoria,3,18,9116.1346,592.7373,4828.7672,3666.5741,0.0,0.08
426,melhoria,3,21,605.4869,535.3725,42.3189,0.0,0.0,0.121
426,melhoria,3,24,605.3284,535.3725,42.3189,0.0,0.0,0.156
426,melhoria,3,27,605.2606,535.3725,42.3189,0.0,0.0,0.191
426,melhoria,1,28,589.3802,538.8052,21.1594,0.0,0.0,0.196
426,melhoria,1,29,587.0624,538.8052,21.1594,0.0,0.0,0.202
426,saida,0,34,587.0624,538.8052,21.1594,0.0,0.0,0.273
426,entrada,0,0,587.0624,538.8052,21.1594,0.0,0.0,0.0
426,saida,0,5,587.0624,538.8052,21.1594,0.0,0.0,0.069
427,entrada,0,0,1428.0886,542.4096,857.1027,0.0,0.0,0.0
427,melhoria,1,1,1427.6222,542.4096,857.1027,0.0,0.0,0.0
427,melhoria,1,2,1248.8095,541.8604,677.1717,0.0,0.0,0.001
427,melhoria,1,3,1248.3287,541.8604,677.1717,0.0,0.0,0.001
427,melhoria,1,4,939.0689,540.6246,363.6243,0.0,0.0,0.005
427,melhoria,1,5,937.1834,540.6246,363.6243,0.0,0.0,0.007
427,melhoria,1,6,935.8094,540.6246,363.6243,0.0,0.0,0.008
427,melhoria,1,7,934.1775,540.6246,363.6243,0.0,0.0,0.011
427,melhoria,1,8,932.6676,540.6246,363.6243,0.0,0.0,0.011
427,melhoria,1,9,932.0171,540.6246,363.6243,0.0,0.0,0.014
427,melhoria,1,10,929.7937,540.6246,363.6243,0.0,0.0,0.018
427,melhoria,2,12,929.6773,540.6246,363.6243,0.0,0.0,0.026
427,melhoria,1,13,928.933,540.6246,363.6243,0.0,0.0,0.026
427,melhoria,3,16,928.9029,540.6246,363.6243,0.0,0.0,0.038
427,melhoria,3,19,928.6823,540.6246,363.6243,0.0,0.0,0.047
427,melhoria,3,22,607.475,540.6246,42.3189,0.0,0.0,0.057
427,melhoria,3,25,562.9423,538.4276,0.0,0.0,0.0,0.106
427,melhoria,3,28,562.7419,538.4276,0.0,0.0,0.0,0.153
427,melhoria,1,29,561.8017,538.4276,0.0,0.0,0.0,0.155
427,melhoria,1,30,561.3266,539.6634,0.0,0.0,0.0,0.156
427,melhoria,3,33,557.7629,536.2307,0.0,0.0,0.0,0.175
427,melhoria,3,36,557.6887,536.2307,0.0,0.0,0.0,0.21
427,saida,0,41,557.6887,536.2307,0.0,0.0,0.0,0.277
427,entrada,0,0,557.6887,536.2307,0.0,0.0,0.0,0.0
427,saida,0,5,557.6887,536.2307,0.0,0.0,0.0,0.065
427,entrada,0,0,557.6887,536.2307,0.0,0.0,0.0,0.0
427,saida,0,5,557.6887,536.2307,0.0,0.0,0.0,0.067
427,entrada,0,0,557.6887,536.2307,0.0,0.0,0.0,0.0
427,saida,0,5,557.6887,536.2307,0.0,0.0,0.0,0.068
428,entrada,0,0,8055.2326,481.0003,4374.7782,3173.9773,0.0,0.0
428,melhoria,1,1,799.7288,539.6634,230.008,0.0,0.0,0.001
428,melhoria,1,2,656.2943,538.4276,85.4205,0.0,0.0,0.001
428,melhoria,1,3,567.0426,538.4276,0.0,0.0,0.0,0.003
428,melhoria,1,4,564.6391,538.4276,0.0,0.0,0.0,0.003
428,melhoria,1,5,564.6377,538.9769,0.0,0.0,0.0,0.01
428,melhoria,1,6,562.7711,538.9769,0.0,0.0,0.0,0.015
428,melhoria,3,9,560.7041,536.2307,0.0,0.0,0.0,0.028
428,melhoria,2,11,560.6256,536.2307,0.0,0.0,0.0,0.037
428,melhoria,2,13,560.5101,536.2307,0.0,0.0,0.0,0.047
428,melhoria,3,16,560.5099,536.2307,0.0,0.0,0.0,0.064
428,melhoria,3,19,560.4333,536.2307,0.0,0.0,0.0,0.112
428,saida,0,24,560.4333,536.2307,0.0,0.0,0.0,0.177
428,entrada,0,0,560.4333,536.2307,0.0,0.0,0.0,0.0
428,saida,0,5,560.4333,536.2307,0.0,0.0,0.0,0.068
429,entrada,0,0,8064.1846,487.375,4374.7782,3173.9773,0.0,0.0
429,melhoria,1,1,853.0987,542.1276,279.3885,0.0,0.0,0.0
429,melhoria,1,2,670.4972,541.697,94.5007,0.0,0.0,0.001
429,melhoria,1,3,668.6702,541.697,94.5007,0.0,0.0,0.002
429,melhoria,1,4,667.872,541.697,94.5007,0.0,0.0,0.002
429,melhoria,1,5,666.8273,541.697,94.5007,0.0,0.0,0.003
429,melhoria,1,6,566.6926,538.9769,0.0,0.0,0.0,0.004
429,melhoria,1,7,565.1968,538.9769,0.0,0.0,0.0,0.011
429,melhoria,2,9,564.643,538.4276,0.0,0.0,0.0,0.018
429,melhoria,1,10,562.1175,538.4276,0.0,0.0,0.0,0.025
429,melhoria,3,13,559.9977,536.2307,0.0,0.0,0.0,0.053
429,melhoria,3,16,559.9273,536.2307,0.0,0.0,0.0,0.07
429,saida,0,21,559.9273,536.2307,0.0,0.0,0.0,0.135
429,entrada,0,0,559.9273,536.2307,0.0,0.0,0.0,0.0
429,saida,0,5,559.9273,536.2307,0.0,0.0,0.0,0.072
430,entrada,0,0,15824.4974,622.3175,8190.204,6979.5553,0.0,0.0
430,melhoria,1,1,15822.0698,622.3175,8190.204,6979.5553,0.0,0.001
430,melhoria,1,2,846.5305,541.8604,275.5399,0.0,0.0,0.003
430,melhoria,1,3,758.2303,541.8604,190.1194,0.0,0.0,0.009
430,melhoria,1,4,757.3058,541.8604,190.1194,0.0,0.0,0.011
430,melhoria,1,5,754.8259,541.8604,190.1194,0.0,0.0,0.014
430,melhoria,1,6,651.9503,541.1738,85.4205,0.0,0.0,0.015
430,melhoria,1,7,650.4379,541.1738,85.4205,0.0,0.0,0.015
430,melhoria,3,10,650.2074,541.1738,85.4205,0.0,0.0,0.047
430,melhoria,2,12,650.1273,541.1738,85.4205,0.0,0.0,0.056
430,melhoria,2,14,650.1258,541.1738,85.4205,0.0,0.0,0.066
430,melhoria,3,17,561.8061,538.4276,0.0,0.0,0.0,0.107
430,melhoria,1,18,561.7632,539.1142,0.0,0.0,0.0,0.108
430,melhoria,1,19,561.0773,538.4276,0.0,0.0,0.0,0.111
430,melhoria,1,20,560.9031,538.4276,0.0,0.0,0.0,0.119
430,melhoria,3,23,560.7808,538.4276,0.0,0.0,0.0,0.149
430,melhoria,2,25,560.7764,538.4276,0.0,0.0,0.0,0.16
430,saida,0,30,560.7764,538.4276,0.0,0.0,0.0,0.231
430,entrada,0,0,560.7764,538.4276,0.0,0.0,0.0,0.0
430,melhoria,3,3,560.7148,538.4276,0.0,0.0,0.0,0.053
430,saida,0,8,560.7148,538.4276,0.0,0.0,0.0,0.113
430,entrada,0,0,27958.2821,685.9789,13130.7428,14109.6387,0.0,0.0
430,melhoria,1,1,11896.1969,597.7916,7037.0355,4232.6629,0.0,0.002
430,melhoria,1,2,10406.9158,598.3887,5481.1704,4299.5359,0.0,0.003
430,melhoria,1,3,10405.9061,597.6424,5560.9937,4215.9447,0.0,0.004
430,melhoria,1,4,10404.9753,597.6424,5560.9937,4215.9447,0.0,0.006
430,melhoria,1,5,567.3894,538.4276,0.0,0.0,0.0,0.006
430,melhoria,1,6,565.8889,538.4276,0.0,0.0,0.0,0.007
430,melhoria,1,7,565.8827,538.4276,0.0,0.0,0.0,0.012
430,melhoria,1,8,563.9228,538.4276,0.0,0.0,0.0,0.015
430,melhoria,1,9,562.0649,538.4276,0.0,0.0,0.0,0.02
430,melhoria,1,10,561.755,537.7411,0.0,0.0,0.0,0.024
430,melhoria,3,13,561.6055,537.7411,0.0,0.0,0.0,0.032
430,melhoria,1,14,561.4649,537.7411,0.0,0.0,0.0,0.037
430,melhoria,2,16,561.3866,537.7411,0.0,0.0,0.0,0.044
430,melhoria,1,17,560.8058,537.7411,0.0,0.0,0.0,0.044
430,melhoria,3,20,560.6271,537.7411,0.0,0.0,0.0,0.06
430,melhoria,1,21,560.2324,538.4276,0.0,0.0,0.0,0.062
430,melhoria,3,24,560.1847,538.4276,0.0,0.0,0.0,0.108
430,melhoria,3,27,560.0905,538.4276,0.0,0.0,0.0,0.126
430,melhoria,3,30,560.0635,538.4276,0.0,0.0,0.0,0.16
430,melhoria,1,31,559.8206,538.9769,0.0,0.0,0.0,0.162
430,melhoria,1,32,559.5957,539.6634,0.0,0.0,0.0,0.166
430,melhoria,1,33,559.296,538.4276,0.0,0.0,0.0,0.173
430,melhoria,3,36,558.1987,536.2307,0.0,0.0,0.0,0.182
430,melhoria,1,37,558.0079,536.2307,0.0,0.0,0.0,0.182
430,saida,0,42,558.0079,536.2307,0.0,0.0,0.0,0.258
431,entrada,0,0,21727.1673,540.5216,11930.5227,9228.9266,0.0,0.0
431,melhoria,1,1,11839.1627,604.3784,5897.2224,5307.073,0.0,0.006
431,melhoria,1,2,11838.6838,604.3784,5897.2224,5307.073,0.0,0.008
431,melhoria,1,3,587.7328,539.6634,21.1594,0.0,0.0,0.01
431,melhoria,1,4,586.9524,539.6634,21.1594,0.0,0.0,0.011
431,melhoria,3,7,586.9196,539.6634,21.1594,0.0,0.0,0.021
431,melhoria,3,10,586.8236,539.6634,21.1594,0.0,0.0,0.068
431,melhoria,3,13,586.8234,539.6634,21.1594,0.0,0.0,0.115
431,saida,0,18,586.8234,539.6634,21.1594,0.0,0.0,0.185
431,entrada,0,0,586.8234,539.6634,21.1594,0.0,0.0,0.0
431,melhoria,3,3,586.8206,539.6634,21.1594,0.0,0.0,0.042
431,melhoria,1,4,568.0456,539.6634,0.0,0.0,0.0,0.045
431,melhoria,1,5,567.3833,539.6634,0.0,0.0,0.0,0.052
431,melhoria,1,6,566.8006,539.6634,0.0,0.0,0.0,0.055
431,melhoria,3,9,566.7994,539.6634,0.0,0.0,0.0,0.074
431,melhoria,3,12,566.4735,539.6634,0.0,0.0,0.0,0.105
431,melhoria,1,13,566.3916,538.9769,0.0,0.0,0.0,0.106
431,melhoria,1,14,565.1064,538.9769,0.0,0.0,0.0,0.113
431,melhoria,3,17,565.0284,538.9769,0.0,0.0,0.0,0.128
431,melhoria,3,20,564.941,538.9769,0.0,0.0,0.0,0.18
431,saida,0,25,564.941,538.9769,0.0,0.0,0.0,0.246
432,entrada,0,0,27792.3187,679.7286,13239.1745,13842.4107,0.0,0.0
432,melhoria,1,1,27770.7563,679.7286,13219.7802,13842.4107,0.0,0.001
432,melhoria,1,2,26974.0225,675.5407,13127.0212,13138.8342,0.0,0.001
432,melhoria,1,3,26811.2066,676.6392,12779.7078,13323.3789,0.0,0.002
432,melhoria,1,4,26048.8389,674.1676,12432.698,12908.1534,0.0,0.003
432,melhoria,1,5,26047.3446,674.1676,12432.698,12908.1534,0.0,0.004
432,melhoria,1,6,26024.8215,674.1676,12408.3255,12908.1534,0.0,0.005
432,melhoria,1,7,25737.16,673.0691,12305.5078,12723.6088,0.0,0.006
432,melhoria,1,8,25735.9751,673.0691,12305.5078,12723.6088,0.0,0.008
432,melhoria,1,9,25735.0445,673.0691,12305.5078,12723.6088,0.0,0.009
432,melhoria,1,10,25732.7192,673.0691,12305.5078,12723.6088,0.0,0.01
432,melhoria,3,13,25732.6851,673.0691,12305.5078,12723.6088,0.0,0.02
432,melhoria,3,16,25732.6799,673.0691,12305.5078,12723.6088,0.0,0.047
432,melhoria,3,19,25732.6605,673.0691,12305.5078,12723.6088,0.0,0.056
432,melhoria,1,20,25730.8179,673.0691,12305.5078,12723.6088,0.0,0.06
432,melhoria,3,23,25730.735,673.0691,12305.5078,12723.6088,0.0,0.073
432,melhoria,3,26,24763.7243,668.6752,11894.2368,12171.6202,0.0,0.1
432,melhoria,1,27,12817.6482,536.574,10128.427,2124.6235,0.0,0.102
432,melhoria,1,28,11139.9874,594.3792,6669.309,3850.4747,0.0,0.102
432,melhoria,1,29,1483.9762,534.6859,925.9087,0.0,0.0,0.109
432,melhoria,3,32,1483.892,534.6859,925.9087,0.0,0.0,0.125
432,saida,0,37,1483.892,534.6859,925.9087,0.0,0.0,0.195
432,entrada,0,0,1483.892,534.6859,925.9087,0.0,0.0,0.0
432,melhoria,4,4,1481.6768,532.489,925.9087,0.0,0.0,0.065
432,saida,0,9,1481.6768,532.489,925.9087,0.0,0.0,0.134
433,entrada,0,0,16349.6375,481.0003,9459.3584,6380.9457,0.0,0.0
433,melhoria,1,1,8682.1073,588.0192,4922.7493,3138.1449,0.0,0.0
433,melhoria,1,2,8529.2149,588.0192,4773.0677,3138.1449,0.0,0.002
433,melhoria,1,3,8204.7079,586.7114,4591.4917,2991.6724,0.0,0.002
433,melhoria,1,4,8202.1659,586.7114,4591.4917,2991.6724,0.0,0.007
433,melhoria,1,5,8113.0632,586.7114,4506.0712,2991.6724,0.0,0.007
433,melhoria,1,6,8111.1965,586.7114,4506.0712,2991.6724,0.0,0.009
433,melhoria,1,7,8110.62,586.7114,4506.0712,2991.6724,0.0,0.012
433,melhoria,2,9,8005.5751,586.7114,4401.1222,2991.6724,0.0,0.019
433,melhoria,3,12,7320.1464,583.8052,4043.6813,2666.178,0.0,0.045
433,melhoria,3,15,657.9667,538.4276,93.2782,0.0,0.0,0.063
433,melhoria,3,18,564.3386,538.4276,0.0,0.0,0.0,0.089
433,melhoria,3,21,564.162,538.4276,0.0,0.0,0.0,0.099
433,melhoria,3,24,564.0676,538.4276,0.0,0.0,0.0,0.11
433,melhoria,3,27,563.9444,538.4276,0.0,0.0,0.0,0.139
433,melhoria,2,29,561.7292,536.2307,0.0,0.0,0.0,0.147
433,melhoria,3,32,561.6433,536.2307,0.0,0.0,0.0,0.16
433,melhoria,3,35,561.6432,536.2307,0.0,0.0,0.0,0.191
433,melhoria,1,36,561.6419,536.2307,0.0,0.0,0.0,0.193
433,melhoria,3,39,561.6341,536.2307,0.0,0.0,0.0,0.228
433,melhoria,3,42,561.3047,536.2307,0.0,0.0,0.0,0.242
433,melhoria,3,45,561.2295,536.2307,0.0,0.0,0.0,0.255
433,melhoria,1,46,557.855,536.2307,0.0,0.0,0.0,0.26
433,saida,0,51,557.855,536.2307,0.0,0.0,0.0,0.326
433,entrada,0,0,557.855,536.2307,0.0,0.0,0.0,0.0
433,saida,0,5,557.855,536.2307,0.0,0.0,0.0,0.067
433,entrada,0,0,557.855,536.2307,0.0,0.0,0.0,0.0
433,saida,0,5,557.855,536.2307,0.0,0.0,0.0,0.067
433,entrada,0,0,557.855,536.2307,0.0,0.0,0.0,0.0
433,saida,0,5,557.855,536.2307,0.0,0.0,0.0,0.066
434,entrada,0,0,8057.1925,481.0003,4374.7782,3173.9773,0.0,0.0
434,melhoria,1,1,567.3633,539.6634,0.0,0.0,0.0,0.0
434,melhoria,1,2,533.0874,483.5184,21.1594,0.0,0.0,0.002
434,melhoria,1,3,532.0223,483.5184,21.1594,0.0,0.0,0.003
434,melhoria,1,4,451.4022,425.1918,0.0,0.0,0.0,0.003
434,melhoria,1,5,450.4688,425.1918,0.0,0.0,0.0,0.005
434,melhoria,1,6,449.5355,425.1918,0.0,0.0,0.0,0.01
434,melhoria,3,9,449.4437,425.1918,0.0,0.0,0.0,0.021
434,saida,0,14,449.4437,425.1918,0.0,0.0,0.0,0.084
434,entrada,0,0,449.4437,425.1918,0.0,0.0,0.0,0.0
434,saida,0,5,449.4437,425.1918,0.0,0.0,0.0,0.062
434,entrada,0,0,449.4437,425.1918,0.0,0.0,0.0,0.0
434,saida,0,5,449.4437,425.1918,0.0,0.0,0.0,0.069
434,entrada,0,0,449.4437,425.1918,0.0,0.0,0.0,0.0
434,saida,0,5,449.4437,425.1918,0.0,0.0,0.0,0.059
435,entrada,0,0,1021.9078,543.0962,450.3768,0.0,0.0,0.0
435,melhoria,1,1,1020.8447,543.0962,450.3768,0.0,0.0,0.001
435,melhoria,1,2,876.2324,542.4096,305.7893,0.0,0.0,0.001
435,melhoria,1,3,874.8764,542.4096,305.7893,0.0,0.0,0.002
435,melhoria,1,4,657.4958,541.1738,85.4205,0.0,0.0,0.003
435,melhoria,1,5,655.6561,541.1738,85.4205,0.0,0.0,0.004
435,melhoria,1,6,653.9011,541.1738,85.4205,0.0,0.0,0.005
435,melhoria,1,7,651.7785,541.1738,85.4205,0.0,0.0,0.009
435,melhoria,1,8,650.278,541.1738,85.4205,0.0,0.0,0.011
435,melhoria,1,9,650.1811,541.1738,85.4205,0.0,0.0,0.017
435,melhoria,3,12,649.8024,541.1738,85.4205,0.0,0.0,0.025
435,melhoria,1,13,586.4706,540.6246,21.1594,0.0,0.0,0.026
435,melhoria,3,16,584.8499,538.4276,21.1594,0.0,0.0,0.045
435,melhoria,3,19,584.7431,538.4276,21.1594,0.0,0.0,0.065
435,melhoria,3,22,563.3498,538.4276,0.0,0.0,0.0,0.09
435,melhoria,1,23,562.8949,539.6634,0.0,0.0,0.0,0.09
435,melhoria,1,24,561.0785,539.6634,0.0,0.0,0.0,0.096
435,melhoria,3,27,560.9978,539.6634,0.0,0.0,0.0,0.123
435,melhoria,3,30,557.7824,536.2307,0.0,0.0,0.0,0.153
435,saida,0,35,557.7824,536.2307,0.0,0.0,0.0,0.219
435,entrada,0,0,557.7824,536.2307,0.0,0.0,0.0,0.0
435,saida,0,5,557.7824,536.2307,0.0,0.0,0.0,0.061
435,entrada,0,0,557.7824,536.2307,0.0,0.0,0.0,0.0
435,saida,0,5,557.7824,536.2307,0.0,0.0,0.0,0.066
435,entrada,0,0,557.7824,536.2307,0.0,0.0,0.0,0.0
435,saida,0,5,557.7824,536.2307,0.0,0.0,0.0,0.06
436,entrada,0,0,16282.8383,627.6307,8052.4705,7574.6348,0.0,0.0
436,melhoria,1,1,15947.9082,625.9962,7899.4871,7391.5778,0.0,0.003
436,melhoria,1,2,15731.8792,624.9502,7801.5778,7274.4213,0.0,0.003
436,melhoria,1,3,15731.2964,624.9502,7801.5778,7274.4213,0.0,0.006
436,melhoria,1,4,15729.0792,624.9502,7801.5778,7274.4213,0.0,0.011
436,melhoria,2,6,566.9795,539.6634,0.0,0.0,0.0,0.02
436,melhoria,1,7,566.3692,539.6634,0.0,0.0,0.0,0.024
436,melhoria,1,8,563.736,539.6634,0.0,0.0,0.0,0.026
436,melhoria,3,11,560.4279,536.2307,0.0,0.0,0.0,0.066
436,melhoria,3,14,560.3943,536.2307,0.0,0.0,0.0,0.099
436,melhoria,3,17,560.1387,536.2307,0.0,0.0,0.0,0.144
436,saida,0,22,560.1387,536.2307,0.0,0.0,0.0,0.211
436,entrada,0,0,560.1387,536.2307,0.0,0.0,0.0,0.0
436,saida,0,5,560.1387,536.2307,0.0,0.0,0.0,0.066
437,entrada,0,0,8057.1925,481.0003,4374.7782,3173.9773,0.0,0.0
437,melhoria,1,1,567.3633,539.6634,0.0,0.0,0.0,0.0
437,melhoria,1,2,533.0874,483.5184,21.1594,0.0,0.0,0.0
437,melhoria,1,3,531.5838,483.5184,21.1594,0.0,0.0,0.001
437,melhoria,1,4,530.6504,483.5184,21.1594,0.0,0.0,0.005
437,melhoria,1,5,530.0739,483.5184,21.1594,0.0,0.0,0.006
437,melhoria,1,6,449.5355,425.1918,0.0,0.0,0.0,0.01
437,melhoria,3,9,449.4437,425.1918,0.0,0.0,0.0,0.043
437,saida,0,14,449.4437,425.1918,0.0,0.0,0.0,0.103
437,entrada,0,0,449.4437,425.1918,0.0,0.0,0.0,0.0
437,saida,0,5,449.4437,425.1918,0.0,0.0,0.0,0.058
437,entrada,0,0,449.4437,425.1918,0.0,0.0,0.0,0.0
437,saida,0,5,449.4437,425.1918,0.0,0.0,0.0,0.061
437,entrada,0,0,449.4437,425.1918,0.0,0.0,0.0,0.0
437,saida,0,5,449.4437,425.1918,0.0,0.0,0.0,0.064
438,entrada,0,0,9438.7567,538.9769,4977.1982,3894.8218,0.0,0.0
438,melhoria,1,1,569.3665,539.6634,0.0,0.0,0.0,0.0
438,melhoria,2,3,569.3619,539.6634,0.0,0.0,0.0,0.007
438,melhoria,3,6,568.8282,538.9769,0.0,0.0,0.0,0.022
438,melhoria,2,8,568.8095,538.9769,0.0,0.0,0.0,0.03
438,melhoria,1,9,566.0676,536.2307,0.0,0.0,0.0,0.035
438,melhoria,3,12,565.9883,536.2307,0.0,0.0,0.0,0.052
438,melhoria,3,15,565.8836,536.2307,0.0,0.0,0.0,0.077
438,melhoria,3,18,565.6829,536.2307,0.0,0.0,0.0,0.09
438,melhoria,3,21,565.6722,536.2307,0.0,0.0,0.0,0.108
438,melhoria,3,24,565.4079,536.2307,0.0,0.0,0.0,0.12
438,melhoria,1,25,563.9074,536.2307,0.0,0.0,0.0,0.121
438,melhoria,1,26,561.5133,536.2307,0.0,0.0,0.0,0.122
438,melhoria,3,29,561.3539,536.2307,0.0,0.0,0.0,0.148
438,melhoria,2,31,561.259,536.2307,0.0,0.0,0.0,0.158
438,melhoria,3,34,561.0901,536.2307,0.0,0.0,0.0,0.181
438,melhoria,1,35,560.4901,536.2307,0.0,0.0,0.0,0.188
438,melhoria,3,38,560.3285,536.2307,0.0,0.0,0.0,0.208
438,melhoria,3,41,560.2561,536.2307,0.0,0.0,0.0,0.218
438,saida,0,46,560.2561,536.2307,0.0,0.0,0.0,0.289
438,entrada,0,0,560.2561,536.2307,0.0,0.0,0.0,0.0
438,saida,0,5,560.2561,536.2307,0.0,0.0,0.0,0.066
439,entrada,0,0,8055.2326,481.0003,4374.7782,3173.9773,0.0,0.0
439,melhoria,1,1,565.8503,539.6634,0.0,0.0,0.0,0.001
439,melhoria,1,2,531.59,483.5184,21.1594,0.0,0.0,0.007
439,melhoria,1,3,530.6567,483.5184,21.1594,0.0,0.0,0.009
439,melhoria,1,4,449.5355,425.1918,0.0,0.0,0.0,0.013
439,melhoria,3,7,449.4437,425.1918,0.0,0.0,0.0,0.047
439,saida,0,12,449.4437,425.1918,0.0,0.0,0.0,0.111
439,entrada,0,0,449.4437,425.1918,0.0,0.0,0.0,0.0
439,saida,0,5,449.4437,425.1918,0.0,0.0,0.0,0.075
439,entrada,0,0,449.4437,425.1918,0.0,0.0,0.0,0.0
439,saida,0,5,449.4437,425.1918,0.0,0.0,0.0,0.068
439,entrada,0,0,449.4437,425.1918,0.0,0.0,0.0,0.0
439,saida,0,5,449.4437,425.1918,0.0,0.0,0.0,0.061
440,entrada,0,0,8057.1925,481.0003,4374.7782,3173.9773,0.0,0.0
440,melhoria,1,1,567.9754,540.35,0.0,0.0,0.0,0.001
440,melhoria,1,2,567.697,539.6634,0.0,0.0,0.0,0.001
440,melhoria,1,3,567.3633,539.6634,0.0,0.0,0.0,0.01
440,melhoria,1,4,533.0874,483.5184,21.1594,0.0,0.0,0.01
440,melhoria,1,5,531.59,483.5184,21.1594,0.0,0.0,0.011
440,melhoria,1,6,530.0739,483.5184,21.1594,0.0,0.0,0.013
440,melhoria,1,7,449.5355,425.1918,0.0,0.0,0.0,0.017
440,melhoria,3,10,449.4437,425.1918,0.0,0.0,0.0,0.064
440,saida,0,15,449.4437,425.1918,0.0,0.0,0.0,0.124
440,entrada,0,0,449.4437,425.1918,0.0,0.0,0.0,0.0
440,saida,0,5,449.4437,425.1918,0.0,0.0,0.0,0.063
440,entrada,0,0,449.4437,425.1918,0.0,0.0,0.0,0.0
440,saida,0,5,449.4437,425.1918,0.0,0.0,0.0,0.064
440,entrada,0,0,449.4437,425.1918,0.0,0.0,0.0,0.0
440,saida,0,5,449.4437,425.1918,0.0,0.0,0.0,0.068
441,entrada,0,0,13759.3735,540.2127,9897.8977,3296.4361,0.0,0.0
441,melhoria,1,1,1630.5318,538.9769,1065.402,0.0,0.0,0.0
441,melhoria,1,2,975.1629,538.9769,406.7259,0.0,0.0,0.003
441,melhoria,1,3,911.8764,538.4276,342.4648,0.0,0.0,0.004
441,melhoria,1,4,910.9035,538.4276,342.4648,0.0,0.0,0.006
441,melhoria,1,5,910.7436,538.9769,342.4648,0.0,0.0,0.008
441,melhoria,1,6,909.8848,538.9769,342.4648,0.0,0.0,0.009
441,melhoria,1,7,585.6591,538.9769,21.1594,0.0,0.0,0.011
441,melhoria,3,10,564.0115,538.9769,0.0,0.0,0.0,0.023
441,melhoria,2,12,563.4592,538.4276,0.0,0.0,0.0,0.031
441,melhoria,1,13,561.9701,538.4276,0.0,0.0,0.0,0.035
441,melhoria,3,16,561.9431,538.4276,0.0,0.0,0.0,0.054
441,melhoria,1,17,561.122,538.4276,0.0,0.0,0.0,0.058
441,melhoria,1,18,560.1491,538.4276,0.0,0.0,0.0,0.064
441,melhoria,1,19,560.1301,538.4276,0.0,0.0,0.0,0.07
441,melhoria,3,22,560.1042,538.4276,0.0,0.0,0.0,0.092
441,melhoria,3,25,560.0277,538.4276,0.0,0.0,0.0,0.122
441,saida,0,30,560.0277,538.4276,0.0,0.0,0.0,0.197
441,entrada,0,0,560.0277,538.4276,0.0,0.0,0.0,0.0
441,melhoria,4,4,557.8125,536.2307,0.0,0.0,0.0,0.077
441,saida,0,9,557.8125,536.2307,0.0,0.0,0.0,0.143
441,entrada,0,0,557.8125,536.2307,0.0,0.0,0.0,0.0
441,saida,0,5,557.8125,536.2307,0.0,0.0,0.0,0.066
441,entrada,0,0,557.8125,536.2307,0.0,0.0,0.0,0.0
441,saida,0,5,557.8125,536.2307,0.0,0.0,0.0,0.068
444,entrada,0,0,8071.26,493.3965,4374.7782,3173.9773,0.0,0.0
444,melhoria,1,1,5144.0262,539.6634,2497.5762,2077.3803,0.0,0.0
444,melhoria,1,2,801.3747,539.6634,230.008,0.0,0.0,0.001
444,melhoria,1,3,568.4252,539.6634,0.0,0.0,0.0,0.001
444,melhoria,3,6,568.3408,539.6634,0.0,0.0,0.0,0.043
444,melhoria,3,9,568.3343,539.6634,0.0,0.0,0.0,0.093
444,melhoria,3,12,568.1973,539.6634,0.0,0.0,0.0,0.119
444,melhoria,1,13,568.1807,539.6634,0.0,0.0,0.0,0.122
444,melhoria,1,14,565.7678,539.6634,0.0,0.0,0.0,0.122
444,melhoria,1,15,531.3115,483.327,21.1594,0.0,0.0,0.126
444,melhoria,1,16,530.3781,483.327,21.1594,0.0,0.0,0.129
444,melhoria,1,17,529.7954,483.327,21.1594,0.0,0.0,0.132
444,melhoria,1,18,449.4437,425.1918,0.0,0.0,0.0,0.139
444,saida,0,23,449.4437,425.1918,0.0,0.0,0.0,0.201
444,entrada,0,0,449.4437,425.1918,0.0,0.0,0.0,0.0
444,saida,0,5,449.4437,425.1918,0.0,0.0,0.0,0.058
444,entrada,0,0,449.4437,425.1918,0.0,0.0,0.0,0.0
444,saida,0,5,449.4437,425.1918,0.0,0.0,0.0,0.063
444,entrada,0,0,449.4437,425.1918,0.0,0.0,0.0,0.0
444,saida,0,5,449.4437,425.1918,0.0,0.0,0.0,0.056
446,entrada,0,0,21598.8146,538.4276,9463.5087,11568.8533,0.0,0.0
446,melhoria,1,1,8860.3693,562.6482,5730.8676,2537.5189,0.0,0.0
446,melhoria,1,2,4502.9018,562.409,3638.6013,269.8068,0.0,0.001
446,melhoria,1,3,2896.4771,562.409,2033.1419,269.8068,0.0,0.001
446,melhoria,1,4,2047.9454,538.9769,1480.9819,0.0,0.0,0.001
446,melhoria,1,5,2034.1489,538.9769,1467.0337,0.0,0.0,0.002
446,melhoria,1,6,2032.6359,538.9769,1467.0337,0.0,0.0,0.008
446,melhoria,3,9,2032.1078,538.9769,1467.0337,0.0,0.0,0.025
446,melhoria,2,11,2032.0088,538.9769,1467.0337,0.0,0.0,0.036
446,melhoria,1,12,2029.6085,538.9769,1467.0337,0.0,0.0,0.037
446,melhoria,3,15,2029.4571,538.9769,1467.0337,0.0,0.0,0.047
446,melhoria,1,16,909.495,538.9769,342.4648,0.0,0.0,0.051
446,melhoria,3,19,674.3037,538.9769,21.1594,85.1278,0.0,0.061
446,melhoria,1,20,673.7598,539.6634,104.3724,0.0,0.0,0.061
446,melhoria,2,22,590.6358,539.6634,21.1594,0.0,0.0,0.069
446,melhoria,3,25,590.0942,539.6634,21.1594,0.0,0.0,0.086
446,melhoria,3,28,568.6434,539.6634,0.0,0.0,0.0,0.093
446,melhoria,1,29,566.6706,539.6634,0.0,0.0,0.0,0.098
446,melhoria,1,30,566.6639,538.9769,0.0,0.0,0.0,0.099
446,melhoria,1,31,565.3607,538.9769,0.0,0.0,0.0,0.104
446,melhoria,3,34,565.3513,538.9769,0.0,0.0,0.0,0.136
446,melhoria,3,37,565.1359,538.9769,0.0,0.0,0.0,0.166
446,melhoria,3,40,565.1294,538.9769,0.0,0.0,0.0,0.184
446,saida,0,45,565.1294,538.9769,0.0,0.0,0.0,0.242
446,entrada,0,0,565.1294,538.9769,0.0,0.0,0.0,0.0
446,saida,0,5,565.1294,538.9769,0.0,0.0,0.0,0.058
447,entrada,0,0,569.628,538.2903,0.0,0.0,0.0,0.0
447,melhoria,1,1,569.0758,538.9769,0.0,0.0,0.0,0.004
447,melhoria,1,2,567.5909,538.9769,0.0,0.0,0.0,0.007
447,melhoria,1,3,566.0748,538.9769,0.0,0.0,0.0,0.007
447,melhoria,1,4,564.5619,538.9769,0.0,0.0,0.0,0.01
447,melhoria,3,7,564.4794,538.9769,0.0,0.0,0.0,0.032
447,melhoria,3,10,564.3781,538.9769,0.0,0.0,0.0,0.041
447,melhoria,2,12,564.2981,538.9769,0.0,0.0,0.0,0.048
447,melhoria,3,15,563.9806,538.9769,0.0,0.0,0.0,0.091
447,melhoria,3,18,563.8394,538.9769,0.0,0.0,0.0,0.135
447,melhoria,1,19,563.2361,538.9769,0.0,0.0,0.0,0.14
447,melhoria,3,22,563.0898,538.9769,0.0,0.0,0.0,0.168
447,melhoria,3,25,562.9626,538.9769,0.0,0.0,0.0,0.229
447,melhoria,3,28,562.927,538.9769,0.0,0.0,0.0,0.251
447,saida,0,33,562.927,538.9769,0.0,0.0,0.0,0.317
448,entrada,0,0,529.395,483.4706,21.1594,0.0,0.0,0.0
448,melhoria,1,1,527.9911,483.4706,21.1594,0.0,0.0,0.0
448,melhoria,3,4,515.3118,470.896,21.1594,0.0,0.0,0.013
448,melhoria,3,7,515.2832,470.896,21.1594,0.0,0.0,0.048
448,melhoria,3,10,515.2782,470.896,21.1594,0.0,0.0,0.07
448,melhoria,3,13,515.1922,470.896,21.1594,0.0,0.0,0.078
448,saida,0,18,515.1922,470.896,21.1594,0.0,0.0,0.143
448,entrada,0,0,515.1922,470.896,21.1594,0.0,0.0,0.0
448,saida,0,5,515.1922,470.896,21.1594,0.0,0.0,0.065
448,entrada,0,0,515.1922,470.896,21.1594,0.0,0.0,0.0
448,saida,0,5,515.1922,470.896,21.1594,0.0,0.0,0.067
448,entrada,0,0,515.1922,470.896,21.1594,0.0,0.0,0.0
448,saida,0,5,515.1922,470.896,21.1594,0.0,0.0,0.064
449,entrada,0,0,1891.4982,515.1361,1346.9192,0.0,0.0,0.0
449,melhoria,1,1,1890.0039,515.1361,1346.9192,0.0,0.0,0.001
449,melhoria,1,2,1856.6289,483.5184,1346.9192,0.0,0.0,0.001
449,melhoria,1,3,1618.0195,483.4706,1107.7209,0.0,0.0,0.001
449,melhoria,1,4,1616.196,483.4706,1107.7209,0.0,0.0,0.006
449,melhoria,2,6,1616.0098,483.2792,1107.7209,0.0,0.0,0.012
449,melhoria,3,9,1595.0497,483.2792,1086.5614,0.0,0.0,0.035
449,melhoria,3,12,1037.9271,483.2792,529.3712,0.0,0.0,0.089
449,melhoria,3,15,1036.2081,481.5744,529.3712,0.0,0.0,0.1
449,melhoria,3,18,1014.2303,480.809,508.2117,0.0,0.0,0.143
449,melhoria,1,19,961.4557,431.3708,508.2117,0.0,0.0,0.148
449,melhoria,2,21,961.206,431.3708,508.2117,0.0,0.0,0.156
449,melhoria,3,24,961.1997,431.3708,508.2117,0.0,0.0,0.192
449,saida,0,29,961.1997,431.3708,508.2117,0.0,0.0,0.247
450,entrada,0,0,41315.8252,696.2702,20256.0686,20325.9635,0.0,0.0
450,melhoria,1,1,29195.2224,689.8183,13930.7362,14539.6504,0.0,0.003
450,melhoria,1,2,29096.498,689.7705,13836.1253,14534.2923,0.0,0.006
450,melhoria,1,3,29094.6314,689.7705,13836.1253,14534.2923,0.0,0.006
450,melhoria,1,4,29091.8314,689.7705,13836.1253,14534.2923,0.0,0.009
450,melhoria,1,5,9099.5316,590.7004,5039.7454,3438.4415,0.0,0.01
450,melhoria,1,6,9074.244,590.7004,5018.5859,3438.4415,0.0,0.014
450,melhoria,1,7,8931.7862,589.9738,4955.675,3357.0679,0.0,0.018
450,melhoria,1,8,587.7909,540.6246,21.1594,0.0,0.0,0.025
450,melhoria,2,10,585.5766,538.4276,21.1594,0.0,0.0,0.033
450,melhoria,1,11,585.3258,538.9769,21.1594,0.0,0.0,0.034
450,melhoria,3,14,585.3054,538.9769,21.1594,0.0,0.0,0.064
450,melhoria,1,15,560.4331,538.9769,0.0,0.0,0.0,0.069
450,melhoria,3,18,560.3608,538.9769,0.0,0.0,0.0,0.079
450,melhoria,1,19,560.3504,538.9769,0.0,0.0,0.0,0.084
450,melhoria,3,22,557.5597,536.2307,0.0,0.0,0.0,0.093
450,melhoria,3,25,557.4679,536.2307,0.0,0.0,0.0,0.109
450,saida,0,30,557.4679,536.2307,0.0,0.0,0.0,0.174
450,entrada,0,0,557.4679,536.2307,0.0,0.0,0.0,0.0
450,saida,0,5,557.4679,536.2307,0.0,0.0,0.0,0.072
450,entrada,0,0,557.4679,536.2307,0.0,0.0,0.0,0.0
450,saida,0,5,557.4679,536.2307,0.0,0.0,0.0,0.062
450,entrada,0,0,557.4679,536.2307,0.0,0.0,0.0,0.0
450,saida,0,5,557.4679,536.2307,0.0,0.0,0.0,0.071
451,entrada,0,0,569.1552,538.4276,0.0,0.0,0.0,0.0
451,melhoria,1,1,568.2219,538.4276,0.0,0.0,0.0,0.0
451,melhoria,1,2,567.9582,539.6634,0.0,0.0,0.0,0.003
451,melhoria,1,3,567.9564,539.6634,0.0,0.0,0.0,0.003
451,melhoria,1,4,566.4715,539.6634,0.0,0.0,0.0,0.007
451,melhoria,1,5,565.8894,539.6634,0.0,0.0,0.0,0.01
451,melhoria,1,6,565.3042,539.6634,0.0,0.0,0.0,0.016
451,melhoria,3,9,565.055,539.6634,0.0,0.0,0.0,0.034
451,melhoria,1,10,563.3018,539.6634,0.0,0.0,0.0,0.041
451,melhoria,1,11,563.2504,539.6634,0.0,0.0,0.0,0.046
451,melhoria,1,12,539.1084,492.8224,21.1594,0.0,0.0,0.053
451,melhoria,1,13,537.5985,492.8224,21.1594,0.0,0.0,0.057
451,melhoria,1,14,537.3566,492.7587,21.1594,0.0,0.0,0.058
451,melhoria,3,17,515.3118,470.896,21.1594,0.0,0.0,0.085
451,melhoria,3,20,515.2782,470.896,21.1594,0.0,0.0,0.108
451,saida,0,25,515.2782,470.896,21.1594,0.0,0.0,0.167
451,entrada,0,0,515.2782,470.896,21.1594,0.0,0.0,0.0
451,melhoria,3,3,515.1922,470.896,21.1594,0.0,0.0,0.017
451,saida,0,8,515.1922,470.896,21.1594,0.0,0.0,0.082
451,entrada,0,0,515.1922,470.896,21.1594,0.0,0.0,0.0
451,saida,0,5,515.1922,470.896,21.1594,0.0,0.0,0.089
451,entrada,0,0,515.1922,470.896,21.1594,0.0,0.0,0.0
451,saida,0,5,515.1922,470.896,21.1594,0.0,0.0,0.061
452,entrada,0,0,2090.603,555.0178,1507.0766,0.0,0.0,0.0
452,melhoria,1,1,537.4556,511.5038,0.0,0.0,0.0,0.002
452,melhoria,3,4,537.3638,511.5038,0.0,0.0,0.0,0.025
452,melhoria,3,7,530.6574,504.8529,0.0,0.0,0.0,0.044
452,melhoria,1,8,453.5345,428.6246,0.0,0.0,0.0,0.046
452,melhoria,1,9,453.4926,428.6246,0.0,0.0,0.0,0.052
452,saida,0,14,453.4926,428.6246,0.0,0.0,0.0,0.115
452,entrada,0,0,453.4926,428.6246,0.0,0.0,0.0,0.0
452,saida,0,5,453.4926,428.6246,0.0,0.0,0.0,0.067
452,entrada,0,0,453.4926,428.6246,0.0,0.0,0.0,0.0
452,melhoria,3,3,453.3143,428.6246,0.0,0.0,0.0,0.056
452,melhoria,1,4,452.8215,428.6246,0.0,0.0,0.0,0.062
452,melhoria,2,6,452.7575,428.6246,0.0,0.0,0.0,0.07
452,melhoria,3,9,450.0277,425.1918,0.0,0.0,0.0,0.087
452,saida,0,14,450.0277,425.1918,0.0,0.0,0.0,0.151
452,entrada,0,0,450.0277,425.1918,0.0,0.0,0.0,0.0
452,saida,0,5,450.0277,425.1918,0.0,0.0,0.0,0.065
454,entrada,0,0,19253.7692,639.3986,9688.0556,8892.6452,0.0,0.0
454,melhoria,1,1,19251.3388,639.3986,9688.0556,8892.6452,0.0,0.0
454,melhoria,2,3,12348.5861,607.9681,6212.0558,5497.6583,0.0,0.008
454,melhoria,1,4,8756.3876,589.6832,4810.9219,3324.5185,0.0,0.009
454,melhoria,1,5,8430.9412,588.3754,4629.3459,3178.046,0.0,0.011
454,melhoria,1,6,8427.7867,588.3754,4629.3459,3178.046,0.0,0.012
454,melhoria,1,7,8426.0753,588.3754,4629.3459,3178.046,0.0,0.013
454,melhoria,1,8,567.4183,539.6634,0.0,0.0,0.0,0.014
454,melhoria,1,9,564.988,539.6634,0.0,0.0,0.0,0.021
454,melhoria,2,11,561.5266,536.2307,0.0,0.0,0.0,0.03
454,melhoria,3,14,561.5256,536.2307,0.0,0.0,0.0,0.049
454,melhoria,3,17,561.3741,536.2307,0.0,0.0,0.0,0.097
454,melhoria,3,20,561.2802,536.2307,0.0,0.0,0.0,0.118
454,saida,0,25,561.2802,536.2307,0.0,0.0,0.0,0.182
454,entrada,0,0,561.2802,536.2307,0.0,0.0,0.0,0.0
454,melhoria,3,3,561.1436,536.2307,0.0,0.0,0.0,0.021
454,saida,0,8,561.1436,536.2307,0.0,0.0,0.0,0.084
455,entrada,0,0,15587.5902,483.327,9423.3891,5656.491,0.0,0.0
455,melhoria,1,1,11370.9971,600.3874,6218.516,4523.3839,0.0,0.0
455,melhoria,1,2,10886.0126,600.3874,5732.5045,4523.3839,0.0,0.0
455,melhoria,1,3,3138.9951,539.6634,1617.6298,954.5929,0.0,0.002
455,melhoria,1,4,566.9083,539.6634,0.0,0.0,0.0,0.003
455,melhoria,1,5,566.8811,540.35,0.0,0.0,0.0,0.004
455,melhoria,1,6,532.8608,506.3889,0.0,0.0,0.0,0.01
455,melhoria,3,9,519.7602,493.3965,0.0,0.0,0.0,0.034
455,melhoria,3,12,519.6683,493.3965,0.0,0.0,0.0,0.043
455,melhoria,3,15,501.1185,475.0,0.0,0.0,0.0,0.072
455,melhoria,1,16,449.4437,425.1918,0.0,0.0,0.0,0.078
455,saida,0,21,449.4437,425.1918,0.0,0.0,0.0,0.144
455,entrada,0,0,449.4437,425.1918,0.0,0.0,0.0,0.0
455,saida,0,5,449.4437,425.1918,0.0,0.0,0.0,0.061
455,entrada,0,0,449.4437,425.1918,0.0,0.0,0.0,0.0
455,saida,0,5,449.4437,425.1918,0.0,0.0,0.0,0.065
455,entrada,0,0,449.4437,425.1918,0.0,0.0,0.0,0.0
455,saida,0,5,449.4437,425.1918,0.0,0.0,0.0,0.058
456,entrada,0,0,8055.2326,481.0003,4374.7782,3173.9773,0.0,0.0
456,melhoria,1,1,568.2663,539.6634,0.0,0.0,0.0,0.001
456,melhoria,1,2,566.7502,539.6634,0.0,0.0,0.0,0.006
456,melhoria,1,3,564.3342,539.6634,0.0,0.0,0.0,0.009
456,melhoria,1,4,530.0739,483.5184,21.1594,0.0,0.0,0.014
456,melhoria,1,5,449.5355,425.1918,0.0,0.0,0.0,0.02
456,melhoria,3,8,449.4437,425.1918,0.0,0.0,0.0,0.058
456,saida,0,13,449.4437,425.1918,0.0,0.0,0.0,0.123
456,entrada,0,0,449.4437,425.1918,0.0,0.0,0.0,0.0
456,saida,0,5,449.4437,425.1918,0.0,0.0,0.0,0.064
456,entrada,0,0,449.4437,425.1918,0.0,0.0,0.0,0.0
456,saida,0,5,449.4437,425.1918,0.0,0.0,0.0,0.062
456,entrada,0,0,449.4437,425.1918,0.0,0.0,0.0,0.0
456,saida,0,5,449.4437,425.1918,0.0,0.0,0.0,0.06
459,entrada,0,0,11021.3005,602.0666,5680.8373,4711.4641,0.0,0.0
459,melhoria,1,1,10829.4896,601.1337,5593.5143,4606.9751,0.0,0.0
459,melhoria,1,2,10828.9068,601.1337,5593.5143,4606.9751,0.0,0.001
459,melhoria,1,3,10483.9795,599.4544,5436.333,4418.8949,0.0,0.001
459,melhoria,1,4,568.7511,539.6634,0.0,0.0,0.0,0.003
459,melhoria,1,5,567.6918,539.6634,0.0,0.0,0.0,0.003
459,melhoria,3,8,567.6075,539.6634,0.0,0.0,0.0,0.022
459,melhoria,3,11,567.2922,539.6634,0.0,0.0,0.0,0.07
459,melhoria,1,12,566.7095,539.6634,0.0,0.0,0.0,0.071
459,melhoria,3,15,566.6044,539.6634,0.0,0.0,0.0,0.094
459,melhoria,3,18,566.5708,539.6634,0.0,0.0,0.0,0.142
459,melhoria,3,21,566.2867,539.6634,0.0,0.0,0.0,0.154
459,melhoria,3,24,566.2796,539.6634,0.0,0.0,0.0,0.188
459,saida,0,29,566.2796,539.6634,0.0,0.0,0.0,0.257
459,entrada,0,0,566.2796,539.6634,0.0,0.0,0.0,0.0
459,saida,0,5,566.2796,539.6634,0.0,0.0,0.0,0.063
460,entrada,0,0,8057.1925,481.0003,4374.7782,3173.9773,0.0,0.0
460,melhoria,1,1,569.7637,539.6634,0.0,0.0,0.0,0.0
460,melhoria,1,2,567.3633,539.6634,0.0,0.0,0.0,0.001
460,melhoria,1,3,533.0874,483.5184,21.1594,0.0,0.0,0.003
460,melhoria,1,4,531.59,483.5184,21.1594,0.0,0.0,0.004
460,melhoria,1,5,450.4688,425.1918,0.0,0.0,0.0,0.005
460,melhoria,1,6,449.5355,425.1918,0.0,0.0,0.0,0.006
460,melhoria,3,9,449.4437,425.1918,0.0,0.0,0.0,0.059
460,saida,0,14,449.4437,425.1918,0.0,0.0,0.0,0.121
460,entrada,0,0,449.4437,425.1918,0.0,0.0,0.0,0.0
460,saida,0,5,449.4437,425.1918,0.0,0.0,0.0,0.065
460,entrada,0,0,449.4437,425.1918,0.0,0.0,0.0,0.0
460,saida,0,5,449.4437,425.1918,0.0,0.0,0.0,0.062
460,entrada,0,0,449.4437,425.1918,0.0,0.0,0.0,0.0
460,saida,0,5,449.4437,425.1918,0.0,0.0,0.0,0.067
461,entrada,0,0,8057.1925,481.0003,4374.7782,3173.9773,0.0,0.0
461,melhoria,1,1,2094.6528,539.1142,1524.0298,0.0,0.0,0.0
461,melhoria,1,2,569.8549,539.6634,0.0,0.0,0.0,0.001
461,melhoria,1,3,566.5334,539.6634,0.0,0.0,0.0,0.002
461,melhoria,1,4,533.1283,483.4706,21.1594,0.0,0.0,0.01
461,melhoria,1,5,530.7911,483.4706,21.1594,0.0,0.0,0.015
461,melhoria,3,8,530.5791,483.1716,21.1594,0.0,0.0,0.031
461,melhoria,3,11,530.1236,482.9802,21.1594,0.0,0.0,0.044
461,melhoria,1,12,527.6804,482.9802,21.1594,0.0,0.0,0.05
461,melhoria,4,16,525.4911,480.809,21.1594,0.0,0.0,0.118
461,melhoria,3,19,525.4066,480.809,21.1594,0.0,0.0,0.131
461,melhoria,1,20,469.9033,428.6246,21.1594,0.0,0.0,0.137
461,melhoria,3,23,469.8115,428.6246,21.1594,0.0,0.0,0.151
461,melhoria,2,25,469.7233,428.6246,21.1594,0.0,0.0,0.163
461,saida,0,30,469.7233,428.6246,21.1594,0.0,0.0,0.231
461,entrada,0,0,469.7233,428.6246,21.1594,0.0,0.0,0.0
461,melhoria,3,3,469.6065,428.6246,21.1594,0.0,0.0,0.041
461,melhoria,3,6,469.4383,428.6246,21.1594,0.0,0.0,0.077
461,saida,0,11,469.4383,428.6246,21.1594,0.0,0.0,0.146
461,entrada,0,0,469.4383,428.6246,21.1594,0.0,0.0,0.0
461,saida,0,5,469.4383,428.6246,21.1594,0.0,0.0,0.066
461,entrada,0,0,469.4383,428.6246,21.1594,0.0,0.0,0.0
461,melhoria,3,3,469.3927,428.6246,21.1594,0.0,0.0,0.016
461,saida,0,8,469.3927,428.6246,21.1594,0.0,0.0,0.079
462,entrada,0,0,1651.7804,538.1187,1086.5614,0.0,0.0,0.0
462,melhoria,1,1,1650.8471,538.1187,1086.5614,0.0,0.0,0.0
462,melhoria,1,2,1649.5563,538.1187,1086.5614,0.0,0.0,0.005
462,melhoria,1,3,1074.8522,538.1187,509.1138,0.0,0.0,0.009
462,melhoria,1,4,987.0194,538.1187,422.7912,0.0,0.0,0.01
462,melhoria,1,5,586.0547,539.6634,21.1594,0.0,0.0,0.01
462,melhoria,1,6,567.4869,541.2082,0.0,0.0,0.0,0.013
462,melhoria,1,7,566.5186,541.2082,0.0,0.0,0.0,0.016
462,melhoria,1,8,449.5355,425.1918,0.0,0.0,0.0,0.017
462,melhoria,3,11,449.4437,425.1918,0.0,0.0,0.0,0.036
462,saida,0,16,449.4437,425.1918,0.0,0.0,0.0,0.097
462,entrada,0,0,449.4437,425.1918,0.0,0.0,0.0,0.0
462,saida,0,5,449.4437,425.1918,0.0,0.0,0.0,0.059
462,entrada,0,0,449.4437,425.1918,0.0,0.0,0.0,0.0
462,saida,0,5,449.4437,425.1918,0.0,0.0,0.0,0.06
462,entrada,0,0,449.4437,425.1918,0.0,0.0,0.0,0.0
462,saida,0,5,449.4437,425.1918,0.0,0.0,0.0,0.061
462,entrada,0,0,34495.6078,700.8744,16375.1152,17394.895,0.0,0.0
462,melhoria,1,1,34495.0162,700.8744,16375.1152,17394.895,0.0,0.0
462,melhoria,1,2,34494.0995,700.8744,16375.1152,17394.895,0.0,0.001
462,melhoria,1,3,34493.5078,700.8744,16375.1152,17394.895,0.0,0.001
462,melhoria,1,4,34492.5828,700.8744,16375.1152,17394.895,0.0,0.003
462,melhoria,1,5,34492.0095,700.8744,16375.1152,17394.895,0.0,0.005
462,melhoria,1,6,34491.0728,700.8744,16375.1152,17394.895,0.0,0.009
462,melhoria,3,9,33080.5075,696.4805,15706.8,16656.7164,0.0,0.018
462,melhoria,1,10,32728.6952,695.382,15539.7212,16472.1718,0.0,0.02
462,melhoria,1,11,32727.6845,695.382,15539.7212,16472.1718,0.0,0.021
462,melhoria,1,12,32287.6911,694.0089,15330.8727,16241.491,0.0,0.022
462,melhoria,3,15,30524.4828,688.5165,14495.4787,15318.7678,0.0,0.033
462,melhoria,3,18,29824.3221,684.1226,14537.3534,14580.5892,0.0,0.055
462,melhoria,1,19,29516.0969,681.651,14645.6452,14165.3638,0.0,0.058
462,melhoria,1,20,29114.1613,684.1226,13827.1634,14580.5892,0.0,0.061
462,melhoria,3,23,29114.161,684.1226,13827.1634,14580.5892,0.0,0.075
462,melhoria,3,26,29114.1592,684.1226,13827.1634,14580.5892,0.0,0.09
462,melhoria,3,29,29113.9376,684.1226,13827.1634,14580.5892,0.0,0.109
462,melhoria,1,30,28981.5719,682.7495,13925.4191,14349.9084,0.0,0.114
462,melhoria,1,31,28592.4404,681.651,13721.0251,14165.3638,0.0,0.118
462,melhoria,1,32,28591.4296,681.651,13721.0251,14165.3638,0.0,0.122
462,melhoria,3,35,28591.2614,681.651,13721.0251,14165.3638,0.0,0.133
462,melhoria,3,38,27031.4698,677.2571,12903.4491,13427.1852,0.0,0.144
462,melhoria,3,41,25396.7181,671.7647,12183.4117,12517.6414,0.0,0.153
462,melhoria,1,42,25386.4161,670.0483,12365.2239,12325.4074,0.0,0.154
462,melhoria,3,45,25386.2511,670.0483,12365.2239,12325.4074,0.0,0.164
462,melhoria,3,48,25386.2054,670.0483,12365.2239,12325.4074,0.0,0.188
462,melhoria,3,51,25386.0298,670.0483,12365.2239,12325.4074,0.0,0.207
462,melhoria,1,52,25385.2722,670.0483,12365.2239,12325.4074,0.0,0.209
462,melhoria,1,53,25385.2572,670.0483,12365.2239,12325.4074,0.0,0.21
462,melhoria,3,56,25384.6101,670.0483,12365.2239,12325.4074,0.0,0.231
462,melhoria,3,59,24156.5576,665.6544,11632.6475,11833.2883,0.0,0.25
462,melhoria,3,62,24156.4408,665.6544,11632.6475,11833.2883,0.0,0.269
462,melhoria,3,65,24156.4405,665.6544,11632.6475,11833.2883,0.0,0.299
462,melhoria,3,68,24156.4152,665.6544,11632.6475,11833.2883,0.0,0.347
462,melhoria,3,71,24156.38,665.6544,11632.6475,11833.2883,0.0,0.373
462,saida,0,76,24156.38,665.6544,11632.6475,11833.2883,0.0,0.444
464,entrada,0,0,896.5932,542.4096,326.9488,0.0,0.0,0.0
464,melhoria,1,1,895.6942,542.4096,326.9488,0.0,0.0,0.002
464,melhoria,1,2,894.0943,542.4096,326.9488,0.0,0.0,0.002
464,melhoria,1,3,820.0367,541.1738,251.1674,0.0,0.0,0.002
464,melhoria,1,4,819.0841,541.1738,251.1674,0.0,0.0,0.003
464,melhoria,1,5,816.7177,541.1738,251.1674,0.0,0.0,0.006
464,melhoria,1,6,815.8653,541.1738,251.1674,0.0,0.0,0.012
464,melhoria,2,8,815.7198,541.1738,251.1674,0.0,0.0,0.02
464,melhoria,1,9,814.8112,541.1738,251.1674,0.0,0.0,0.024
464,melhoria,3,12,814.6612,541.1738,251.1674,0.0,0.0,0.041
464,melhoria,3,15,648.8026,541.1738,85.4205,0.0,0.0,0.05
464,melhoria,1,16,648.0889,541.1738,85.4205,0.0,0.0,0.056
464,melhoria,3,19,560.0174,538.4276,0.0,0.0,0.0,0.066
464,melhoria,3,22,559.904,538.4276,0.0,0.0,0.0,0.09
464,melhoria,3,25,559.7481,538.4276,0.0,0.0,0.0,0.131
464,saida,0,30,559.7481,538.4276,0.0,0.0,0.0,0.197
464,entrada,0,0,559.7481,538.4276,0.0,0.0,0.0,0.0
464,saida,0,5,559.7481,538.4276,0.0,0.0,0.0,0.065
464,entrada,0,0,559.7481,538.4276,0.0,0.0,0.0,0.0
464,saida,0,5,559.7481,538.4276,0.0,0.0,0.0,0.067
464,entrada,0,0,559.7481,538.4276,0.0,0.0,0.0,0.0
464,saida,0,5,559.7481,538.4276,0.0,0.0,0.0,0.064
465,entrada,0,0,588.7394,539.6634,21.1594,0.0,0.0,0.0
465,melhoria,1,1,587.3835,539.6634,21.1594,0.0,0.0,0.0
465,melhoria,1,2,566.5186,541.2082,0.0,0.0,0.0,0.0
465,melhoria,1,3,566.2163,539.6634,0.0,0.0,0.0,0.006
465,melhoria,3,6,566.0873,539.6634,0.0,0.0,0.0,0.044
465,melhoria,1,7,565.5232,539.6634,0.0,0.0,0.0,0.045
465,melhoria,1,8,565.0222,539.6634,0.0,0.0,0.0,0.047
465,melhoria,1,9,564.4425,539.6634,0.0,0.0,0.0,0.049
465,melhoria,1,10,563.9234,538.9769,0.0,0.0,0.0,0.051
465,melhoria,1,11,563.7753,539.6634,0.0,0.0,0.0,0.054
465,melhoria,1,12,562.477,539.6634,0.0,0.0,0.0,0.056
465,melhoria,3,15,562.3952,539.6634,0.0,0.0,0.0,0.098
465,saida,0,20,562.3952,539.6634,0.0,0.0,0.0,0.159
466,entrada,0,0,14451.9468,537.4665,10180.5478,3708.7458,0.0,0.0
466,melhoria,1,1,568.7205,539.6634,0.0,0.0,0.0,0.0
466,melhoria,2,3,568.6972,539.6634,0.0,0.0,0.0,0.009
466,melhoria,3,6,568.675,539.6634,0.0,0.0,0.0,0.037
466,melhoria,1,7,566.4578,539.6634,0.0,0.0,0.0,0.037
466,melhoria,1,8,564.6403,539.6634,0.0,0.0,0.0,0.038
466,melhoria,1,9,562.8754,539.6634,0.0,0.0,0.0,0.042
466,melhoria,1,10,562.6184,538.4276,0.0,0.0,0.0,0.049
466,melhoria,1,11,562.477,540.5216,0.0,0.0,0.0,0.052
466,melhoria,1,12,559.4148,538.4276,0.0,0.0,0.0,0.058
466,melhoria,2,14,559.3012,538.4276,0.0,0.0,0.0,0.067
466,melhoria,3,17,558.1697,536.2307,0.0,0.0,0.0,0.105
466,melhoria,1,18,558.0222,536.2307,0.0,0.0,0.0,0.106
466,melhoria,2,20,558.0079,536.2307,0.0,0.0,0.0,0.113
466,saida,0,25,558.0079,536.2307,0.0,0.0,0.0,0.18
466,entrada,0,0,558.0079,536.2307,0.0,0.0,0.0,0.0
466,saida,0,5,558.0079,536.2307,0.0,0.0,0.0,0.071
466,entrada,0,0,558.0079,536.2307,0.0,0.0,0.0,0.0
466,saida,0,5,558.0079,536.2307,0.0,0.0,0.0,0.078
466,entrada,0,0,558.0079,536.2307,0.0,0.0,0.0,0.0
466,saida,0,5,558.0079,536.2307,0.0,0.0,0.0,0.071
467,entrada,0,0,19627.0691,538.4276,10553.9675,8507.079,0.0,0.0
467,melhoria,1,1,567.3108,538.9769,0.0,0.0,0.0,0.0
467,melhoria,1,2,565.9028,538.9769,0.0,0.0,0.0,0.002
467,melhoria,1,3,565.3579,538.4276,0.0,0.0,0.0,0.002
467,melhoria,1,4,562.9462,538.4276,0.0,0.0,0.0,0.006
467,melhoria,1,5,562.4967,538.9769,0.0,0.0,0.0,0.011
467,melhoria,3,8,562.3588,538.9769,0.0,0.0,0.0,0.043
467,melhoria,2,10,562.2557,538.9769,0.0,0.0,0.0,0.052
467,melhoria,1,11,561.6724,538.9769,0.0,0.0,0.0,0.06
467,melhoria,3,14,559.0263,536.2307,0.0,0.0,0.0,0.079
467,melhoria,3,17,558.9094,536.2307,0.0,0.0,0.0,0.113
467,melhoria,3,20,558.7592,536.2307,0.0,0.0,0.0,0.151
467,melhoria,1,21,557.8287,536.2307,0.0,0.0,0.0,0.153
467,melhoria,3,24,557.7829,536.2307,0.0,0.0,0.0,0.165
467,melhoria,1,25,557.7717,536.2307,0.0,0.0,0.0,0.169
467,melhoria,3,28,557.6887,536.2307,0.0,0.0,0.0,0.22
467,saida,0,33,557.6887,536.2307,0.0,0.0,0.0,0.287
467,entrada,0,0,557.6887,536.2307,0.0,0.0,0.0,0.0
467,saida,0,5,557.6887,536.2307,0.0,0.0,0.0,0.066
467,entrada,0,0,557.6887,536.2307,0.0,0.0,0.0,0.0
467,melhoria,3,3,557.5099,536.2307,0.0,0.0,0.0,0.036
467,saida,0,8,557.5099,536.2307,0.0,0.0,0.0,0.104
467,entrada,0,0,557.5099,536.2307,0.0,0.0,0.0,0.0
467,saida,0,5,557.5099,536.2307,0.0,0.0,0.0,0.072
468,entrada,0,0,3500.1032,487.375,2296.5509,690.2,0.0,0.0
468,melhoria,1,1,2921.7251,487.375,2406.2044,0.0,0.0,0.0
468,melhoria,1,2,2809.6393,487.375,2296.5509,0.0,0.0,0.003
468,melhoria,2,4,2809.5436,487.375,2296.5509,0.0,0.0,0.01
468,melhoria,1,5,2807.9991,487.375,2296.5509,0.0,0.0,0.015
468,melhoria,2,7,2807.8836,487.375,2296.5509,0.0,0.0,0.02
468,melhoria,2,9,2486.4605,487.375,1975.2455,0.0,0.0,0.025
468,melhoria,1,10,2408.3782,487.375,1894.9191,0.0,0.0,0.028
468,melhoria,2,12,2408.275,487.375,1894.9191,0.0,0.0,0.034
468,melhoria,1,13,2406.9252,487.375,1894.9191,0.0,0.0,0.038
468,melhoria,2,15,2406.8612,487.375,1894.9191,0.0,0.0,0.044
468,melhoria,2,17,2406.6286,487.375,1894.9191,0.0,0.0,0.05
468,melhoria,3,20,2149.7585,487.375,1637.8748,0.0,0.0,0.07
468,melhoria,2,22,2149.6655,487.375,1637.8748,0.0,0.0,0.077
468,melhoria,3,25,2026.6206,487.375,1514.7967,0.0,0.0,0.113
468,melhoria,3,28,1934.2777,487.375,1256.2892,165.6667,0.0,0.128
468,melhoria,1,29,1623.201,544.6066,1052.1169,0.0,0.0,0.136
468,melhoria,2,31,1338.4392,541.1738,770.7001,0.0,0.0,0.144
468,melhoria,2,33,936.7431,541.1738,369.0683,0.0,0.0,0.152
468,melhoria,3,36,936.4261,541.1738,369.0683,0.0,0.0,0.184
468,melhoria,3,39,737.95,541.1738,170.8411,0.0,0.0,0.203
468,melhoria,3,42,650.9127,538.9769,85.4205,0.0,0.0,0.225
468,melhoria,3,45,650.7402,538.9769,85.4205,0.0,0.0,0.238
468,melhoria,3,48,562.824,536.2307,0.0,0.0,0.0,0.286
468,melhoria,3,51,562.6745,536.2307,0.0,0.0,0.0,0.314
468,melhoria,3,54,562.4483,536.2307,0.0,0.0,0.0,0.348
468,melhoria,3,57,562.4459,536.2307,0.0,0.0,0.0,0.368
468,melhoria,3,60,562.2936,536.2307,0.0,0.0,0.0,0.405
468,melhoria,1,61,561.5697,536.2307,0.0,0.0,0.0,0.407
468,melhoria,1,62,561.5552,536.2307,0.0,0.0,0.0,0.41
468,melhoria,3,65,561.3139,536.2307,0.0,0.0,0.0,0.43
468,melhoria,3,68,561.2301,536.2307,0.0,0.0,0.0,0.466
468,saida,0,73,561.2301,536.2307,0.0,0.0,0.0,0.532
468,entrada,0,0,561.2301,536.2307,0.0,0.0,0.0,0.0
468,saida,0,5,561.2301,536.2307,0.0,0.0,0.0,0.059
470,entrada,0,0,1230.7175,538.9769,663.7702,0.0,0.0,0.0
470,melhoria,1,1,719.9367,538.9769,149.6816,0.0,0.0,0.001
470,melhoria,1,2,656.0219,538.4276,85.4205,0.0,0.0,0.002
470,melhoria,1,3,655.3465,538.4276,85.4205,0.0,0.0,0.003
470,melhoria,1,4,652.9189,538.4276,85.4205,0.0,0.0,0.003
470,melhoria,1,5,652.5682,538.9769,85.4205,0.0,0.0,0.01
470,melhoria,1,6,652.3882,538.9769,85.4205,0.0,0.0,0.01
470,melhoria,1,7,588.0488,538.4276,21.1594,0.0,0.0,0.012
470,melhoria,3,10,587.9601,538.4276,21.1594,0.0,0.0,0.037
470,melhoria,3,13,587.6141,538.4276,21.1594,0.0,0.0,0.05
470,melhoria,1,14,586.6768,538.4276,21.1594,0.0,0.0,0.056
470,melhoria,3,17,566.2715,538.4276,0.0,0.0,0.0,0.089
470,melhoria,3,20,566.0935,538.4276,0.0,0.0,0.0,0.132
470,melhoria,3,23,565.822,538.4276,0.0,0.0,0.0,0.171
470,melhoria,1,24,563.3945,538.4276,0.0,0.0,0.0,0.175
470,melhoria,3,27,563.2793,538.4276,0.0,0.0,0.0,0.212
470,melhoria,3,30,563.1057,538.4276,0.0,0.0,0.0,0.232
470,saida,0,35,563.1057,538.4276,0.0,0.0,0.0,0.307
470,entrada,0,0,563.1057,538.4276,0.0,0.0,0.0,0.0
470,melhoria,3,3,561.7761,536.2307,0.0,0.0,0.0,0.055
470,saida,0,8,561.7761,536.2307,0.0,0.0,0.0,0.125
471,entrada,0,0,8055.2326,481.0003,4374.7782,3173.9773,0.0,0.0
471,melhoria,1,1,565.8503,539.6634,0.0,0.0,0.0,0.001
471,melhoria,1,2,531.59,483.5184,21.1594,0.0,0.0,0.01
471,melhoria,1,3,530.6567,483.5184,21.1594,0.0,0.0,0.012
471,melhoria,1,4,530.0739,483.5184,21.1594,0.0,0.0,0.014
471,melhoria,1,5,449.5355,425.1918,0.0,0.0,0.0,0.014
471,melhoria,3,8,449.4437,425.1918,0.0,0.0,0.0,0.052
471,saida,0,13,449.4437,425.1918,0.0,0.0,0.0,0.117
471,entrada,0,0,449.4437,425.1918,0.0,0.0,0.0,0.0
471,saida,0,5,449.4437,425.1918,0.0,0.0,0.0,0.077
471,entrada,0,0,449.4437,425.1918,0.0,0.0,0.0,0.0
471,saida,0,5,449.4437,425.1918,0.0,0.0,0.0,0.06
471,entrada,0,0,449.4437,425.1918,0.0,0.0,0.0,0.0
471,saida,0,5,449.4437,425.1918,0.0,0.0,0.0,0.065
473,entrada,0,0,27843.4604,681.1017,13057.3624,14073.0915,0.0,0.0
473,melhoria,1,1,27842.1045,681.1017,13057.3624,14073.0915,0.0,0.001
473,melhoria,1,2,27197.2567,678.6302,12826.0225,13657.866,0.0,0.003
473,melhoria,1,3,27194.9355,678.6302,12826.0225,13657.866,0.0,0.004
473,melhoria,1,4,26922.7303,677.2571,12782.9209,13427.1852,0.0,0.005
473,melhoria,1,5,26571.2859,676.1586,12615.8421,13242.6406,0.0,0.006
473,melhoria,1,6,26571.2606,676.1586,12615.8421,13242.6406,0.0,0.006
473,melhoria,1,7,26511.1588,669.9796,13483.3666,12317.718,0.0,0.008
473,melhoria,1,8,26510.2303,669.9796,13483.3666,12317.718,0.0,0.008
473,melhoria,1,9,3504.2898,535.0114,2934.0675,0.0,0.0,0.011
473,melhoria,1,10,3503.6895,535.3382,2934.0675,0.0,0.0,0.011
473,melhoria,1,11,3503.1195,536.0247,2934.0675,0.0,0.0,0.011
473,melhoria,1,12,3502.8874,536.8829,2934.0675,0.0,0.0,0.011
473,melhoria,1,13,3499.5844,536.8829,2934.0675,0.0,0.0,0.012
473,melhoria,1,14,3499.225,537.5695,2934.0675,0.0,0.0,0.012
473,melhoria,1,15,3499.0516,538.4276,2934.0675,0.0,0.0,0.013
473,melhoria,1,16,3497.9833,538.4276,2934.0675,0.0,0.0,0.014
473,melhoria,1,17,3496.534,538.4276,2934.0675,0.0,0.0,0.016
473,melhoria,1,18,3495.5288,537.5695,2934.0675,0.0,0.0,0.018
473,melhoria,1,19,2032.091,537.5695,1467.0337,0.0,0.0,0.018
473,melhoria,1,20,2029.6822,537.5695,1467.0337,0.0,0.0,0.02
473,melhoria,1,21,905.0365,537.5695,342.4648,0.0,0.0,0.026
473,melhoria,1,22,585.1283,539.6634,21.1594,0.0,0.0,0.028
473,melhoria,1,23,581.6944,541.7574,14.7333,0.0,0.0,0.029
473,melhoria,1,24,567.8653,540.5216,0.0,0.0,0.0,0.029
473,melhoria,1,25,567.3896,539.6634,0.0,0.0,0.0,0.031
473,melhoria,3,28,567.1442,539.6634,0.0,0.0,0.0,0.053
473,melhoria,3,31,567.1376,539.6634,0.0,0.0,0.0,0.11
473,saida,0,36,567.1376,539.6634,0.0,0.0,0.0,0.175
473,entrada,0,0,567.1376,539.6634,0.0,0.0,0.0,0.0
473,saida,0,5,567.1376,539.6634,0.0,0.0,0.0,0.065
475,entrada,0,0,8057.1925,481.0003,4374.7782,3173.9773,0.0,0.0
475,melhoria,1,1,569.7637,539.6634,0.0,0.0,0.0,0.0
475,melhoria,1,2,569.1815,539.6634,0.0,0.0,0.0,0.002
475,melhoria,1,3,567.3633,539.6634,0.0,0.0,0.0,0.003
475,melhoria,1,4,533.0874,483.5184,21.1594,0.0,0.0,0.006
475,melhoria,1,5,531.59,483.5184,21.1594,0.0,0.0,0.007
475,melhoria,1,6,530.0739,483.5184,21.1594,0.0,0.0,0.012
475,melhoria,1,7,449.5355,425.1918,0.0,0.0,0.0,0.016
475,melhoria,3,10,449.4437,425.1918,0.0,0.0,0.0,0.062
475,saida,0,15,449.4437,425.1918,0.0,0.0,0.0,0.121
475,entrada,0,0,449.4437,425.1918,0.0,0.0,0.0,0.0
475,saida,0,5,449.4437,425.1918,0.0,0.0,0.0,0.061
475,entrada,0,0,449.4437,425.1918,0.0,0.0,0.0,0.0
475,saida,0,5,449.4437,425.1918,0.0,0.0,0.0,0.06
475,entrada,0,0,449.4437,425.1918,0.0,0.0,0.0,0.0
475,saida,0,5,449.4437,425.1918,0.0,0.0,0.0,0.057
476,entrada,0,0,8117.6821,540.5216,4374.7782,3173.9773,0.0,0.0
476,melhoria,1,1,569.7637,539.6634,0.0,0.0,0.0,0.009
476,melhoria,1,2,567.3633,539.6634,0.0,0.0,0.0,0.009
476,melhoria,1,3,533.0874,483.5184,21.1594,0.0,0.0,0.012
476,melhoria,1,4,531.5838,483.5184,21.1594,0.0,0.0,0.012
476,melhoria,1,5,530.6504,483.5184,21.1594,0.0,0.0,0.013
476,melhoria,1,6,449.5355,425.1918,0.0,0.0,0.0,0.014
476,melhoria,3,9,449.4437,425.1918,0.0,0.0,0.0,0.044
476,saida,0,14,449.4437,425.1918,0.0,0.0,0.0,0.103
476,entrada,0,0,449.4437,425.1918,0.0,0.0,0.0,0.0
476,saida,0,5,449.4437,425.1918,0.0,0.0,0.0,0.06
476,entrada,0,0,449.4437,425.1918,0.0,0.0,0.0,0.0
476,saida,0,5,449.4437,425.1918,0.0,0.0,0.0,0.062
476,entrada,0,0,449.4437,425.1918,0.0,0.0,0.0,0.0
476,saida,0,5,449.4437,425.1918,0.0,0.0,0.0,0.062
478,entrada,0,0,588.7342,539.6634,21.1594,0.0,0.0,0.0
478,melhoria,1,1,567.567,539.6634,0.0,0.0,0.0,0.003
478,melhoria,3,4,567.4783,539.6634,0.0,0.0,0.0,0.031
478,saida,0,9,567.4783,539.6634,0.0,0.0,0.0,0.11
479,entrada,0,0,8330.5082,522.4476,4604.7862,3173.9773,0.0,0.0
479,melhoria,3,3,8330.4208,522.4476,4604.7862,3173.9773,0.0,0.012
479,melhoria,3,6,8324.414,516.5087,4604.7862,3173.9773,0.0,0.027
479,melhoria,1,7,2626.0705,536.9172,1372.0468,688.7329,0.0,0.033
479,melhoria,1,8,564.9612,536.2307,0.0,0.0,0.0,0.036
479,melhoria,1,9,564.0182,536.2307,0.0,0.0,0.0,0.038
479,melhoria,3,12,563.7959,536.2307,0.0,0.0,0.0,0.082
479,saida,0,17,563.7959,536.2307,0.0,0.0,0.0,0.15
479,entrada,0,0,563.7959,536.2307,0.0,0.0,0.0,0.0
479,saida,0,5,563.7959,536.2307,0.0,0.0,0.0,0.066
480,entrada,0,0,8055.2326,481.0003,4374.7782,3173.9773,0.0,0.0
480,melhoria,1,1,568.2663,539.6634,0.0,0.0,0.0,0.0
480,melhoria,1,2,565.8503,539.6634,0.0,0.0,0.0,0.001
480,melhoria,1,3,531.59,483.5184,21.1594,0.0,0.0,0.004
480,melhoria,1,4,530.0739,483.5184,21.1594,0.0,0.0,0.006
480,melhoria,1,5,449.5355,425.1918,0.0,0.0,0.0,0.007
480,melhoria,3,8,449.4437,425.1918,0.0,0.0,0.0,0.02
480,saida,0,13,449.4437,425.1918,0.0,0.0,0.0,0.081
480,entrada,0,0,449.4437,425.1918,0.0,0.0,0.0,0.0
480,saida,0,5,449.4437,425.1918,0.0,0.0,0.0,0.064
480,entrada,0,0,449.4437,425.1918,0.0,0.0,0.0,0.0
480,saida,0,5,449.4437,425.1918,0.0,0.0,0.0,0.069
480,entrada,0,0,449.4437,425.1918,0.0,0.0,0.0,0.0
480,saida,0,5,449.4437,425.1918,0.0,0.0,0.0,0.06
481,entrada,0,0,8117.6778,540.5216,4374.7782,3173.9773,0.0,0.0
481,melhoria,1,1,569.7594,539.6634,0.0,0.0,0.0,0.001
481,melhoria,1,2,568.262,539.6634,0.0,0.0,0.0,0.002
481,melhoria,1,3,567.6774,539.6634,0.0,0.0,0.0,0.005
481,melhoria,1,4,567.6767,540.5216,0.0,0.0,0.0,0.006
481,melhoria,3,7,567.5685,540.5216,0.0,0.0,0.0,0.045
481,melhoria,3,10,567.5375,540.5216,0.0,0.0,0.0,0.068
481,melhoria,1,11,567.4319,538.9769,0.0,0.0,0.0,0.072
481,melhoria,1,12,565.9041,538.9769,0.0,0.0,0.0,0.073
481,melhoria,1,13,563.1622,536.2307,0.0,0.0,0.0,0.073
481,melhoria,1,14,560.7505,536.2307,0.0,0.0,0.0,0.075
481,melhoria,3,17,560.6159,536.2307,0.0,0.0,0.0,0.099
481,melhoria,3,20,560.5341,536.2307,0.0,0.0,0.0,0.122
481,saida,0,25,560.5341,536.2307,0.0,0.0,0.0,0.187
481,entrada,0,0,560.5341,536.2307,0.0,0.0,0.0,0.0
481,saida,0,5,560.5341,536.2307,0.0,0.0,0.0,0.065
482,entrada,0,0,10143.148,560.2502,6350.4457,3202.0008,0.0,0.0
482,melhoria,1,1,1724.1323,536.2307,1157.677,0.0,0.0,0.003
482,melhoria,1,2,1616.7892,536.2307,1052.728,0.0,0.0,0.003
482,melhoria,3,5,563.7618,536.2307,0.0,0.0,0.0,0.016
482,melhoria,1,6,563.1819,536.2307,0.0,0.0,0.0,0.018
482,melhoria,1,7,561.6658,536.2307,0.0,0.0,0.0,0.024
482,melhoria,3,10,561.5802,536.2307,0.0,0.0,0.0,0.033
482,melhoria,3,13,561.4809,536.2307,0.0,0.0,0.0,0.058
482,melhoria,3,16,561.448,536.2307,0.0,0.0,0.0,0.114
482,melhoria,3,19,561.2706,536.2307,0.0,0.0,0.0,0.146
482,saida,0,24,561.2706,536.2307,0.0,0.0,0.0,0.22
482,entrada,0,0,561.2706,536.2307,0.0,0.0,0.0,0.0
482,saida,0,5,561.2706,536.2307,0.0,0.0,0.0,0.068
483,entrada,0,0,8057.1925,481.0003,4374.7782,3173.9773,0.0,0.0
483,melhoria,1,1,2094.6528,539.1142,1524.0298,0.0,0.0,0.0
483,melhoria,1,2,657.915,538.4276,85.4205,0.0,0.0,0.001
483,melhoria,1,3,655.115,538.4276,85.4205,0.0,0.0,0.002
483,melhoria,1,4,652.7778,538.4276,85.4205,0.0,0.0,0.003
483,melhoria,1,5,652.3882,538.9769,85.4205,0.0,0.0,0.008
483,melhoria,1,6,564.8762,538.9769,0.0,0.0,0.0,0.01
483,melhoria,1,7,564.052,538.9769,0.0,0.0,0.0,0.012
483,melhoria,2,9,563.4998,538.4276,0.0,0.0,0.0,0.02
483,melhoria,1,10,561.924,538.4276,0.0,0.0,0.0,0.024
483,melhoria,1,11,561.0998,538.4276,0.0,0.0,0.0,0.028
483,melhoria,3,14,561.0978,538.4276,0.0,0.0,0.0,0.037
483,melhoria,2,16,561.0853,538.4276,0.0,0.0,0.0,0.044
483,melhoria,2,18,560.8647,538.4276,0.0,0.0,0.0,0.053
483,melhoria,3,21,560.8361,538.4276,0.0,0.0,0.0,0.092
483,melhoria,3,24,560.6752,538.4276,0.0,0.0,0.0,0.13
483,melhoria,1,25,559.8358,538.4276,0.0,0.0,0.0,0.136
483,melhoria,1,26,559.8245,538.4276,0.0,0.0,0.0,0.144
483,melhoria,3,29,559.1902,538.4276,0.0,0.0,0.0,0.159
483,melhoria,3,32,559.1104,538.4276,0.0,0.0,0.0,0.187
483,melhoria,3,35,557.9643,536.2307,0.0,0.0,0.0,0.2
483,melhoria,3,38,557.8704,536.2307,0.0,0.0,0.0,0.221
483,saida,0,43,557.8704,536.2307,0.0,0.0,0.0,0.286
483,entrada,0,0,557.8704,536.2307,0.0,0.0,0.0,0.0
483,saida,0,5,557.8704,536.2307,0.0,0.0,0.0,0.063
483,entrada,0,0,557.8704,536.2307,0.0,0.0,0.0,0.0
483,saida,0,5,557.8704,536.2307,0.0,0.0,0.0,0.065
483,entrada,0,0,557.8704,536.2307,0.0,0.0,0.0,0.0
483,saida,0,5,557.8704,536.2307,0.0,0.0,0.0,0.065
484,entrada,0,0,531.2207,483.5184,21.1594,0.0,0.0,0.0
484,melhoria,1,1,449.5355,425.1918,0.0,0.0,0.0,0.001
484,melhoria,3,4,449.4437,425.1918,0.0,0.0,0.0,0.016
484,saida,0,9,449.4437,425.1918,0.0,0.0,0.0,0.077
484,entrada,0,0,449.4437,425.1918,0.0,0.0,0.0,0.0
484,saida,0,5,449.4437,425.1918,0.0,0.0,0.0,0.062
484,entrada,0,0,449.4437,425.1918,0.0,0.0,0.0,0.0
484,saida,0,5,449.4437,425.1918,0.0,0.0,0.0,0.061
484,entrada,0,0,449.4437,425.1918,0.0,0.0,0.0,0.0
484,saida,0,5,449.4437,425.1918,0.0,0.0,0.0,0.065
485,entrada,0,0,24053.8505,622.048,16454.6056,6949.376,0.0,0.0
485,melhoria,1,1,24051.3956,622.048,16454.6056,6949.376,0.0,0.001
485,melhoria,3,4,24051.2427,622.048,16454.6056,6949.376,0.0,0.011
485,melhoria,3,7,24051.1911,622.048,16454.6056,6949.376,0.0,0.022
485,melhoria,3,10,23922.7792,622.048,16326.0834,6949.376,0.0,0.044
485,melhoria,3,13,23922.7103,622.048,16326.0834,6949.376,0.0,0.066
485,melhoria,3,16,23922.649,622.048,16326.0834,6949.376,0.0,0.086
485,melhoria,3,19,15842.3952,618.4124,8656.6781,6542.1933,0.0,0.133
485,melhoria,3,22,15554.0429,610.2403,8921.0507,5997.1938,0.0,0.173
485,melhoria,2,24,15539.7089,610.2403,8942.2102,5961.3538,0.0,0.182
485,melhoria,3,27,15518.5516,610.2403,8921.0507,5961.3538,0.0,0.201
485,melhoria,3,30,14154.6542,610.2403,7891.7614,5626.9083,0.0,0.234
485,melhoria,3,33,14154.6109,610.2403,7891.7614,5626.9083,0.0,0.255
485,melhoria,1,34,12711.4246,610.2403,6445.8871,5626.9083,0.0,0.259
485,melhoria,3,37,12711.1375,610.2403,6445.8871,5626.9083,0.0,0.275
485,melhoria,2,39,12710.9747,610.2403,6445.8871,5626.9083,0.0,0.285
485,melhoria,2,41,12689.6818,610.2403,6424.7276,5626.9083,0.0,0.295
485,saida,0,46,12689.6818,610.2403,6424.7276,5626.9083,0.0,0.363
486,entrada,0,0,8055.2326,481.0003,4374.7782,3173.9773,0.0,0.0
486,melhoria,1,1,799.7288,539.6634,230.008,0.0,0.0,0.0
486,melhoria,1,2,656.2943,538.4276,85.4205,0.0,0.0,0.002
486,melhoria,1,3,656.0219,538.4276,85.4205,0.0,0.0,0.003
486,melhoria,1,4,654.6139,538.4276,85.4205,0.0,0.0,0.006
486,melhoria,1,5,653.9385,538.4276,85.4205,0.0,0.0,0.006
486,melhoria,1,6,653.6034,538.9769,85.4205,0.0,0.0,0.012
486,melhoria,1,7,565.2341,538.9769,0.0,0.0,0.0,0.014
486,melhoria,1,8,564.1989,538.9769,0.0,0.0,0.0,0.016
486,melhoria,1,9,560.8943,538.9769,0.0,0.0,0.0,0.019
486,melhoria,3,12,560.7817,538.9769,0.0,0.0,0.0,0.04
486,melhoria,3,15,557.9331,536.2307,0.0,0.0,0.0,0.05
486,melhoria,3,18,557.9313,536.2307,0.0,0.0,0.0,0.1
486,melhoria,3,21,557.0883,536.2307,0.0,0.0,0.0,0.12
486,melhoria,3,24,557.0035,536.2307,0.0,0.0,0.0,0.131
486,saida,0,29,557.0035,536.2307,0.0,0.0,0.0,0.197
486,entrada,0,0,557.0035,536.2307,0.0,0.0,0.0,0.0
486,saida,0,5,557.0035,536.2307,0.0,0.0,0.0,0.073
486,entrada,0,0,557.0035,536.2307,0.0,0.0,0.0,0.0
486,saida,0,5,557.0035,536.2307,0.0,0.0,0.0,0.076
486,entrada,0,0,557.0035,536.2307,0.0,0.0,0.0,0.0
486,saida,0,5,557.0035,536.2307,0.0,0.0,0.0,0.061
487,entrada,0,0,1505.8521,482.9618,995.264,0.0,0.0,0.0
487,melhoria,1,1,1504.4483,482.9618,995.264,0.0,0.0,0.0
487,melhoria,1,2,1421.9644,541.8604,853.8896,0.0,0.0,0.001
487,melhoria,1,3,1049.357,541.8604,482.6077,0.0,0.0,0.005
487,melhoria,1,4,923.7556,543.9544,357.2986,0.0,0.0,0.01
487,melhoria,1,5,923.7182,543.9544,357.2986,0.0,0.0,0.011
487,melhoria,1,6,589.7832,430.5126,136.9298,0.0,0.0,0.011
487,melhoria,1,7,588.9874,430.5126,136.9298,0.0,0.0,0.014
487,melhoria,1,8,587.5836,430.5126,136.9298,0.0,0.0,0.017
487,melhoria,2,10,587.4343,430.5126,136.9298,0.0,0.0,0.024
487,melhoria,1,11,495.2543,429.8261,42.3189,0.0,0.0,0.027
487,melhoria,1,12,494.892,429.8261,42.3189,0.0,0.0,0.028
487,melhoria,1,13,493.4882,429.8261,42.3189,0.0,0.0,0.032
487,melhoria,2,15,493.3727,429.8261,42.3189,0.0,0.0,0.04
487,melhoria,3,18,493.3658,429.8261,42.3189,0.0,0.0,0.061
487,melhoria,3,21,493.259,429.8261,42.3189,0.0,0.0,0.072
487,melhoria,3,24,470.483,428.6246,21.1594,0.0,0.0,0.12
487,melhoria,3,27,470.4765,428.6246,21.1594,0.0,0.0,0.143
487,melhoria,3,30,470.4746,428.6246,21.1594,0.0,0.0,0.161
487,saida,0,35,470.4746,428.6246,21.1594,0.0,0.0,0.222
487,entrada,0,0,470.4746,428.6246,21.1594,0.0,0.0,0.0
487,saida,0,5,470.4746,428.6246,21.1594,0.0,0.0,0.07
487,entrada,0,0,470.4746,428.6246,21.1594,0.0,0.0,0.0
487,saida,0,5,470.4746,428.6246,21.1594,0.0,0.0,0.058
487,entrada,0,0,470.4746,428.6246,21.1594,0.0,0.0,0.0
487,saida,0,5,470.4746,428.6246,21.1594,0.0,0.0,0.061
488,entrada,0,0,797.5225,539.6634,230.008,0.0,0.0,0.0
488,melhoria,1,1,796.9585,539.6634,230.008,0.0,0.0,0.0
488,melhoria,1,2,564.5308,539.6634,0.0,0.0,0.0,0.001
488,melhoria,3,5,564.4483,539.6634,0.0,0.0,0.0,0.017
488,melhoria,3,8,561.7219,536.2307,0.0,0.0,0.0,0.033
488,melhoria,3,11,561.7091,536.2307,0.0,0.0,0.0,0.047
488,melhoria,3,14,561.5602,536.2307,0.0,0.0,0.0,0.068
488,melhoria,1,15,560.7106,536.2307,0.0,0.0,0.0,0.07
488,melhoria,2,17,560.6405,536.2307,0.0,0.0,0.0,0.081
488,melhoria,3,20,560.5574,536.2307,0.0,0.0,0.0,0.12
488,saida,0,25,560.5574,536.2307,0.0,0.0,0.0,0.185
490,entrada,0,0,18925.4896,493.3965,10254.5099,8148.7537,0.0,0.0
490,melhoria,1,1,18511.9892,608.3198,12409.6131,5460.1489,0.0,0.002
490,melhoria,1,2,18299.6703,607.7705,12306.7954,5350.2985,0.0,0.002
490,melhoria,1,3,18297.6948,607.7705,12306.7954,5350.2985,0.0,0.006
490,melhoria,1,4,18233.5304,607.7705,12242.5343,5350.2985,0.0,0.007
490,melhoria,1,5,18092.88,607.084,12178.2732,5273.4049,0.0,0.011
490,melhoria,1,6,568.0888,537.7411,0.0,0.0,0.0,0.012
490,melhoria,1,7,566.4628,538.9769,0.0,0.0,0.0,0.013
490,melhoria,1,8,565.2313,537.7411,0.0,0.0,0.0,0.013
490,melhoria,3,11,565.173,537.7411,0.0,0.0,0.0,0.048
490,melhoria,3,14,565.1577,537.7411,0.0,0.0,0.0,0.059
490,melhoria,3,17,565.0718,537.7411,0.0,0.0,0.0,0.089
490,saida,0,22,565.0718,537.7411,0.0,0.0,0.0,0.168
490,entrada,0,0,565.0718,537.7411,0.0,0.0,0.0,0.0
490,saida,0,5,565.0718,537.7411,0.0,0.0,0.0,0.067
491,entrada,0,0,5535.9957,482.005,3031.536,1993.9597,0.0,0.0
491,melhoria,1,1,2201.1086,515.4337,1653.9401,0.0,0.0,0.0
491,melhoria,1,2,2200.6403,515.4337,1653.9401,0.0,0.0,0.0
491,melhoria,1,3,1974.7732,515.4337,1429.0263,0.0,0.0,0.001
491,melhoria,1,4,1972.4371,515.4337,1429.0263,0.0,0.0,0.003
491,melhoria,1,5,1971.0812,515.4337,1429.0263,0.0,0.0,0.008
491,melhoria,2,7,1970.894,515.4337,1429.0263,0.0,0.0,0.016
491,melhoria,3,10,1391.7504,514.5403,850.6766,0.0,0.0,0.029
491,melhoria,3,13,1332.5329,514.5403,791.3862,0.0,0.0,0.055
491,melhoria,3,16,1328.6512,513.6469,788.4155,0.0,0.0,0.073
491,melhoria,1,17,1191.1257,513.6469,649.2271,0.0,0.0,0.077
491,melhoria,3,20,1160.9036,483.6913,649.2271,0.0,0.0,0.091
491,melhoria,1,21,1157.5108,481.2395,649.2271,0.0,0.0,0.098
491,melhoria,3,24,952.3001,481.2395,443.9506,0.0,0.0,0.119
491,melhoria,2,26,952.2939,481.2395,443.9506,0.0,0.0,0.127
491,melhoria,3,29,952.0488,481.2395,443.9506,0.0,0.0,0.148
491,melhoria,1,30,548.9285,481.2395,42.3189,0.0,0.0,0.152
491,melhoria,2,32,548.7838,481.2395,42.3189,0.0,0.0,0.162
491,melhoria,3,35,548.6563,481.2395,42.3189,0.0,0.0,0.184
491,melhoria,3,38,548.5705,481.2395,42.3189,0.0,0.0,0.223
491,melhoria,3,41,548.5639,481.2395,42.3189,0.0,0.0,0.26
491,saida,0,46,548.5639,481.2395,42.3189,0.0,0.0,0.321
491,entrada,0,0,548.5639,481.2395,42.3189,0.0,0.0,0.0
491,melhoria,4,4,539.1426,471.896,42.3189,0.0,0.0,0.057
491,melhoria,1,5,494.9314,428.6246,42.3189,0.0,0.0,0.059
491,saida,0,10,494.9314,428.6246,42.3189,0.0,0.0,0.131
491,entrada,0,0,494.9314,428.6246,42.3189,0.0,0.0,0.0
491,saida,0,5,494.9314,428.6246,42.3189,0.0,0.0,0.069
491,entrada,0,0,494.9314,428.6246,42.3189,0.0,0.0,0.0
491,saida,0,5,494.9314,428.6246,42.3189,0.0,0.0,0.07
492,entrada,0,0,21466.9112,525.3065,11174.487,9738.5051,0.0,0.0
492,melhoria,1,1,18444.1315,635.476,9327.1328,8453.3084,0.0,0.002
492,melhoria,1,2,17814.0134,633.1224,8962.2494,8189.7063,0.0,0.003
492,melhoria,1,3,17812.0442,633.1224,8962.2494,8189.7063,0.0,0.003
492,melhoria,1,4,17039.7324,630.7688,8452.7785,7926.1042,0.0,0.004
492,melhoria,1,5,16433.297,627.8268,8177.4085,7596.6016,0.0,0.004
492,melhoria,1,6,16345.5039,627.8268,8091.9879,7596.6016,0.0,0.006
492,melhoria,2,8,15502.2147,623.6426,7721.51,7127.9757,0.0,0.013
492,melhoria,2,10,611.338,540.6246,42.3189,0.0,0.0,0.02
492,melhoria,2,12,590.1386,540.6246,21.1594,0.0,0.0,0.027
492,melhoria,3,15,588.5706,538.4276,21.1594,0.0,0.0,0.04
492,melhoria,3,18,588.464,538.4276,21.1594,0.0,0.0,0.061
492,melhoria,2,20,567.2645,538.4276,0.0,0.0,0.0,0.069
492,melhoria,3,23,567.257,538.4276,0.0,0.0,0.0,0.091
492,melhoria,3,26,566.9384,538.4276,0.0,0.0,0.0,0.104
492,melhoria,3,29,566.7657,538.4276,0.0,0.0,0.0,0.143
492,melhoria,1,30,566.6059,538.9769,0.0,0.0,0.0,0.144
492,melhoria,1,31,566.2112,538.9769,0.0,0.0,0.0,0.144
492,melhoria,1,32,563.3733,538.9769,0.0,0.0,0.0,0.145
492,melhoria,2,34,563.3059,538.9769,0.0,0.0,0.0,0.154
492,melhoria,2,36,563.079,538.9769,0.0,0.0,0.0,0.163
492,melhoria,3,39,560.1965,536.2307,0.0,0.0,0.0,0.188
492,saida,0,44,560.1965,536.2307,0.0,0.0,0.0,0.253
492,entrada,0,0,560.1965,536.2307,0.0,0.0,0.0,0.0
492,saida,0,5,560.1965,536.2307,0.0,0.0,0.0,0.068
493,entrada,0,0,531.2207,483.5184,21.1594,0.0,0.0,0.0
493,melhoria,1,1,530.1556,483.5184,21.1594,0.0,0.0,0.001
493,melhoria,1,2,449.5355,425.1918,0.0,0.0,0.0,0.001
493,melhoria,3,5,449.4437,425.1918,0.0,0.0,0.0,0.026
493,saida,0,10,449.4437,425.1918,0.0,0.0,0.0,0.089
493,entrada,0,0,449.4437,425.1918,0.0,0.0,0.0,0.0
493,saida,0,5,449.4437,425.1918,0.0,0.0,0.0,0.063
493,entrada,0,0,449.4437,425.1918,0.0,0.0,0.0,0.0
493,saida,0,5,449.4437,425.1918,0.0,0.0,0.0,0.061
493,entrada,0,0,449.4437,425.1918,0.0,0.0,0.0,0.0
493,saida,0,5,449.4437,425.1918,0.0,0.0,0.0,0.063
494,entrada,0,0,14511.1368,540.8992,10233.8378,3708.7458,0.0,0.0
494,melhoria,1,1,2008.3986,538.9769,1437.541,0.0,0.0,0.0
494,melhoria,1,2,2006.5319,538.9769,1437.541,0.0,0.0,0.001
494,melhoria,1,3,1966.789,538.4276,1395.5614,0.0,0.0,0.002
494,melhoria,1,4,1963.989,538.4276,1395.5614,0.0,0.0,0.007
494,melhoria,1,5,1961.189,538.4276,1395.5614,0.0,0.0,0.013
494,melhoria,2,7,1961.0638,538.4276,1395.5614,0.0,0.0,0.021
494,melhoria,1,8,733.1629,538.4276,165.7469,0.0,0.0,0.024
494,melhoria,1,9,565.5534,538.4276,0.0,0.0,0.0,0.025
494,melhoria,3,12,565.3796,538.4276,0.0,0.0,0.0,0.042
494,melhoria,3,15,565.2039,538.4276,0.0,0.0,0.0,0.081
494,melhoria,3,18,565.1188,538.4276,0.0,0.0,0.0,0.097
494,saida,0,23,565.1188,538.4276,0.0,0.0,0.0,0.169
494,entrada,0,0,565.1188,538.4276,0.0,0.0,0.0,0.0
494,melhoria,3,3,565.0226,538.4276,0.0,0.0,0.0,0.026
494,melhoria,2,5,564.9375,538.4276,0.0,0.0,0.0,0.034
494,melhoria,1,6,561.6379,538.4276,0.0,0.0,0.0,0.038
494,melhoria,3,9,561.6253,538.4276,0.0,0.0,0.0,0.061
494,melhoria,2,11,561.5503,538.4276,0.0,0.0,0.0,0.069
494,melhoria,1,12,560.0503,538.4276,0.0,0.0,0.0,0.072
494,melhoria,3,15,560.0309,538.4276,0.0,0.0,0.0,0.106
494,melhoria,2,17,560.0259,538.4276,0.0,0.0,0.0,0.115
494,melhoria,3,20,560.0019,538.4276,0.0,0.0,0.0,0.124
494,melhoria,3,23,559.9501,538.4276,0.0,0.0,0.0,0.134
494,melhoria,3,26,559.3259,538.4276,0.0,0.0,0.0,0.147
494,melhoria,3,29,559.184,538.4276,0.0,0.0,0.0,0.159
494,melhoria,3,32,558.0379,536.2307,0.0,0.0,0.0,0.189
494,melhoria,3,35,558.023,536.2307,0.0,0.0,0.0,0.24
494,melhoria,3,38,557.9549,536.2307,0.0,0.0,0.0,0.279
494,melhoria,3,41,557.8704,536.2307,0.0,0.0,0.0,0.322
494,saida,0,46,557.8704,536.2307,0.0,0.0,0.0,0.393
494,entrada,0,0,557.8704,536.2307,0.0,0.0,0.0,0.0
494,saida,0,5,557.8704,536.2307,0.0,0.0,0.0,0.064
494,entrada,0,0,557.8704,536.2307,0.0,0.0,0.0,0.0
494,saida,0,5,557.8704,536.2307,0.0,0.0,0.0,0.068
494,entrada,0,0,28156.4428,681.1017,13367.6967,14073.0915,0.0,0.0
494,melhoria,1,1,27843.6485,681.1017,13057.3624,14073.0915,0.0,0.0
494,melhoria,1,2,27842.2925,681.1017,13057.3624,14073.0915,0.0,0.001
494,melhoria,1,3,27336.9943,676.6392,13303.4356,13323.3789,0.0,0.002
494,melhoria,1,4,27336.289,676.6392,13303.4356,13323.3789,0.0,0.003
494,melhoria,1,5,27335.7091,676.6392,13303.4356,13323.3789,0.0,0.004
494,melhoria,1,6,27334.7766,676.6392,13303.4356,13323.3789,0.0,0.008
494,melhoria,1,7,27333.489,676.6392,13303.4356,13323.3789,0.0,0.015
494,melhoria,1,8,26672.4585,676.6392,12639.6654,13323.3789,0.0,0.02
494,melhoria,1,9,26670.1893,676.6392,12639.6654,13323.3789,0.0,0.021
494,melhoria,1,10,26669.415,676.6392,12639.6654,13323.3789,0.0,0.022
494,melhoria,1,11,26276.4606,674.1676,12662.5665,12908.1534,0.0,0.023
494,melhoria,1,12,26275.8997,674.1676,12662.5665,12908.1534,0.0,0.024
494,melhoria,1,13,26023.3267,674.1676,12408.3255,12908.1534,0.0,0.024
494,melhoria,1,14,26020.5703,674.1676,12408.3255,12908.1534,0.0,0.027
494,melhoria,1,15,26019.8949,674.1676,12408.3255,12908.1534,0.0,0.028
494,melhoria,1,16,25570.477,672.4512,12247.6728,12619.8024,0.0,0.031
494,melhoria,1,17,25318.5655,671.3527,12144.8551,12471.5052,0.0,0.034
494,melhoria,1,18,25035.7345,669.9796,12016.3329,12317.718,0.0,0.035
494,melhoria,1,19,2031.6651,536.8829,1467.0337,0.0,0.0,0.037
494,melhoria,1,20,1626.6113,536.8829,1065.402,0.0,0.0,0.041
494,melhoria,1,21,1225.3688,538.1187,663.7702,0.0,0.0,0.043
494,melhoria,1,22,986.1864,538.1187,422.7912,0.0,0.0,0.045
494,melhoria,1,23,906.7,537.5695,342.4648,0.0,0.0,0.047
494,melhoria,1,24,585.281,539.6634,21.1594,0.0,0.0,0.048
494,melhoria,1,25,585.1029,539.6634,21.1594,0.0,0.0,0.053
494,melhoria,3,28,585.0138,539.6634,21.1594,0.0,0.0,0.068
494,melhoria,3,31,584.9802,539.6634,21.1594,0.0,0.0,0.081
494,saida,0,36,584.9802,539.6634,21.1594,0.0,0.0,0.158
496,entrada,0,0,12126.0237,603.8693,6286.6405,5207.7553,0.0,0.0
496,melhoria,1,1,12125.0649,603.8693,6286.6405,5207.7553,0.0,0.003
496,melhoria,1,2,12123.6611,603.8693,6286.6405,5207.7553,0.0,0.006
496,melhoria,1,3,902.6625,538.4276,342.4648,0.0,0.0,0.008
496,melhoria,1,4,901.9058,539.6634,342.4648,0.0,0.0,0.011
496,melhoria,1,5,864.6531,481.2395,363.6243,0.0,0.0,0.013
496,melhoria,3,8,839.5415,481.2395,338.0994,0.0,0.0,0.036
496,melhoria,1,9,689.5353,481.2395,186.9063,0.0,0.0,0.037
496,melhoria,3,12,689.4504,481.2395,186.9063,0.0,0.0,0.062
496,saida,0,17,689.4504,481.2395,186.9063,0.0,0.0,0.127
496,entrada,0,0,689.4504,481.2395,186.9063,0.0,0.0,0.0
496,melhoria,4,4,681.352,473.208,186.9063,0.0,0.0,0.059
496,melhoria,1,5,638.5777,431.3708,186.9063,0.0,0.0,0.064
496,melhoria,1,6,637.6397,431.3708,186.9063,0.0,0.0,0.065
496,melhoria,3,9,469.7257,428.6246,21.1594,0.0,0.0,0.113
496,melhoria,1,10,468.9906,428.6246,21.1594,0.0,0.0,0.115
496,melhoria,2,12,447.824,428.6246,0.0,0.0,0.0,0.125
496,saida,0,17,447.824,428.6246,0.0,0.0,0.0,0.187
497,entrada,0,0,8057.1925,481.0003,4374.7782,3173.9773,0.0,0.0
497,melhoria,1,1,568.2663,539.6634,0.0,0.0,0.0,0.001
497,melhoria,1,2,566.7502,539.6634,0.0,0.0,0.0,0.003
497,melhoria,1,3,564.3342,539.6634,0.0,0.0,0.0,0.01
497,melhoria,1,4,530.0739,483.5184,21.1594,0.0,0.0,0.014
497,melhoria,1,5,449.5355,425.1918,0.0,0.0,0.0,0.016
497,melhoria,3,8,449.4437,425.1918,0.0,0.0,0.0,0.036
497,saida,0,13,449.4437,425.1918,0.0,0.0,0.0,0.095
497,entrada,0,0,449.4437,425.1918,0.0,0.0,0.0,0.0
497,saida,0,5,449.4437,425.1918,0.0,0.0,0.0,0.061
497,entrada,0,0,449.4437,425.1918,0.0,0.0,0.0,0.0
497,saida,0,5,449.4437,425.1918,0.0,0.0,0.0,0.071
497,entrada,0,0,449.4437,425.1918,0.0,0.0,0.0,0.0
497,saida,0,5,449.4437,425.1918,0.0,0.0,0.0,0.064
498,entrada,0,0,20713.7568,482.1963,11246.9717,8959.1639,0.0,0.0
498,melhoria,1,1,2748.3134,530.4159,2187.8001,0.0,0.0,0.0
498,melhoria,1,2,2160.3848,524.5586,1603.9635,0.0,0.0,0.0
498,melhoria,1,3,1805.3528,524.5586,1252.3083,0.0,0.0,0.002
498,melhoria,1,4,1402.2459,524.5586,850.6766,0.0,0.0,0.003
498,melhoria,3,7,1401.9115,524.0802,850.6766,0.0,0.0,0.016
498,melhoria,2,9,1401.6649,524.0802,850.6766,0.0,0.0,0.023
498,melhoria,1,10,1400.804,524.0802,850.6766,0.0,0.0,0.033
498,melhoria,2,12,1400.7864,523.9606,850.6766,0.0,0.0,0.042
498,melhoria,1,13,1399.175,524.1759,850.6766,0.0,0.0,0.042
498,melhoria,1,14,1398.4959,524.1759,850.6766,0.0,0.0,0.05
498,melhoria,2,16,1398.3681,524.0802,850.6766,0.0,0.0,0.06
498,melhoria,3,19,1076.9302,523.7931,529.3712,0.0,0.0,0.084
498,saida,0,24,1076.9302,523.7931,529.3712,0.0,0.0,0.159
498,entrada,0,0,1076.9302,523.7931,529.3712,0.0,0.0,0.0
498,melhoria,3,3,1055.3817,523.7931,507.4589,0.0,0.0,0.018
498,melhoria,1,4,593.7091,523.5779,42.3189,0.0,0.0,0.019
498,melhoria,1,5,591.8643,523.5779,42.3189,0.0,0.0,0.021
498,melhoria,1,6,591.3146,523.6975,42.3189,0.0,0.0,0.028
498,melhoria,3,9,591.3081,523.6975,42.3189,0.0,0.0,0.045
498,melhoria,4,13,551.1838,483.9305,42.3189,0.0,0.0,0.112
498,melhoria,1,14,549.2253,482.7345,42.3189,0.0,0.0,0.112
498,melhoria,1,15,494.1724,428.6246,42.3189,0.0,0.0,0.115
498,melhoria,1,16,493.5016,428.6246,42.3189,0.0,0.0,0.121
498,melhoria,2,18,493.4145,428.6246,42.3189,0.0,0.0,0.128
498,melhoria,3,21,493.2398,428.6246,42.3189,0.0,0.0,0.176
498,melhoria,1,22,492.3985,428.6246,42.3189,0.0,0.0,0.183
498,melhoria,3,25,492.3213,428.6246,42.3189,0.0,0.0,0.204
498,saida,0,30,492.3213,428.6246,42.3189,0.0,0.0,0.264
498,entrada,0,0,492.3213,428.6246,42.3189,0.0,0.0,0.0
498,saida,0,5,492.3213,428.6246,42.3189,0.0,0.0,0.061
498,entrada,0,0,492.3213,428.6246,42.3189,0.0,0.0,0.0
498,saida,0,5,492.3213,428.6246,42.3189,0.0,0.0,0.061
499,entrada,0,0,8055.2326,481.0003,4374.7782,3173.9773,0.0,0.0
499,melhoria,1,1,567.9754,540.35,0.0,0.0,0.0,0.001
499,melhoria,1,2,567.697,539.6634,0.0,0.0,0.0,0.001
499,melhoria,1,3,567.3633,539.6634,0.0,0.0,0.0,0.006
499,melhoria,1,4,533.0874,483.5184,21.1594,0.0,0.0,0.013
499,melhoria,1,5,531.59,483.5184,21.1594,0.0,0.0,0.015
499,melhoria,1,6,450.4688,425.1918,0.0,0.0,0.0,0.016
499,melhoria,1,7,449.5355,425.1918,0.0,0.0,0.0,0.023
499,melhoria,3,10,449.4437,425.1918,0.0,0.0,0.0,0.071
499,saida,0,15,449.4437,425.1918,0.0,0.0,0.0,0.132
499,entrada,0,0,449.4437,425.1918,0.0,0.0,0.0,0.0
499,saida,0,5,449.4437,425.1918,0.0,0.0,0.0,0.058
499,entrada,0,0,449.4437,425.1918,0.0,0.0,0.0,0.0
499,saida,0,5,449.4437,425.1918,0.0,0.0,0.0,0.062
499,entrada,0,0,449.4437,425.1918,0.0,0.0,0.0,0.0
499,saida,0,5,449.4437,425.1918,0.0,0.0,0.0,0.065
501,entrada,0,0,11094.9033,532.6012,6543.0222,3987.7133,0.0,0.0
501,melhoria,1,1,9396.3035,587.0676,5743.9625,3031.5735,0.0,0.0
501,melhoria,1,2,9393.5035,587.0676,5743.9625,3031.5735,0.0,0.0
501,melhoria,1,3,9391.9936,587.0676,5743.9625,3031.5735,0.0,0.001
501,melhoria,1,4,9390.7035,587.0676,5743.9625,3031.5735,0.0,0.002
501,melhoria,1,5,9390.6823,587.0676,5743.9625,3031.5735,0.0,0.007
501,melhoria,3,8,9390.6277,587.0676,5743.9625,3031.5735,0.0,0.021
501,melhoria,1,9,3706.4225,537.8784,3143.0466,0.0,0.0,0.026
501,melhoria,1,10,2029.283,538.4276,1467.0337,0.0,0.0,0.027
501,melhoria,1,11,587.9601,538.4276,21.1594,0.0,0.0,0.029
501,melhoria,3,14,587.6692,538.4276,21.1594,0.0,0.0,0.052
501,melhoria,1,15,586.7314,538.4276,21.1594,0.0,0.0,0.056
501,melhoria,3,18,565.863,538.4276,0.0,0.0,0.0,0.066
501,melhoria,1,19,565.8536,538.4276,0.0,0.0,0.0,0.072
501,melhoria,3,22,565.7991,538.4276,0.0,0.0,0.0,0.112
501,saida,0,27,565.7991,538.4276,0.0,0.0,0.0,0.186
501,entrada,0,0,565.7991,538.4276,0.0,0.0,0.0,0.0
501,melhoria,1,1,562.4847,538.4276,0.0,0.0,0.0,0.007
501,melhoria,4,5,560.2695,536.2307,0.0,0.0,0.0,0.08
501,melhoria,3,8,560.0862,536.2307,0.0,0.0,0.0,0.093
501,saida,0,13,560.0862,536.2307,0.0,0.0,0.0,0.162
502,entrada,0,0,9999.9182,597.2039,5204.5239,4166.8354,0.0,0.0
502,melhoria,1,1,9579.7043,593.6702,5184.1056,3771.0631,0.0,0.003
502,melhoria,1,2,9578.771,593.6702,5184.1056,3771.0631,0.0,0.007
502,melhoria,1,3,9577.2549,593.6702,5184.1056,3771.0631,0.0,0.008
502,melhoria,1,4,9287.7037,593.6702,4894.9307,3771.0631,0.0,0.009
502,melhoria,1,5,9287.121,593.6702,4894.9307,3771.0631,0.0,0.012
502,melhoria,1,6,9117.0785,592.7373,4828.7672,3666.5741,0.0,0.013
502,melhoria,1,7,9116.4958,592.7373,4828.7672,3666.5741,0.0,0.021
502,melhoria,3,10,9116.3827,592.7373,4828.7672,3666.5741,0.0,0.054
502,melhoria,3,13,9116.3262,592.7373,4828.7672,3666.5741,0.0,0.069
502,melhoria,3,16,9116.1346,592.7373,4828.7672,3666.5741,0.0,0.102
502,melhoria,3,19,605.6642,535.3725,42.3189,0.0,0.0,0.121
502,melhoria,3,22,605.4949,535.3725,42.3189,0.0,0.0,0.154
502,melhoria,3,25,605.4836,535.3725,42.3189,0.0,0.0,0.179
502,melhoria,3,28,605.4284,535.3725,42.3189,0.0,0.0,0.217
502,melhoria,3,31,605.3359,535.3725,42.3189,0.0,0.0,0.276
502,melhoria,3,34,605.1526,535.3725,42.3189,0.0,0.0,0.314
502,saida,0,39,605.1526,535.3725,42.3189,0.0,0.0,0.388
502,entrada,0,0,605.1526,535.3725,42.3189,0.0,0.0,0.0
502,saida,0,5,605.1526,535.3725,42.3189,0.0,0.0,0.067
503,entrada,0,0,8057.1925,481.0003,4374.7782,3173.9773,0.0,0.0
503,melhoria,1,1,569.9913,538.9769,0.0,0.0,0.0,0.0
503,melhoria,1,2,567.5909,538.9769,0.0,0.0,0.0,0.003
503,melhoria,1,3,566.078,538.9769,0.0,0.0,0.0,0.003
503,melhoria,1,4,564.5619,538.9769,0.0,0.0,0.0,0.006
503,melhoria,3,7,564.4794,538.9769,0.0,0.0,0.0,0.015
503,melhoria,3,10,564.1619,538.9769,0.0,0.0,0.0,0.036
503,melhoria,3,13,563.9184,538.9769,0.0,0.0,0.0,0.055
503,melhoria,2,15,563.8427,538.9769,0.0,0.0,0.0,0.064
503,melhoria,1,16,563.2393,538.9769,0.0,0.0,0.0,0.07
503,melhoria,3,19,563.094,538.9769,0.0,0.0,0.0,0.088
503,melhoria,3,22,562.9626,538.9769,0.0,0.0,0.0,0.125
503,saida,0,27,562.9626,538.9769,0.0,0.0,0.0,0.189
503,entrada,0,0,562.9626,538.9769,0.0,0.0,0.0,0.0
503,saida,0,5,562.9626,538.9769,0.0,0.0,0.0,0.065
504,entrada,0,0,14911.4832,542.4096,8268.0177,6071.9734,0.0,0.0
504,melhoria,1,1,1804.228,542.4096,1232.5597,0.0,0.0,0.003
504,melhoria,1,2,1392.3308,543.2678,819.878,0.0,0.0,0.004
504,melhoria,1,3,1312.2463,542.4096,739.5516,0.0,0.0,0.01
504,melhoria,1,4,1311.3031,542.4096,739.5516,0.0,0.0,0.013
504,melhoria,2,6,1232.0704,538.9769,663.7702,0.0,0.0,0.02
504,melhoria,1,7,1230.4793,538.9769,663.7702,0.0,0.0,0.021
504,melhoria,1,8,583.7387,541.7231,11.5203,0.0,0.0,0.026
504,melhoria,3,11,569.2021,538.9769,0.0,0.0,0.0,0.034
504,melhoria,1,12,568.7193,540.5216,0.0,0.0,0.0,0.04
504,melhoria,1,13,567.1396,538.9769,0.0,0.0,0.0,0.044
504,melhoria,2,15,564.3705,536.2307,0.0,0.0,0.0,0.052
504,melhoria,3,18,564.2912,536.2307,0.0,0.0,0.0,0.062
504,melhoria,3,21,564.1829,536.2307,0.0,0.0,0.0,0.082
504,melhoria,3,24,563.9481,536.2307,0.0,0.0,0.0,0.1
504,melhoria,3,27,563.7948,536.2307,0.0,0.0,0.0,0.125
504,melhoria,1,28,561.448,536.2307,0.0,0.0,0.0,0.128
504,melhoria,3,31,561.4479,536.2307,0.0,0.0,0.0,0.171
504,melhoria,3,34,561.2706,536.2307,0.0,0.0,0.0,0.195
504,saida,0,39,561.2706,536.2307,0.0,0.0,0.0,0.255
504,entrada,0,0,561.2706,536.2307,0.0,0.0,0.0,0.0
504,saida,0,5,561.2706,536.2307,0.0,0.0,0.0,0.063
